ID,職業名,存在開始時期,起源,存在終了時期,実在,国,スキル名,そのスキルが必須かどうか,資格名,その資格が必須かどうか,会社名,才能名,その才能が必須かどうか,興味・関心,その興味・関心が必須かどうか,職業概要,平均年齢,平均代謝時刻,男性率,平均休日日数,結婚年齢,残業時間,結婚率,年収,平均滞在年,industry
1,パーカッショニスト,1850,パーカッショニストという専門職が確立されたのは、19世紀中頃に西洋のクラシックオーケストラにおいて打楽器セクションが大幅に拡張され、ティンパニだけでなくバスドラム、シンバル、スネアドラムなどが定期的に導入されるようになった時期です。ベルリオーズ、ワーグナー、そして後のチャイコフスキーといった作曲家たちが、多様な打楽器を用いた複雑な楽譜を書くようになり、これにより複数の打楽器を演奏できる専門の音楽家の必要性が高まり、パーカッショニストという独自の職種が確立されました。,,1,不明,"コミュニケーションスキル,リズム感,演奏スキル,楽器の知識,音楽理論","true,true,true,false,false",打楽器演奏技術認定,FALSE,"ヤマハ株式会社,ローランド株式会社,Pearl Corporation,Ludwig Drums","リズム感,継続力,論理的思考力,協調性","true,true,false,false","最新技術への関心,音楽への情熱,リズムへの興味,ステージパフォーマンスへの興味","false,true,true,false",パーカッショニストは、打楽器の演奏を専門とする音楽家です。彼らは様々な種類の打楽器を駆使してリズムを生み出し、音楽の中で重要な役割を果たします。主にオーケストラ、バンド、ソロでの演奏活動を行い、ドラマーと同様にライブパフォーマンスや録音セッションでも活躍します。音楽のジャンルによって使用する楽器の種類が変わるため、幅広い音楽的知識と技術が求められます。さらに、リズム感覚や協調性も重要な要素となります。,,18:00,,,,,,400,5.5,広告・出版・マスコミ・エンタメ業
2,サックスプレイヤー,1846,サクソフォーンがベルギーの楽器製作者アドルフ・サックスによって特許登録された年です。特許取得後、楽器としての認知度が高まり、軍楽隊などでの採用が進んだことで、それを専門に演奏する「サックスプレイヤー」という職業が成立し始めました。,,1,,"コミュニケーションスキル,音楽理論,サクソフォン演奏技術,リズム感覚","false,true,true,true","音楽関連の学位またはディプロマ,サックス演奏グレード試験","false,false","Buffet Crampon,Yanagisawa Wind Instruments Co., Ltd.,Yamaha Corporation","継続力,音楽的表現力,演奏技術,創造力,協調性","true,true,true,false,false","音楽への情熱,自己表現への興味,演奏技術の向上に対する興味","true,true,true",サックスプレイヤーは、サクソフォンを演奏する音楽家です。サクソフォンはジャズ、クラシック、ポップスなど様々な音楽ジャンルで重要な役割を果たす楽器です。サックスプレイヤーは技術的な演奏能力だけでなく、音楽の表現力や創造性を高めるための感性も必要とされます。演奏活動はソロやバンドの一員として行われることが多く、音楽イベントや録音スタジオでの活動も含まれます。また、教職として音楽教育に携わることもあります。,42.5,19:00,75,2,35,5,50,500,10,広告・出版・マスコミ・エンタメ業
3,トランペッター,1350,トランペッターという職業は、14世紀のヨーロッパにおいて明確に確立されました。この時代、トランペット奏者は王族、貴族、都市に雇われた重要な音楽家であり、儀式的な職務、軍事信号、そして音楽演奏のために活動しました。彼らは特権的な地位を享受し、その役割は単純な信号伝達を超えて、より複雑な音楽表現を含むようになり、専門職としての地位を確立していきました。英語の 'trumpeter' という言葉自体も14世紀後半には登場しています。,,1,,"コミュニケーションスキル,音楽理論の知識,演奏技術,音感","false,true,true,false","音楽大学の学位,音楽コンクールの受賞歴","false,false",Bach Stradivarius,"継続力,音楽的感性,協調性,空間認識能力","true,true,false,false","音楽への情熱,演奏することへの関心","true,true",トランペッターは主にトランペットという金管楽器を演奏する音楽家です。クラシック音楽、ジャズ、ポップス、オーケストラやバンドなど、さまざまな音楽ジャンルとサウンドにおいて重要な役割を果たします。演奏のみならず楽譜の読解や音楽理論への理解も必要です。また、演奏技術の向上には日々の練習が不可欠です。,35,18:30,90,2,32,10,50,500,5,広告・出版・マスコミ・エンタメ業
4,校正者,1455,活版印刷術の発明（1440年頃）と普及により、グーテンベルク聖書が完成した1455年頃には、大量生産される書籍の正確性を確保するために校正という専門的な作業が不可欠となり、校正者が職業として確立され始めました。,,1,,"コミュニケーションスキル,言語精度,注意深さ,知識の更新能力,SQL","true,true,true,false,false",,FALSE,"株式会社 新潮社,株式会社 文藝春秋,株式会社 集英社","論理的思考力,細部への注意力,優れた言語能力,継続力","true,true,true,false","文法に対する注意力,言語に対する興味,読解力","true,true,false",校正者は、文章や出版物に含まれる誤字脱字や文法ミス、レイアウトの不備などをチェックし、修正する職業です。印刷前の最終確認として重要な役割を果たし、文書の質を高めるために注意深く作業を行います。語学能力が求められることが多く、細部へのこだわりや集中力も重要です。,41.5,18:30,36.9,2,31,10.5,45,450,5.2,広告・出版・マスコミ・エンタメ業
5,ミュージカル俳優,1866,ミュージカル俳優という職業は、舞台上で歌、ダンス、演技を通して物語を表現するアーティストと定義されています。この定義に合致する初期の舞台作品として、1866年にニューヨークで初演された「The Black Crook（ブラック・クルック）」が挙げられます。これは、メロドラマに歌、ダンス、そして大規模なバレエ団を組み合わせた作品で、現代のミュージカルの原型の一つとされています。この作品の成功により、歌唱、演技、そして身体表現を統合して物語を伝えることができる演者の需要が生まれ、ミュージカル俳優という専門職が誕生するきっかけとなりました。,,1,,"コミュニケーションスキル,演技力,歌唱力,ダンススキル,身体表現能力,台本記憶力","true,true,true,true,true,true","俳優養成所修了証,ダンスや声楽の認定証","false,false","劇団四季,東宝芸能,ホリプロ・ミュージカルアカデミー","継続力,演技力,歌唱力,ダンス能力,舞台対応力","true,true,true,false,false","演技への情熱,歌唱への興味,ダンスへの関心,舞台芸術への理解,チームワークへの興味,最新技術への関心","true,true,true,false,false,false",ミュージカル俳優は、舞台上で歌、ダンス、演技を通して物語を表現するアーティストです。彼らは通常、多様なスキルセット、特に声楽、ダンス、演技の技術を必要とし、複雑な舞台パフォーマンスをこなします。ミュージカル俳優は劇場での公演を主要な活動の場としており、リハーサルや公演のために長時間の練習やトレーニングが求められます。観客に感情を伝える能力が重要で、表現力豊かなパフォーマンスを披露することが求められます。,,18:00,,,,,,400,5.2,広告・出版・マスコミ・エンタメ業
6,スポーツ審判員,776,古代オリンピックの開始時期に遡ります。紀元前776年に始まったとされる古代オリンピックでは、「ヘラノディカイ」（Hellanodikai）と呼ばれる審判員が存在し、競技のルールを監督し、公正な運営を確保する役割を担っていました。彼らは現代のスポーツ審判員と同様に、競技の進行中にルール違反を判定し、勝者を決定していました。,,1,,"コミュニケーションスキル,ルール知識,観察力,判断力,フィジカルフィットネス","true,true,true,true,false",スポーツ審判資格,TRUE,"国際サッカー連盟（FIFA）,日本プロサッカーリーグ（Jリーグ）,メジャーリーグベースボール（MLB）,全日本柔道連盟,バスケットボール・アソシエーション（NBA）","論理的思考力,判断力,継続力,公平さ","true,true,false,true","スポーツルールへの関心,公平な判定への関心,ゲームの流れやプレイスタイルへの興味,コミュニケーションスキルへの興味","true,true,false,false",スポーツ審判員は、競技のルールを監督し、公正な試合運営を確保する役割を担っています。彼らは試合の進行中にルール違反を判定し、必要に応じてペナルティを課します。審判員は特定のスポーツに特化しており、そのスポーツの規則や流れに精通しています。正確な判断力と高い集中力が求められ、多くの場合、試合の結果に直接影響を与えるため、公正さと誠実さが重要な特性です。,42.1,20:00,85.3,1.5,34.5,25.2,45.8,600,8.2,スポーツ・レジャー・イベント業
7,ディスプレイデザイナー,1900,20世紀初頭、欧米における百貨店や大規模店舗の急増に伴い、商品の魅力を最大限に引き出すための専門的なディスプレイ技術と空間デザインが求められるようになりました。これにより、従来の店員が行っていた陳列作業から独立し、店舗や展示会の空間設計を専門とする「ディスプレイデザイナー」という職種が確立され始めました。,,1,,"コミュニケーションスキル,Adobe Creative Suite,UX/UI design principles,3D modeling,Typography","true,true,true,false,false",基本情報技術者試験,FALSE,"トヨタ自動車,シャープ,ソニー,パナソニック","美的センス,論理的思考力,継続力,ソフトウェアスキル（特にCADやAdobe製品）,コミュニケーション能力","true,false,false,true,false","視覚芸術への興味,最新技術への関心,空間デザインへの興味","true,false,true",ディスプレイデザイナーは、商品の魅力を引き立てるために店舗や展示会などの空間をデザインする職業です。彼らは商品プレゼンテーションの方法を考え、店舗のディスプレイやイベントの展示ブースを設計します。この職業には、店舗のテーマに基づいた装飾や照明、レイアウトの構造化が求められます。クリエイティブな視点や細部への注意力、空間デザインに関する知識が必要です。,32,19:30,60,2,31,15,45,550,4.5,デザイン・アート・クリエイティブ業
8,映画バイヤー,1905,映画バイヤーの役割は、映画が映画館にレンタルされる形式が確立された時期に始まりました。20世紀初頭、映画製作会社が映画プリントを直接販売するのではなく、独立した「フィルム交換業者」（映画配給会社や貸し出し業者）が映画製作者から作品を購入し、それを各地の映画館にレンタルするビジネスモデルが台頭しました。このビジネスモデルは1905年頃には確立され、交換業者は観客の好みや市場のトレンドを考慮して上映する映画を選定し、購入する必要が生じました。これが、現代の映画バイヤーの職務の基礎を築いたと言えます。,,1,,"コミュニケーションスキル,市場調査と分析,交渉スキル","true,true,true","映画産業認定,マーケティング資格,映画スタディーズ資格","false,false,false","東映,松竹,東宝,ギャガ,ショウゲート","論理的思考力,継続力,映画業界への深い理解,トレンド分析能力,交渉力","false,false,true,true,false","最新技術への関心,映画への情熱","false,true",映画バイヤーは、映画館や配信サービス等のメディアに映画を提供する役割を担います。彼らは世界中の映画祭や市場で映画を選定し、ライセンス交渉を通じてこれらの映画を自社に提供します。映画の選定には、視聴者の好み、市場のトレンド、費用対効果など様々な要素が考慮されます。プロモーションやマーケティングの戦略立案にも関与することがあります。,39.1,19:00,81.8,1.9,32.2,18.5,38.6,620,5.8,広告・出版・マスコミ・エンタメ業
9,舞台機構調整技能士,1953,舞台機構調整技能士が担当する業務内容は、コンサートホールや劇場、テレビスタジオなどで使用される舞台装置、照明、音響などの技術的な設置、操作、保守といった広範な舞台技術の専門分野に属します。これらの専門技術を持つ職種が日本において明確に確立され、専門職として組織化されたのは、1953年に日本舞台技術者協会が設立されたことが大きな節目とされています。この協会の設立は、舞台技術者が一つの専門職集団として認識され、技術向上と専門性の確立を目指す動きがあったことを示しています。技能士制度としての「舞台機構調整技能士」の資格自体は1989年に創設されましたが、その基盤となる専門職としての舞台技術者は1953年にはすでに存在し、その専門性を深めていました。,,1,日本,"舞台設営技術,音響技術,コミュニケーションスキル,照明技術,舞台管理スキル","true,true,true,false,false",舞台機構調整技能士資格,TRUE,"株式会社宝塚舞台,松竹株式会社,東宝株式会社,トヨタ自動車","論理的思考力,技術的知識とスキル,継続力,スムーズなコミュニケーション能力,チームワーク","true,true,false,true,false","最新技術への関心,舞台芸術への興味,機械操作やメカニズムへの興味","false,true,true",舞台機構調整技能士は、コンサートホールや劇場、テレビスタジオなどで使用される舞台装置の設置、操作、保守を行う専門職です。具体的な仕事には、照明機材の設置や調整、舞台装置の組み立て、音響機器の操作、舞台設備のメンテナンスが含まれます。この職業は、舞台芸術やイベントの成功に欠かせない重要な役割を果たします。技術的な知識と実務経験が求められ、問題発生時の迅速な対応能力も必要です。,32,19:30,85,2,31,15,45,550,4.5,広告・出版・マスコミ・エンタメ業
10,ローディー,1965,1960年代半ば、ビートルズやローリング・ストーンズなどのバンドによる大規模なロックコンサートと世界ツアーが爆発的に増加しました。この時期、アンプ、PAシステム、照明機材など、音楽機材の規模と複雑さが急速に増大し、ミュージシャン自身がすべての運搬、設置、メンテナンスを行うことが困難になりました。このため、ツアーを成功させるためには、当初は様々な名称で呼ばれながらも、現在のローディーの役割を担う専門のサポートスタッフが不可欠となり、その職務が専門職として確立され始めたのがこの時期とされています。,,1,,"コミュニケーションスキル,機材の基本的な扱い方,体力と持久力,時間管理スキル","true,true,true,false","運転免許,フォークリフト運転技能者","true,false","斎久工業株式会社,アルモント株式会社","継続力,コミュニケーション能力,体力,機材知識","true,true,true,false","音楽への情熱,体力,最新技術への関心","true,true,false",ローディーとは、音楽業界で楽器や音響機材の運搬、設置、調整などを行うサポートスタッフのことです。バンドやアーティストのコンサートやツアーに同行し、ステージの準備や撤収、機材の保守管理などを担当します。,32,19:30,85,2,31,15,45,550,4.5,広告・出版・マスコミ・エンタメ業
11,マニピュレーター,1923,現代的な意味での「マニピュレーター」の職業は、心理学とコミュニケーションの専門知識を体系的に応用して他者の行動や信念を操作する役割として、20世紀初頭にその基盤が確立されました。特にエドワード・バーネイズが「広報」という概念を創出し、その手法を理論化したことが大きいとされます。彼の著書『世論の結晶化（Crystallizing Public Opinion）』が1923年に出版され、世論を「エンジニアリング（操作）」する科学的なアプローチを提唱しました。これは、広告、政治戦略、交渉などの分野で、心理学的洞察を用いて公衆の意見や行動を意図的に形成する専門職の誕生を象徴しています。,,1,,"コミュニケーションスキル,制御システムの知識,力学の知識","true,true,true","あん摩マッサージ指圧師免許,柔道整復師免許","true,false","トヨタ自動車,三菱電機","継続力,論理的思考力,高い技術スキル","true,false,true","道具や物体の操作,手先の器用さ,最新技術への関心,創造力","true,true,false,false",マニピュレーターは、特定の専門知識を持ち、その知識を利用して他者の行動や信念を巧妙に操る人物を指します。一般的には、心理学やコミュニケーションに関する深い理解が求められます。実務には、交渉、広告、政治戦略などの分野が含まれることがありますが、倫理的な問題を伴うこともあります。,38,19:30,70,2,32,25,60,700,10,広告・出版・マスコミ・エンタメ業
12,ニュースキャスター,1949,ニュースキャスターという職業が明確に確立されたのは、テレビ放送の発展と密接に関連しています。特に、1949年にアメリカのNBCで放送が開始された「Camel News Caravan」は、ジョン・キャメロン・スウェイジーが単独でニュースを伝える形式を確立し、現代のニュースキャスター像の原型を作ったとされています。これにより、ニュースの原稿を読むだけでなく、番組全体の顔としてニュースを伝える専門職としての「ニュースキャスター」が誕生しました。それ以前にもラジオなどでニュースを読むアナウンサーはいましたが、テレビにおける視覚的な役割と、一貫して番組を率いる中心人物としての役割がこの時期に明確になりました。,,1,,"コミュニケーションスキル,ライティングスキル,プレゼンテーションスキル,リサーチスキル,タイムマネジメントスキル","true,true,true,false,false","放送大学の資格,アナウンサー技能審査試験","false,false","NHK,日本テレビ,TBSテレビ,フジテレビ,テレビ朝日","論理的思考力,継続力,コミュニケーション能力,柔軟な思考,ストレス耐性","true,false,true,false,false","最新技術への関心,コミュニケーション能力","false,true",ニュースキャスターとは、テレビやラジオのニュース番組でニュースを伝える役割を担うアナウンサーのことです。ニュースの原稿を読み上げるだけでなく、時には現場からのリポートやインタビューも行います。発音や表現力が求められ、正確で迅速なニュース報道が求められます。,45.2,19:00,70,2,33.5,10.5,55,900,8.2,広告・出版・マスコミ・エンタメ業
13,ボーカリスト,2500,メソポタミア文明のシュメールにおいて、神殿や王宮で儀式や娯楽のために歌唱を行う専門の職務としてのボーカリストが存在した証拠が、ウル（Ur）の王墓などからの考古学的発見や当時の文書に見られます。これらの記録は、歌唱が単なる趣味ではなく、専門的なスキルを持つ者によって行われる職業であったことを示唆しています。,,1,,"コミュニケーションスキル,音楽的知識,声楽技術,表現力,エンターテイメント性","true,true,true,false,false","音楽専門学校のボーカルコース卒業証書,音楽プロダクションのオーディション合格証","false,false","Avex Group,Sony Music Entertainment Japan,Universal Music Japan","継続力,歌唱力,表現力,ステージプレゼンス","true,true,false,false","音楽への情熱,人前で歌うことへの興味,声楽技術の向上への興味","true,true,false",ボーカリストは、音楽の歌唱部分を担当する職業です。主に楽曲やライブパフォーマンスでの歌唱を通じて、聴衆に感動を与える役割を担います。歌唱技術だけでなく、表現力やパフォーマンススキルも必要です。自身の声を楽器として使い、ジャンルに応じた様々なスタイルでの歌唱が求められます。スタジオでの録音やステージでの演奏など、活動の場は多岐にわたります。,32,19:30,85,2,31,15,45,550,4.5,広告・出版・マスコミ・エンタメ業
14,小説家,1700,18世紀初頭、出版技術の進歩と読者層の拡大により、小説が主要な文学ジャンルとして確立し、商業的な出版システムが発展したことで、小説執筆で生計を立てる「職業としての小説家」が登場し始めました。この時期にダニエル・デフォーやサミュエル・リチャードソンといった作家が活躍しました。,,1,,"コミュニケーションスキル,Creativity,Storytelling,Literary Techniques,Python,SQL","false,true,true,true,false,false","文学修士号,出版業界での経験","false,false","集英社,講談社,文藝春秋","継続力,創造力,文章表現力,独自の視点,論理的思考力","true,true,true,false,false","文学への情熱,ストーリーテリング,最新技術への関心","true,true,false",小説家はフィクションの書き手で、自分の想像力や創造力を駆使して物語を作り上げます。作品は長編小説から短編集、あるいはジャンル小説や文学小説まで多岐にわたります。ユニークなアイデアを形にして、言葉を選び、テーマやキャラクターを巧みに描き出す力が求められます。また、出版社とのやりとりや出版プロセスへの理解も重要です。,,18:00,,,,,,650,12.5,広告・出版・マスコミ・エンタメ業
15,メイクセラピスト,1980,メイクセラピストという職業は、美容と心理学を組み合わせた専門職として定義されています。この概念の起源として、1980年に資生堂が開始した「メイクアップセラピー」が挙げられます。これは、やけどやあざ、病気などによって顔に悩みを持つ人々の心理的な回復と社会復帰を支援するために、化粧を通じて外見の変化だけでなく、内面的な自信や心の安定を提供することを目的とした活動でした。この取り組みが、メイクセラピストの職務内容の根幹をなす「化粧を通じた心理的支援」の始まりであるとされています。,,1,,"コミュニケーションスキル,心理学,美容技術,色彩学,カウンセリングスキル","true,true,true,false,true",メイクセラピスト資格,FALSE,"長谷川病院,日本メンタルヘルス講師会","共感力,美容知識,継続力,コミュニケーション能力,芸術的センス","true,true,false,true,false","心理学に対する興味,美容と健康に対する関心,最新技術への関心","true,true,false",メイクセラピストは、美容と心理学を組み合わせた専門職で、化粧やメイクアップを通じて顧客の心と体を整え、リフレッシュさせることを目的としています。メイクセラピストは、化粧品やスキンケア商品の使用方法を顧客に説明しながら、外見の変化を通じて心理的な安定感と自信を提供します。また、顧客の悩みやストレスを聴き、それに合ったメイクアップのアドバイスを行うことで、内面的な悩みの解消も目指します。,32,19:30,15,2,31,15,45,550,4.5,家事・個人サービス業（家政・美容・清掃など）
16,アシスタントテレビディレクター,1950,アシスタントテレビディレクターの職務は、テレビ放送の商業的拡大と番組制作の複雑化に伴い登場しました。第二次世界大戦後、特に1950年代に入ると、アメリカを中心にテレビが急速に普及し、より多様で大規模な番組（ドラマ、バラエティ、ニュースなど）が制作されるようになりました。初期のテレビ制作は小規模でシンプルなものが多かったため、ディレクターがほとんどの業務を兼任していましたが、番組制作が複雑化するにつれて、撮影スケジュールの管理、セットアップの準備、出演者やスタッフの調整といったロジスティックな側面を補佐する専門職の必要性が高まりました。映画業界で確立されていたアシスタントディレクターの役割が、テレビ制作にも導入され、この時期に正式な職種として確立されたと考えられます。,,1,,"コミュニケーションスキル,映像編集の知識,スケジュール管理能力,ストーリーテリングの理解,ディレクションスキル","true,false,true,false,true",,FALSE,"日本放送協会 (NHK),日本テレビ放送網,テレビ朝日,TBSテレビ,フジテレビジョン","論理的思考力,継続力,クリエイティビティ,コミュニケーション能力,プレッシャーへの耐性","true,false,true,true,false","最新技術への関心,ストーリーテリングの興味","true,true",アシスタントテレビディレクターは、テレビ番組の製作に関わるディレクターを補佐する役割を担います。具体的な業務内容には、撮影日のスケジュール管理、撮影現場での機材やセットアップの準備、出演者やスタッフとの調整、台本の管理などがあります。アシスタントの役割は多岐にわたり、チーム内で効率的にコミュニケーションを取りながら、番組制作をスムーズに進める重要なポジションです。クリエイティブな感性と柔軟な対応力が求められます。,32,19:30,85,1.5,31,25,45,450,4.5,広告・出版・マスコミ・エンタメ業
17,テレビディレクター,1936,テレビディレクターという職業は、定期的なテレビ放送が開始され、番組制作が本格化した時期に誕生しました。世界初の定期的高精細テレビ放送は、1936年11月2日にイギリスのBBCによって開始されました。この時期には、生放送や初期の番組制作を統括し、クリエイティブなビジョンを具現化する「ディレクター」の役割が不可欠となり、その職務が確立されました。,,1,,"コミュニケーションスキル,クリエイティブな思考,プロジェクト管理,チームワーク","true,true,false,true","放送業界の経験,クリエイティブなポートフォリオ","true,false","NHK,日本テレビ,TBS,フジテレビ,テレビ朝日","論理的思考力,クリエイティビティ,コミュニケーション能力,問題解決能力,継続力","false,true,true,true,false","最新技術への関心,テレビ業界への情熱,コミュニケーション能力","false,true,true",テレビディレクターは、テレビ番組の制作において指揮を執る役割を担い、番組のコンセプト開発、脚本作成、撮影計画の策定、キャストやスタッフの選定、撮影および編集など、全体のプロセスを管理し、番組の完成に導く仕事です。クリエイティブなビジョンを具現化し、視聴者に届けるための責任を持ちます。,32,19:30,85,2,31,15,45,550,4.5,広告・出版・マスコミ・エンタメ業
18,編集者,1731,「編集者」という専門職が、書籍、雑誌、ウェブコンテンツなどの情報媒体の内容を企画し、執筆、校正、及び出版に関与するという現代的な意味合いで確立されたのは、定期刊行物の出現と密接に関係しています。特に、1731年にイギリスでエドワード・ケイヴが創刊した「ジェントルマンズ・マガジン」は、現代の雑誌の原型とされ、ケイヴ自身が記事のテーマを決定し、様々な寄稿者からの原稿を企画・選定・編集し、読者にとって魅力的で正確な情報を提供する役割を担いました。この役割は、ご提示いただいた「編集者」の定義に合致する専門職の具体的な始まりとして適切です。,,1,,"コミュニケーションスキル,SQL,文章校正スキル,リサーチスキル,著作権法律知識","true,false,true,true,false","校正技能テスト（日本エディタースクール）,DTPエキスパート認証試験","false,false","講談社,集英社,小学館","論理的思考力,継続力,コミュニケーション能力,文章の編集スキル,クリエイティブな発想力","true,true,true,true,false","最新技術への関心,データ分析,言語と文法への興味","false,false,true",編集者とは、書籍、雑誌、ウェブコンテンツなどの情報媒体の内容を企画し、執筆、校正、及び出版に関与する専門職です。編集者は記事のテーマを決定し、ライターやデザイナーと協力してコンテンツを作り上げます。また、原稿のチェックや修正、事実確認を行い、読者にとって魅力的で正確な情報を提供する役割を担います。,41,19:48,63.5,1.8,33.4,22.6,53.3,539,7.1,広告・出版・マスコミ・エンタメ業
19,フラワーデザイナー,1845,近代的な「フラワーデザイナー」（広義のフローリスト）という職業の明確な始まりは、1845年にアメリカ合衆国ペンシルバニア州フィラデルフィアで、P.S. Randolphが最初の専門的な花屋を開業したこととされています。この時期から、花を専門的に扱い、美しいアレンジメントやデザインを提供することを生業とする職業が確立されていきました。それ以前にも花を使った装飾は存在しましたが、商業的なサービスとして体系化され、専門の店舗が生まれたのがこの頃です。,,1,,"コミュニケーションスキル,色彩感覚,デザインのセンス,フラワーアレンジメント技術","true,true,false,true",フラワー装飾技能士,FALSE,"ニコライ バーグマン,青山フラワーマーケット,日比谷花壇","論理的思考力,継続力,美的センス,手先の器用さ,コミュニケーション能力","false,false,true,true,false","クリエイティブデザインへの関心,植物や自然への関心,色彩感覚,手先の器用さ,最新技術への関心","true,true,true,false,false",フラワーデザイナーは、花や植物を使って美しいアレンジメントやデザインを作成する専門職です。結婚式、イベント、葬儀、店舗装飾など様々なシーンで活躍します。色彩センスや創造力、植物に関する知識が求められ、顧客の要望に応じたカスタムメイドのデザインを提供します。,32,19:30,85,2,31,15,45,550,4.5,デザイン・アート・クリエイティブ業
20,プロ野球選手,1869,1869年にシンシナティ・レッドストッキングスが世界初の全選手を公然とプロ契約した野球チームとして発足し、選手が野球を職業として生活する「プロ野球選手」という職種が確立しました。,,1,アメリカ,"バッティング技術,投球技術,守備技術,走塁技術,コミュニケーションスキル,身体能力,戦術理解","true,true,true,false,true,true,true","野球技能検定,アスリート栄養学検定,スポーツトレーナー資格","false,false,false","読売ジャイアンツ,阪神タイガース,福岡ソフトバンクホークス,広島東洋カープ,中日ドラゴンズ","運動能力,継続力,メンタルタoughness,反射神経,チームワーク","true,true,true,false,false","最新技術への関心,フィジカルフィットネスへの関心,競争心","false,true,true",プロ野球選手とは、野球が職業であるアスリートのことで、プロの野球リーグでチームに所属し、公式試合でプレーします。彼らはトレーニングや試合を通じて身体能力を高め、他の選手と競い合います。プロ野球選手は、試合のパフォーマンスや人気に応じて給与や契約が異なり、日本の場合、NPB（日本野球機構）においてプレーすることが主流です。,29,19:00,99.9,1,26,10,70,3500,7.5,スポーツ・レジャー・イベント業
21,ゲームクリエイター,1972,「ゲームクリエイター」という職業は、ゲームが商業製品として世に出始め、その企画、開発、設計に特化した役割が明確化された時期に誕生したと考えられます。1972年は、世界初の家庭用ゲーム機「Magnavox Odyssey」が発売された年であり、その生みの親であるラルフ・ベアは、コンソールだけでなく、その上で遊ぶ複数のゲームのコンセプトやメカニクスを設計しました。また、同年にはアタリが「Pong」をリリースし、ビデオゲームが商業的に大きな成功を収めるきっかけとなりました。これらの出来事により、単なる技術的なプログラミングやエンジニアリングを超えて、ゲームの全体的な体験を形作る「ゲームクリエイター」という専門職の基礎が築かれたと言えます。,,1,,"ゲームデザイン,Python,C++,コミュニケーションスキル,グラフィックデザイン,UI/UXデザイン","true,false,true,true,false,false",ゲームクリエイター能力試験,FALSE,"任天堂,ソニー・インタラクティブエンタテインメント,スクウェア・エニックス,カプコン,コナミデジタルエンタテインメント,セガ","論理的思考力,継続力,創造力,コミュニケーション能力","true,true,true,false","最新技術への関心,ゲームデザインへの興味,データ分析","true,true,false",ゲームクリエイターは、ゲームの企画や開発、設計を行う職業です。ストーリーの構築、キャラクターデザイン、ゲームメカニクスの設定、ビジュアルや音楽の選択など、ゲームの全体的なコンセプトを形作る役割を担います。プログラマーやデザイナー、プロデューサーと連携してプロジェクトを推進し、プレイヤーに楽しさを提供することを目指します。技術的な知識に加え、クリエイティブな感性やチームでのコミュニケーション能力が求められる職業です。,32,19:30,85,2,31,15,45,550,4.5,情報通信業（IT・ソフトウェア・通信）
22,漫画原作者,1966,漫画原作者という職業は、1960年代に週刊少年誌の隆盛と共に確立されました。特に、1966年に連載を開始した大ヒット作『巨人の星』（原作：梶原一騎、作画：川崎のぼる）は、ストーリーと作画の分業体制を明確にし、漫画原作者という専門職の存在を世に知らしめ、その後の業界に大きな影響を与えました。梶原一騎は、漫画原作者として多数のヒット作を生み出し、この職業の基盤を築きました。,,1,,"コミュニケーションスキル,創造力,ストーリーテリング,キャラクター設定","false,true,true,true",,FALSE,"集英社,講談社,小学館","論理的思考力,継続力,創造力,ストーリー構成力","false,false,true,true","ストーリーテリング,キャラクター開発,創造性,文化への関心,社会問題への関心","true,true,true,false,false",漫画原作者は、漫画のストーリーやキャラクターを考案し、台詞やシーンを作成する職業です。漫画家と組んで作品を制作することが一般的で、マンガの土台となるプロットやシナリオを提供します。ストーリー性だけでなく、キャラクターの個性や関係性、物語のテーマなど幅広い要素を考慮しながら、読者を引き込む魅力あるコンテンツを生み出す役割を担います。,46.2,19:30,89.2,1.5,31.6,40.5,45.2,620,12.3,広告・出版・マスコミ・エンタメ業
23,ファッションデザイナー,1858,ファッションデザイナーという職業の現代的な概念は、しばしば「オートクチュールの父」と呼ばれるチャールズ・フレデリック・ワースが、1858年にパリで自身のクチュールハウスを開業したことに始まるとされています。彼は顧客の要望に応じるだけでなく、自らのデザインを提案し、ファッションのトレンドを主導する役割を確立しました。これにより、単なる仕立て屋やドレスメーカーから、創造性をもって流行を創り出す専門職としてのファッションデザイナーが誕生したと考えられます。,,1,,"コミュニケーションスキル,ファッションデザインソフトウェアの操作,色彩感覚,クリエイティブな発想力,トレンド分析能力","true,true,false,true,false","ファッションデザインディプロマ,服飾関連学位","false,false","ユニクロ,ワールド,オンワード樫山,東京スタイル,東レ","創造力,継続力,トレンド感覚,論理的思考力","true,false,true,false","最新技術への関心,ファッションへの情熱","false,true",ファッションデザイナーは、衣服やアクセサリーのデザインを行う職業です。市場のトレンドを研究し、コンセプトやアイデアを練り、それを具体的なデザインとして描き出します。さらに、生地の選定やサンプル作成、最終的な製品化に至るまでのプロセスを管理します。クリエイティブなセンスとトレンドの把握が求められる仕事で、しばしばコレクションやショーのために作品を発表します。,33,19:00,40,2,30,10,50,450,5,繊維・衣服・皮革製造業
24,童話作家,1835,近代的な童話作家という職業が確立されたのは、19世紀に入ってからです。特にデンマークのハンス・クリスチャン・アンデルセンは、子供向けの独創的な物語を創作し、それを主要な生業とすることで、童話作家の概念を確立した先駆者の一人です。彼の最初の童話集『子供向け童話集（Eventyr fortalte for Børn）』が1835年に出版されたことが、この職業の始まりを示す重要な出来事とされています。,,1,,"コミュニケーションスキル,創造力,文章力,語彙力","false,true,true,false","文学学士号,クリエイティブライティングコース修了証","false,false","ポプラ社,岩崎書店,フレーベル館","継続力,創造力,物語構築能力,文学的センス","false,true,true,false","ストーリーテリング,創造性,子どもへの関心","true,true,false",童話作家は、子供向けの物語を創作する職業です。主に子供たちの想像力を刺激し、教育的、娯楽的要素を含んだストーリーを書きます。物語は一般的に、動物や空想上のキャラクター、魔法などを登場させ、読み手を魅了する内容になります。創作した作品は、本や絵本として出版されることが多く、作家は出版社と契約を結ぶこともあります。,53,17:15,72,2,32,8,65,700,10.5,広告・出版・マスコミ・エンタメ業
25,書道家,806,日本において、書道が単なる実用的な文字ではなく、芸術としての地位を確立し、専門の技術を駆使して作品を創作する「書道家」という存在が明確になったのは、平安時代初期と考えられます。特に、空海（774-835）が806年に唐から帰国し、高度な書道の知識と技術をもたらしたことで、書道は新たな発展を遂げ、彼の書は「三筆」の一つとして称えられました。この時期から、書は個人の表現手段であり、専門的な技術と知識を要する芸術活動として認識され、後の書道家の礎が築かれたと言えます。,,1,,"コミュニケーションスキル,筆遣い技巧,美的感覚,作品審美眼","false,true,true,false",書道師範,TRUE,"長谷川先生の書道教室,冷泉為恭の書道,日本書道美術館,日本書道学院","継続力,芸術的感性,集中力,視覚的美意識,歴史や伝統への理解","true,true,true,false,false","芸術への興味,最新技術への関心","true,false",書道家は、書道の技術を駆使して作品を創作し、指導や展示などの活動を行う職業です。日本の伝統文化である書道を通じて、美しい文字や表現を追求し、多くの場合、美術館やギャラリーにおいて作品を展示したり、公演やワークショップを通じてその技術を広めたりします。また、書道の歴史や文化に関する知識も必要とされるほか、作品の制作においては独自のスタイルや表現を磨くことが求められます。,32,19:30,85,2,31,15,45,550,4.5,デザイン・アート・クリエイティブ業
26,ビデオ組立工,1946,ビデオ組立工という職業は、電子テレビの大量生産が本格化した時期に遡ります。第二次世界大戦後、アメリカで商用テレビ放送が再開され、テレビ受像機の需要が急増しました。特に1946年には、RCAが戦後初の量産型テレビであるRCA 630TSを発売し、製造ラインでの組立作業が大規模に行われるようになりました。この時期から、ビデオ機器（テレビ）を組み立てる専門職が確立されたと考えられます。,,1,,"手先の器用さ,コミュニケーションスキル,ビデオ編集ソフトウェアの操作スキル","true,false,true","産業技能士の資格,安全衛生教育修了証","false,true","ソニー株式会社,パナソニック株式会社,シャープ株式会社","継続力,技術的な理解力,手先の器用さ,細部への注意力,チームワーク能力","true,true,true,false,false","最新技術への関心,機械工学への興味","false,true",ビデオ組立工は、ビデオ機器や関連機器を組み立てる専門職です。作業は、電気部品や機械部品を正確に組み合わせて、機器が正常に作動するように組み立てることに含まれます。この職種には、高度な技術能力と精密さが求められており、時には設計図や技術仕様に基づいて作業を行う必要があります。また、製造ラインでの作業が一般的で、チームで協力して効率よく生産を進めることが求められます。,42.1,17:30,95.8,1.9,30.5,8.5,45.2,390,10.2,電気・電子・半導体製造業
27,絵本作家,1845,現代の絵本の幕開けとされるドイツのハインリッヒ・ホフマンによる『もじゃもじゃペーター』(Der Struwwelpeter)がこの年に出版されました。ホフマンは、自身で物語を企画・執筆し、イラストも手がけたため、現在の絵本作家の概念に合致する初期の重要な例と考えられます。,,1,,"コミュニケーションスキル,創造力,イラストレーションスキル,ストーリーテリング能力","false,true,true,true","文学士号,美術学士号,創作ワークショップの修了証明書","false,false,false","ポプラ社,講談社,福音館書店","創造力,継続力,表現力,共感力,観察力","true,true,true,false,false","創造性,子どもへの興味,物語を語ることへの関心","true,true,false",絵本作家は、子供を対象とした絵本を企画・執筆・イラストを手掛ける職業です。物語のアイデアを考え、子供にも理解できるようにストーリーを構成し、さらにその物語を視覚的に表現するためにイラストを描くことが求められます。題材の選定、文章の作成、イラストの作成まで一貫して行うことができる、クリエイティブで多才な役割です。市場や対象年齢に応じて、テーマや表現方法を工夫することも必要です。出版に関しては、出版社と連携して作品を完成させる場合が多いです。フリーランスで活動する人もいますし、出版社専属で働く場合もあります。,39,18:00,40,2,33,10,50,450,7.5,広告・出版・マスコミ・エンタメ業
28,作詞家,1598,作詞家という職業の明確な起源は、オペラの誕生と密接に関連しています。オペラは16世紀末にイタリアで生まれ、その最初の作品の一つであるジャコポ・ペーリ作曲の『ダフネ』(1598年)の台本は、詩人であるオッタヴィオ・リヌッチーニが担当しました。リヌッチーニは、音楽作品のために歌詞を専門に創作する「台本作家（リブレット作家）」という役割を確立した人物とされており、これが現代の作詞家の原型と考えられます。,,1,,"コミュニケーションスキル,文学的センス,リズム感覚","true,true,true",,FALSE,"ジャニーズ事務所,アミューズ,ソニーミュージックエンタテインメント","継続力,創造性,表現力,感受性,語彙力","false,true,true,false,true","言葉や表現に対する愛着,音楽やリズムへの感受性","true,true",作詞家は、音楽作品の歌詞を創作する職業です。メロディに合わせて詩を作り、リズムや曲のテーマに沿った内容を考える必要があります。詩の内容は感情を伝えたり、物語を構築したりする要素を持つことが多いです。作詞家は、アーティストや音楽プロデューサーと密接に協力し、特定の視聴者の感情に訴えかけるような作品を目指します。クリエイティブで表現力豊かであり、音楽や詩に対する深い理解が求められます。,,18:00,,,,,,600,5.2,広告・出版・マスコミ・エンタメ業
29,レコーディングエンジニア,1925,1925年にウェスタン・エレクトリック社が電気録音方式を開発し、これが主要レコード会社に採用されたことで、録音技術は機械式から電気式へと飛躍的に進化しました。これにより、マイク、アンプ、カッティングレースなどの複雑な電気音響機器の操作と音響調整を専門とする技術者の役割が不可欠となり、現代のレコーディングエンジニアという専門職の基礎が確立されました。,,1,,"音響工学,コミュニケーションスキル,音響編集ソフトウェア,音響機器のメンテナンス能力,音楽制作知識","true,true,true,false,false","Pro Tools認定エキスパート,音響技術者認定試験","false,false","ソニー株式会社,ヤマハ株式会社,ローランド株式会社","音響知識,機材操作技術,継続力,論理的思考力","true,true,false,false","音響技術への興味,最新技術への関心,データ分析","true,true,false",レコーディングエンジニアは、音楽や音声コンテンツを録音・編集する専門職です。音楽スタジオや放送局などで、アーティストや音楽プロデューサーと協力しながら、音源の録音、ミキシング、マスタリングを行います。技術的な知識と優れた音感が求められ、音響機材の操作やソフトウェアの利用に精通していることが重要です。,32,19:30,85,2,31,15,45,550,4.5,広告・出版・マスコミ・エンタメ業
30,放送エンジニア,1920,放送エンジニアという職種は、ラジオの定期的な公共放送が始まったことに伴い誕生しました。世界初の商業ラジオ放送局の一つとされるKDKA（米国ピッツバーグ）が1920年に定期放送を開始した際、番組の音声送出、送信機の運用、スタジオ設備の管理、機器のメンテナンスなどを行う専門の技術者が不可欠でした。この初期のラジオエンジニアの役割が、現在の放送エンジニアの基礎を築きました。テレビ放送が加わることで職務の範囲は映像分野にも拡大しましたが、放送技術者の起源はラジオの黎明期にあります。,,1,,"コミュニケーションスキル,放送技術の知識,音響機器操作スキル,Python,映像編集スキル","true,true,true,false,false",基本情報技術者試験,FALSE,"テレビ朝日,フジテレビ,日本テレビ,TBSテレビ,NHK（日本放送協会）","論理的思考力,継続力,技術的知識,コミュニケーション能力","true,true,true,false","最新技術への関心,データ分析,音響技術,視聴覚装置への興味","true,false,true,true",放送エンジニアは、テレビやラジオの放送局において、音声や映像の送出と管理を担当する職業です。スタジオや制御室での機器の操作、音声・映像のトラブル対応、放送機器のメンテナンスと修理、番組素材の送出準備、そして中継の技術サポートなどを行います。技術の進化に対応するため、新しいシステムや機器の導入、運用方法の改善にも関与します。,41.3,19:21,94.3,2.2,32.2,23.5,65.1,610,9.8,広告・出版・マスコミ・エンタメ業
31,ドラマー,1909,現代のドラマーという職業は、ドラムセットの発展と密接に関連しています。特に、1909年にウィリアム・F・ラディックがフットペダル式バスドラムペダルを実用化・特許取得したことは、一人の奏者が複数の打楽器（バスドラム、スネア、シンバルなど）を同時に演奏することを可能にし、ドラマーという専門職の誕生を決定づけました。これにより、ジャズバンドやダンスオーケストラなどで、一人のドラマーがリズムセクションの主要な役割を担うようになりました。,,1,,"コミュニケーションスキル,リズム感,体力,演奏技術,ジャンルの理解","true,true,true,true,false","ドラム演奏検定,音楽理論検定","false,false","Yamaha Corporation,Roland Corporation","継続力,リズム感,協調性,楽器演奏能力,体力","true,true,false,true,false","リズム感への関心,最新技術への関心","true,false",ドラマーは音楽のバンドやオーケストラで打楽器を演奏する専門家です。通常はドラムセットを使い、リズムとビートを提供します。他の楽器と協調しながら、音楽のタイミングをキープし、アンサンブルの一貫性を保つ役割があります。ライブパフォーマンスやレコーディングで活躍することが多く、ジャンルによって異なるスタイルや技術が求められます。また、リズムの正確さと独自のパフォーマンススタイルが重要です。,32,19:30,85,2,31,15,45,550,4.5,広告・出版・マスコミ・エンタメ業
32,ゲームディレクター,1985,ゲームディレクターという職務が正式に確立され、主要なゲームタイトルで明示的にクレジットされ始めた時期であるためです。特に、1985年に発売された『スーパーマリオブラザーズ』では、手塚卓志が「Director」としてクレジットされており、ゲーム開発プロジェクト全体の指揮、コンセプト作成、デザイン、開発、チーム管理、クリエイティブなビジョンの具現化といった、現代のゲームディレクターが担う役割が明確に存在していました。この時期は、ビデオゲーム開発がより大規模なチームで行われるようになり、専門的なリーダーシップ職の必要性が高まった転換点と言えます。,,1,,"コミュニケーションスキル,プロジェクト管理,ゲームデザイン,リーダーシップ能力,クリエイティブ思考,業界トレンドへの理解","true,true,true,true,false,false","プロジェクトマネジメント資格,ゲームデザイン関連資格,クリエイティブディレクション資格","false,false,false","Microsoft,任天堂","論理的思考力,継続力,創造力,コミュニケーション能力,プロジェクト管理スキル","true,false,true,true,true","最新技術への関心,ゲームデザイン,ストーリーテリング,データ分析,チーム管理","false,true,false,false,true",ゲームディレクターは、ゲーム開発プロジェクト全体を指揮する役職です。ゲームのコンセプト作成、デザイン、開発、マーケティング戦略に至るまで、プロジェクトのあらゆる側面に関与します。開発チームを管理し、クリエイティブなビジョンを効果的に具現化する責任があります。プレイヤーの体験を最大化し、プロジェクトを予定通りに完了させるためのリーダーシップが求められます。,32,19:30,85,2,31,15,45,550,4.5,情報通信業（IT・ソフトウェア・通信）
33,詩人,2285,詩人という職業の最も古い記録は、アッカドの女王エンヘドゥアンナ（紀元前2285-2250年頃）に遡ります。彼女は既知の限り最古の詩人であり、その名前が残された最初期の文学作品（聖歌や詩）を著しました。これは、詩作が個人の役割として認識されていたことを示しています。,,1,,"コミュニケーションスキル,Creativity,Literary Knowledge,Observation,Emotional Intelligence","true,true,false,false,false",,FALSE,"岩波書店,朝日新聞出版","創造力,感受性,表現力,継続力,論理的思考力","true,true,true,false,false","創造的な表現への関心,言語と文学への興味,観察力と想像力","true,true,false",詩人は、言葉を使って美的または感情的な表現を作り出す職業です。彼らは詩の形式、韻律、リズムを駆使して、個人的な感情や社会的なテーマを伝えます。詩人はしばしば文学誌や自身の作品集を通じて作品を発表し、文学イベントや詩の朗読会に参加することがあります。表現力と創造力が求められる職業です。,50,18:00,70,2,35,10,50,400,10,広告・出版・マスコミ・エンタメ業
34,音楽プロデューサー,1900,1900年前後、フレッド・ガイズバーグのような人物が、録音技術者兼A&R担当者として、アーティストの発掘、楽曲選定、録音セッションの監督、そして最終的な音の品質管理と方向性の決定を行うようになりました。これは現代の音楽プロデューサーが担う役割の源流であり、レコード制作において創造的・技術的な意思決定を行う職務の始まりとされています。特に、1902年のエンリコ・カルーソーの録音など、歴史的な名盤制作に深く関わっています。,,1,,"コミュニケーションスキル,音楽理論,レコーディング技術,編曲,ソフトウェア操作","true,true,true,true,false","音響技術者認定資格,プロジェクトマネージャ資格","false,false","ソニー・ミュージックエンタテインメント,エイベックス,ユニバーサル ミュージック ジャパン","継続力,音楽的感性,創造力,コミュニケーション力,技術的知識,ネットワーク構築力","true,true,true,true,false,false","最新技術への関心,音楽への情熱,創造性,コミュニケーション能力","false,true,true,true",音楽プロデューサーは、音楽制作のプロジェクトを指揮し、全体の方向性や音の仕上がりを調整する役割を担います。アーティストや作曲家と協力して、楽曲のアレンジ、ミキシング、録音における技術的・創造的な側面を管理します。作品のコンセプトやビジョンの明確化に貢献し、しばしば予算管理やスケジュール調整も行います。音楽業界での経験や広範な知識が求められ、専門的な技術スキルはもちろん、コミュニケーション能力も重要です。,39,20:00,88.5,1.2,33,25,48,720,6.2,広告・出版・マスコミ・エンタメ業
35,美術スタッフ,1914,映画制作において、美術部門の責任者である「アートディレクター」の役職が初めて公式にクレジットされた年であり、この頃から美術関連の作業が専門化されたチームとして認識され始めました。これは、現代の「美術スタッフ」という職種の概念が確立された重要な時期と考えられます。,,1,,"コミュニケーションスキル,デザインセンス,美術理論の知識,クリエイティブソフトウェアの使用経験","true,true,true,false",美術関連の学位,FALSE,"ユニバーサル・スタジオ・ジャパン,ウォルト・ディズニー・ジャパン","継続力,創造力,視覚的美的感覚,コミュニケーション能力","true,true,false,false","芸術への情熱,最新技術への関心,データ分析","true,false,false",美術スタッフは、映画、テレビドラマ、舞台、イベントなどの制作現場で美術関連の作業を担当します。具体的には、セットデザイン、衣装、照明、小道具などを計画・準備し、撮影や公演がスムーズに行われるようサポートします。芸術的センスや美的感覚が求められ、チームでのコミュニケーション能力も重要です。,32,19:30,85,2,31,15,45,550,4.5,広告・出版・マスコミ・エンタメ業
36,映像編集者,1903,映像編集の概念と技術が初めて大規模に導入されたのは、1903年に公開されたエドウィン・S・ポーター監督の映画「大列車強盗」がよく引用されます。この作品は、複数のシーンを連続的に配置し、クロスカッティングやパラレルアクションといった編集技法を駆使して物語を語る先駆的な例となりました。これにより、単なる映像の記録ではなく、意図的に映像を繋ぎ合わせることでストーリーテリングを強化する「映像編集」の重要性が確立され、後の専門職へと繋がる基盤が築かれました。,,1,,"コミュニケーションスキル,Adobe Premiere Pro,Final Cut Pro,After Effects,Color Grading","false,true,false,true,false","映像編集技術認定試験,アドビ認定プロフェッショナル（Adobe Certified Professional）","false,false","ソニー,スタジオジブリ,バンダイナムコ,東映アニメーション,フジテレビジョン","継続力,創造力,映像編集ソフトウェアのスキル,細部への注意力,コミュニケーション能力,論理的思考力","true,true,true,true,false,false","最新技術への関心,クリエイティブ表現,視覚的デザイン","false,true,true",映像編集者は、フィルム、ビデオ、デジタルメディアなどの映像素材を編集して完成品に仕上げる職業です。編集者は、ストーリーテリングを強化するために映像のカット、トランジション、ビジュアルエフェクト、音楽の選択や調整を行います。編集ソフトウェアを使用して、ディレクターやプロデューサーのビジョンを具現化し、映画、テレビ番組、音楽ビデオ、広告など多様なメディアの編集に携わります。映像の構成力とクリエイティブな視点が求められる職業です。,32,19:30,85,2,31,15,45,550,4.5,広告・出版・マスコミ・エンタメ業
37,映像カメラマン,1895,映像カメラマンという職種は、活動写真（映画）の誕生とともに始まりました。特に、フランスのリュミエール兄弟が1895年にシネマトグラフを発明し、実際に映像を撮影・上映したことで、その装置を操作し、記録する専門家（初期の撮影技師）が必要とされました。これが現代の映像カメラマンのルーツであり、職業としての実質的な開始時期と考えられます。,,1,,"コミュニケーションスキル,映像編集スキル,カメラ操作技術,映像構図の理解,照明知識","true,true,true,false,false",映像機材取扱技術認定,FALSE,"NHK,フジテレビ,TBSテレビ","継続力,創造力,技術スキル,視覚的なセンス,論理的思考力,コミュニケーション能力","false,true,true,false,false,true","最新技術への関心,映像表現への強い興味,データ分析","true,true,false",映像カメラマンはテレビや映画、ドキュメンタリー、広告映像などの映像制作で、カメラを操作して撮影を行う専門職です。撮影の技術だけでなく、構図や光の使い方、被写体の動きを捉えるセンスも求められます。また、クライアントやディレクターと協力して、映像作品のビジョンを実現するためのクリエイティブな提案を行うことも重要です。撮影機材や照明機材、編集ソフトウェアなどの技術的な知識も必要とされる職種です。,42.3,19:00,91.7,1.4,32.9,27.5,47.2,530,8.7,広告・出版・マスコミ・エンタメ業
38,イベントプランナー,1985,イベントプランナーという職業が明確に専門化され、業界団体や専門資格が確立され始めた時期が1980年代半ばです。例えば、会議やイベントの専門家を認定する「Certified Meeting Professional (CMP)」の資格が1985年に設立され、この頃からイベントプランニングが専門職として認知されるようになりました。,,1,,"コミュニケーションスキル,プロジェクト管理,調整力,創造力,時間管理","true,true,false,false,false",イベントプランナー検定,FALSE,"株式会社リクルートホールディングス,株式会社ベストブライダル,株式会社ハースト婦人画報社","論理的思考力,継続力,創造性,コミュニケーション能力,時間管理能力","true,true,false,true,true","最新技術への関心,コミュニケーションへの興味,クリエイティブな発想力","false,true,true",イベントプランナーは、結婚式や企業の会議、パーティー、セミナー、展示会など、多岐にわたるイベントを企画し、管理する職業です。イベントのテーマ設定や日程調整、予算管理、会場の選定、集客計画など、多くの要素を考慮しながらイベントの成功を目指します。,32,19:30,85,2,31,15,45,550,4.5,スポーツ・レジャー・イベント業
39,アナウンサー,1920,1920年11月2日、アメリカで世界初の商業ラジオ放送局KDKAが定期的な放送を開始しました。これにより、番組内容や情報を聴取者に伝える役割を担う人物が不可欠となり、これが「アナウンサー」という職業の事実上の始まりとされています。KDKAの初期の放送では、ハロルド・W・アーリンなどが番組の告知や進行を担当しており、放送という新しいメディアが誕生すると同時に、情報を声で伝える専門職が誕生しました。,,1,,"コミュニケーションスキル,声の明瞭さと発声力,発音の正確さ,インタビュー技術","true,true,false,false",アナウンサー養成学校修了証,FALSE,"NHK,日本テレビ,TBSテレビ,テレビ朝日,フジテレビ,テレビ東京","論理的思考力,コミュニケーション能力,ニュースを伝える表現力,ストレス耐性","false,true,true,false","最新技術への関心,コミュニケーション能力","false,true",アナウンサーは、ラジオやテレビなどのメディアでニュース、スポーツ、エンターテインメントの番組を放送する際に、情報を視聴者や聴取者に伝える役割を果たします。彼らは通常、文章を読み上げたり、インタビューを行ったり、ライブイベントを報道します。アナウンサーは、明瞭かつ説得力のある話し方を持っていることが求められ、視聴者にとってわかりやすく、魅力的なコンテンツを提供することが重要です。また、突発的な出来事やライブ放送にも迅速に対応できる柔軟性と高いコミュニケーション能力が必要です。,32,19:30,85,2,31,15,45,550,4.5,広告・出版・マスコミ・エンタメ業
40,放送作家,1925,日本でラジオ放送が開始され、番組制作のために企画立案や脚本を手掛ける役割が誕生した年。同年には日本初のラジオドラマが放送されており、その脚本家は現代の放送作家の源流と言えます。,,1,,"コミュニケーションスキル,創造性,企画力,プレゼンテーションスキル,文章能力","true,true,true,false,true",放送作家ライセンス,FALSE,"株式会社伊集院光放送作家事務所,テリー伊藤制作事務所","論理的思考力,継続力,創造性,幅広い一般知識","false,true,true,true","最新技術への関心,ユーモア,データ分析,物語作成への興味,文化と社会への関心","false,true,false,true,false",放送作家は、ラジオやテレビ番組の企画立案や脚本を手掛ける職業です。番組のコンセプト作成から、トーク番組の台本作成、バラエティ番組のネタ考案など、その役割は多岐にわたります。しばしば、プロデューサーやディレクターと協力して、視聴者を引き込む番組を作り上げる重要なポジションです。創造性とコミュニケーション能力が求められる職業です。,42.3,19:00,65.5,1.5,30.1,20.5,50,700,8.2,広告・出版・マスコミ・エンタメ業
41,ベーシスト,1700,「ベーシスト」の職業は、主にコントラバスを演奏する形でその起源をたどることができます。コントラバスは16世紀後半から17世紀にかけてヴィオローネから発展し、17世紀末から18世紀初頭にはオーケストラやアンサンブルの標準的な低音弦楽器としての地位を確立しました。この時期には、楽曲の根幹を支える低音部を担当する専門の演奏家が必要とされ、これが現代の「ベーシスト」の役割の始まりと考えられます。1700年は、コントラバスがオーケストラの重要な構成要素として定着し、専門の演奏家がその役割を担っていた時期として適切です。電気ベースの登場は1950年代ですが、それ以前から低音パートを専門に演奏する職能が存在していました。,,1,,"コミュニケーションスキル,音楽理論,リズム感,耳コピ能力,アンサンブルスキル","true,true,true,false,false","音楽理論検定,ABRSMグレード検定 (ベース)","false,false","Yamaha,Ibanez,Fender,Warwick,Rickenbacker","音楽的センス,リズム感,継続力,チームワーク","true,true,false,false","音楽への情熱,リズムの理解と感覚,チームでの共同作業を楽しむこと","true,true,false",ベーシストは、主に音楽バンドやオーケストラでベースギターやコントラバスを演奏するミュージシャンです。ベースは音楽のリズムセクションを担当し、他の楽器との調和を図りつつ、曲の骨格を支える重要な役割を果たします。通常、ベーシストはバンドの他のメンバーと協力して演奏し、セッションやライブパフォーマンス、レコーディングにも参加します。ジャンルはロック、ジャズ、ポップ、クラシックなど幅広い音楽スタイルに対応します。プレイヤーによっては即興演奏や作曲、編曲も行います。技術的なスキルだけでなく、他のミュージシャンとのコミュニケーション能力や音楽理論の知識も求められます。,32,19:30,85,2,31,15,45,550,4.5,広告・出版・マスコミ・エンタメ業
42,ゲームデザイナー,1980,1980年にナムコ（現バンダイナムコエンターテインメント）からリリースされた『パックマン』の生みの親である岩谷徹氏が、現代のゲームデザイナーの職務と共通する役割を果たしたことが根拠となります。岩谷氏は、単なるプログラマーとしてではなく、ゲームのコンセプト、ルール、キャラクターデザイン（パックマンとその敵キャラクター）、ゲームプレイの流れを詳細に考案しました。これは、ビデオゲーム開発が技術的な側面だけでなく、明確なデザインビジョンと創造性に基づいて行われるようになった画期的な事例であり、ゲームデザイナーという職能が確立され始めた時期を示しています。初期のゲーム開発ではプログラマーがデザインも兼ねることが多かった中で、岩谷氏のように「ゲームを設計する」役割に特化した人物の登場は、専門職としてのゲームデザイナーの起源と見なせます。,,1,,"コミュニケーションスキル,Game Design,Creative Thinking,Storytelling,Python,SQL","true,true,false,false,false,false","ゲーム制作能力認定試験,CGA（Certified Game Analyst）","false,false","Microsoft,任天堂,ソニー・インタラクティブエンタテインメント","論理的思考力,クリエイティビティ,コミュニケーション能力,プレゼンテーション能力,継続力","true,true,false,false,false","最新技術への関心,データ分析,ストーリー作りへの興味,創造的なデザインへの興味","true,false,true,true",ゲームデザイナーは、ビデオゲームのコンセプトを考案し、ゲームプレイ、ルール、ストーリー、キャラクターを設計する役割を担います。現代のゲーム開発には、アイデアの創出からプロトタイプの作成、最終的なゲームのバランス取りまで、多岐にわたる創造的および技術的なスキルが求められます。ゲームデザイナーは、他の開発チームメンバー、特にプログラマーやアーティストと密接に協力し、ビジョンを具体化していきます。,,18:00,,,,,,550,4.5,情報通信業（IT・ソフトウェア・通信）
43,テレビカメラマン,1935,テレビカメラマンという職業は、世界初の定期的な公共テレビ放送サービスが開始されたことに伴い誕生しました。ドイツでは1935年に「パウル・ニプコウ局（Sender Paul Nipkow）」が定期放送を開始し、週3回の番組を放送していました。これにより、テレビ放送用のカメラを操作する専門職が必要とされ、テレビカメラマンという役割が確立されました。イギリスのBBCも1936年11月に世界初の定期高精細度テレビサービスを開始し、この職種の存在をさらに確固たるものにしました。,,1,,"カメラオペレーション技術,コミュニケーションスキル,映像編集スキル,創造力・芸術性,技術機器の操作・メンテナンススキル","true,true,false,false,true","映像制作技能士,映像音響処理技術者","false,false","NHK,日本テレビ放送網,トヨタ自動車","継続力,創造力,視覚的なセンス,機材操作のスキル,論理的思考力","true,true,true,true,false","最新技術への関心,映像制作への情熱","false,true",テレビカメラマンは、テレビ番組やニュース、ドキュメンタリー、スポーツイベントなどで使用される映像を撮影する職業です。基本的な業務には、カメラの操作、フレーミング、照明や音声の調整が含まれます。他のスタッフやディレクターと協力して、視聴者に伝えたいストーリーやシーンを効果的に記録する役割を担います。時には素早く要求に応じてアングルや位置を変更する柔軟性も求められます。撮影技術だけでなく、映像を通して伝えたいメッセージや感情を理解し、それを視覚的に表現する能力が重要です。,32,19:30,85,2,31,15,45,550,4.5,広告・出版・マスコミ・エンタメ業
44,作曲家,1150,作曲家という職業の起源は、西欧音楽史において、個人の名が冠された複雑な音楽作品が体系的に制作され始めた時期に見出すことができます。12世紀後半には、パリのノートルダム大聖堂で活躍したレオナン（Léonin）が、多声音楽（ポリフォニー）の発展に大きく貢献し、その作品が後世に伝えられました。レオナンは、特定の機関に属しながらも、新しい音楽を創造する専門家としての役割を担っており、現代の作曲家の概念の萌芽と見なすことができます。1150年頃は、彼がノートルダム楽派の中心人物として活躍を始めた時期とされています。,,1,,"コミュニケーションスキル,音楽理論,作曲技術,楽器演奏能力","false,true,true,false",,FALSE,"芸団協音楽協会,日本作曲家協会","継続力,創造性,音楽理論の知識,楽器のスキル,論理的思考力","true,true,true,false,false","音楽理論への興味,楽器演奏への興味","true,false",作曲家は、音楽作品を作るプロフェッショナルです。彼らは通常、音楽理論、楽器の演奏技術、作曲技法などを使用して新しい音楽を創造します。作曲家はクラシック音楽、ポップス、映画音楽、テレビ番組、ゲーム音楽など、さまざまなジャンルの音楽を手掛けることができます。作曲家は自身で楽曲をプロデュースしたり、他のアーティストやメディアプロジェクトのために楽曲を提供したりすることもあります。,44.5,19:30,70.8,1.8,32.4,18.2,55.3,720,8.5,広告・出版・マスコミ・エンタメ業
45,サウンドプログラマー,1995,サウンドプログラマーという専門職は、1990年代中盤にビデオゲームやマルチメディアの複雑性が増したことで確立されました。特に1995年頃から、3DグラフィックスとCD-ROM技術の普及により、よりリッチで複雑なオーディオ体験が求められるようになりました。これにより、従来のプログラマーやサウンドデザイナーでは対応しきれない、音響エンジンの開発、リアルタイムでの空間オーディオ処理、大規模なデジタルオーディオアセットの管理、高度な音響ハードウェアやAPI（DirectX/DirectSoundなど）との統合といった専門的な技術要件が生まれました。この時期に、サウンドデザインや一般的なゲームプログラミングとは異なる、オーディオソフトウェア開発の技術的側面に特化した専門職として「サウンドプログラマー」が明確に認識され、多くのゲーム開発会社でその役割が確立されました。,,1,,"Python,SQL,コミュニケーションスキル,音響プログラミング,デジタルオーディオワークステーション（DAW）操作,ミュージックシンセサイザーの知識","true,false,true,true,true,false","基本情報技術者試験,Pro Tools認定ユーザー試験","false,false","株式会社セガ,株式会社バンダイナムコエンターテインメント,ソニー株式会社","論理的思考力,音楽的センス,プログラミング技能,サウンドデザインの知識,継続力","true,true,true,false,false","最新技術への関心,音楽に対する情熱","false,true",サウンドプログラマーは、ビデオゲーム、映画、テレビ、アプリケーションなどで使用される音楽や効果音のプログラミングを担当します。具体的には、音響エンジンの開発、音楽や効果音の実装、リアルタイムでの音声処理、サウンドデザインの技術的な側面を管理します。また、新しい音声技術の開発や、既存のオーディオシステムの最適化も行います。音楽理論やデジタル音響技術、プログラミング言語に関する深い知識が求められます。,32,19:30,85,2,31,15,45,550,4.5,情報通信業（IT・ソフトウェア・通信）
46,WEBプロデューサー,1995,WebプロデューサーはWebサイトやWebサービスの企画・制作・運営を総合的に管理する職業であり、この役割は商用インターネットの本格的な普及と共に誕生しました。1995年はNetscapeのIPO（株式公開）があり、インターネットが一般企業や個人に広く普及し始めた年として知られています。この時期から企業がウェブサイトをビジネス戦略の一部として捉え始め、単なる技術的な運用を超えた、企画・戦略立案・プロジェクト管理・予算管理といった専門的な役割を担う人材が必要とされました。これにより、他のメディア産業における「プロデューサー」の役割がウェブ分野にも適用され、「Webプロデューサー」という職種が確立され始めたと考えられます。,,1,,"コミュニケーションスキル,プロジェクト管理,マーケティング知識,SEOの知識,SQL,Python","true,true,false,false,false,false",基本情報技術者試験,FALSE,"サイバーエージェント,DMM.com,GMOインターネットグループ","論理的思考力,継続力,コミュニケーション能力","true,false,true","最新技術への関心,データ分析,プロジェクト管理","true,false,true",WEBプロデューサーは、WebサイトやWebサービスの企画・制作・運営を総合的に管理する職業です。目的に応じたコンテンツの企画や情報設計、プロジェクトの進行管理、外部との調整、予算管理などを担当し、Webサイトの成功に向けた戦略を立案・実行します。,35,19:45,70,1.8,32,22,55,720,5.5,情報通信業（IT・ソフトウェア・通信）
47,広告プランナー,1965,広告プランナーの役割は、消費者の洞察と市場調査に基づいて広告戦略を立案する専門職として、1960年代半ばに英国の広告業界で「アカウントプランニング」という形で確立されました。J. Walter ThompsonのStephen KingとBoase Massimi PollittのStanley Pollittがそれぞれ独立してこの手法を開発し、現在の広告プランナーの職務内容の基礎を築きました。,,1,,"コミュニケーションスキル,マーケティング知識,市場分析能力,クリエイティブな思考","true,true,false,false","広告プランナー検定,基本情報技術者試験","false,false","電通,博報堂,サイバーエージェント,ADKマーケティング・ソリューションズ","論理的思考力,継続力,創造力,コミュニケーション能力,市場調査能力","true,false,true,true,false","データ分析,顧客心理の理解,最新技術への関心","true,true,false",広告プランナーは、広告キャンペーンの企画、戦略立案、実行を担当する職業です。市場調査を行い、ターゲットオーディエンスを定義し、効果的な広告メッセージを設計します。クライアントの目標に基づいて広告予算を管理し、広告媒体の選定や広告の効果測定を行い、キャンペーンの最適化を図ります。クリエイティブチームやメディアバイイング担当者と協力して最適な広告戦略を提供します。,32,19:30,60,2,31,25,45,550,4.5,広告・出版・マスコミ・エンタメ業
48,動物園飼育スタッフ,1752,動物園飼育スタッフという専門職は、世界最古の現存する動物園であるオーストリアのシェーンブルン動物園が1752年に設立された際に、動物の世話と管理のために専任の担当者が必要となったことからその役割が確立されました。,,1,,"コミュニケーションスキル,動物ケア,動物行動知識","true,true,false","動物飼育管理士,動物看護士,野生生物管理者","false,false,false","上野動物園,旭山動物園,よこはま動物園ズーラシア","継続力,動物に対する情熱,論理的思考力,コミュニケーション能力","true,true,false,true","動物福祉に関する関心,環境保全に関する関心","true,false",動物園の飼育スタッフは、動物の世話や健康管理を行う専門職です。彼らの主な任務には、動物に餌を与え、清掃し、健康状態を観察することが含まれます。動物の安全と健康を維持するために、また訪れる人々に動物の情報を提供するため、必要に応じて専門的な知識が求められます。さらに、動物の自然な行動を引き出すための環境を整えたり、教育プログラムを実施したりすることもあります。,32,19:30,85,2,31,15,45,550,4.5,スポーツ・レジャー・イベント業
49,キャディ,1561,メアリー・クィーン・オブ・スコッツがフランスからスコットランドに帰国した1561年頃、彼女はゴルフをプレーする際に「カデ（cadet）」と呼ばれる若い従者たちにゴルフクラブを運ばせ、プレーをサポートさせていました。この「カデ」が後に「キャディ」という言葉の語源となり、この役割が職業として認識されるようになった起源とされています。,,1,,"ゴルフの知識,体力,時間管理能力,気配り,コミュニケーションスキル","true,true,false,false,true",,FALSE,キャディ株式会社,"継続力,コミュニケーション能力,ゴルフ知識,体力","true,true,false,true","最新技術への関心,ゴルフへの情熱","false,true",キャディはゴルフプレーヤーに付き添い、プレーをサポートする職業です。ゴルフクラブの選択やコースのアドバイス、ボールの位置確認などを行い、プレイヤーがベストなパフォーマンスを発揮できるようにします。また、ラウンド中の距離計測や風の向き、天候などの情報提供も行います。対人スキルやゴルフの知識が求められ、プレイヤーのニーズを理解しきめ細やかなサポートを提供することが重要です。,38.5,17:00,50,2,31.2,5,70,300,7.3,スポーツ・レジャー・イベント業
50,玩具店店員,1680,専門的な玩具店がヨーロッパ、特にドイツのニュルンベルクで17世紀頃から現れ始めました。その代表的な例として、1680年にニュルンベルクに設立された『Spielwaren-Merz』が挙げられます。これは玩具の製造と販売を専門に行う店であり、現代の玩具店の原型とされています。このような専門店舗の存在は、そこで働く「玩具店店員」という職業がこの時期から存在し始めたことを示唆しています。,,1,,"コミュニケーションスキル,接客対応スキル,商品の陳列と管理能力,簡単な会計スキル,子供との親和性","true,true,false,true,false",,FALSE,"トヨタ自動車,タカラトミー","論理的思考力,コミュニケーション能力,商品知識,接客スキル,継続力","false,true,true,true,false","子供への興味,最新技術への関心,販売スキルへの関心","true,false,true",玩具店店員は、顧客に玩具や関連商品を提供し、販売活動を行う職業です。仕事内容には、商品の陳列や在庫管理、顧客対応、レジ業務、そしてプレゼント包装などが含まれます。実店舗では商品を実際に手に取って確認できるため、顧客に対して適切な商品の提案を行うことが重要です。また、新商品の入荷や特別なイベント情報を顧客に伝えることで、リピーターを増やすことも目指します。子供やその家族とのコミュニケーション能力が求められる職業です。,32,19:30,85,2,31,15,45,350,4.5,小売業・EC・流通業
51,芸能マネージャー,1898,芸能マネージャーの原型となるプロフェッショナルなタレントエージェント業の始まりとして、ウィリアム・モリス・エージェンシーが1898年に設立されたことが挙げられます。これは、芸能人のスケジュール管理、メディア対応、プロモーション、契約交渉といった現代のマネージャーが担う多くの役割の基礎を築いたものと考えられます。Vaudevilleの時代に、興行主から独立した立場でパフォーマーのキャリアを包括的にサポートする組織として機能し始めました。,,1,,"コミュニケーションスキル,交渉能力,時間管理能力,ネットワーク構築能力","true,true,false,false","普通自動車運転免許,秘書技能検定","false,false","ホリプロ,アミューズ,サンミュージックプロダクション","論理的思考力,コミュニケーション能力,継続力,交渉力,スケジュール管理能力","true,true,false,true,false","最新技術への関心,コミュニケーションへの情熱","false,true",芸能マネージャーは、芸能人やアーティストのスケジュール管理やメディア対応、プロモーション活動のサポートを行う職業です。彼らの知名度や人気を高めるために、イベントやコンサート、テレビ出演などを企画し、実行します。また、クライアントとメディアやプロデューサーとの橋渡し役としての役割も果たし、契約交渉やビジネス面でのサポートも行います。,32,19:30,85,2,31,15,45,550,4.5,広告・出版・マスコミ・エンタメ業
52,モデル,1858,ファッションモデルという職業は、オートクチュールの父として知られるシャルル・フレデリック・ウォルトが、自身の妻マリー・ヴェルネ・ウォルトをモデルとして使い、顧客に直接服を着用して見せる手法を導入したのが始まりとされています。これは彼がパリに自身のクチュールハウスを設立した年であり、それまでのファッションプレートやマネキンとは異なる画期的なプロモーション方法でした。,,1,,"コミュニケーションスキル,モデルポージング,ファッションセンス,ウォーキングスキル,SQL","true,true,false,false,false","ファッションデザイン検定,基本情報技術者試験","true,false","トヨタ自動車,日産自動車,本田技研工業,マツダ","論理的思考力,継続力","true,false","最新技術への関心,ファッションへの情熱,データ分析","true,true,false",製品やサービスのプロモーション戦略を提案し、ブランドの認知向上や売上増加を図るためにさまざまな広告媒体を利用します。創造力や分析力が求められ、クライアントや市場のニーズを理解することが重要です。多くの場合、プロジェクト管理やチームリーダーとしての役割を担うこともあります。 ファッション、アニメ、CG、建築など、多岐にわたる分野で活動することができ、創造力と表現力が求められます。特に新しいトレンドを追求したり、自分のスタイルを確立することが重要です。また、プレゼンテーション能力や他者とのコミュニケーション力も不可欠です。 機械学習アルゴリズムやAIモデルを設計、開発、評価します。データの前処理やモデルの最適化、結果の解釈が求められ、PythonやRといったプログラミング言語を使用します。データ分析力や問題解決能力が重要で、最新の技術動向を追い続けることが必要です。,,18:00,,,,,,550,4.5,広告・出版・マスコミ・エンタメ業
53,映像プロデューサー,1913,映像プロデューサーという職業の機能自体は、映画の黎明期から存在していましたが、その役割が独立した専門職として確立し、クレジットされるようになったのは、20世紀初頭のハリウッドスタジオシステムの発展期です。特に、パラマウント・ピクチャーズの前身であるフェイマス・プレイヤーズ・フィルム・カンパニーを設立したアドルフ・ズーカーは、映画産業のパイオニアの一人であり、プロデューサーという肩書でクレジットされた初期の人物として知られています。彼は1913年の映画『ゼンダ城の虜』で「Produced by: Adolph Zukor」とクレジットされており、これがプロデューサーが独立した職業として認識され始めた重要な節目とされています。この時期から、企画から予算管理、キャスティング、制作進行、宣伝・配給まで、映像制作の全段階を統括する専門職としての「映像プロデューサー」の役割が明確になりました。,,1,,"コミュニケーションスキル,プロジェクト管理,映像編集ソフトの操作スキル,クリエイティブ思考,ネットワーク構築能力","true,true,false,false,false","映像制作技能士,PMP（プロジェクト管理プロフェッショナル）","false,false","テレビ朝日,フジテレビジョン,NHK（日本放送協会）,東映株式会社,松竹株式会社,株式会社バンダイナムコピクチャーズ,ＴＢＳテレビ","論理的思考力,継続力,創造力,コミュニケーション能力,プロジェクト管理能力,予算管理能力","true,true,true,true,false,false","最新技術への関心,データ分析,クリエイティブ表現への関心,コミュニケーションスキル","false,false,true,true",映像プロデューサーは、映画、テレビ番組、CM、ウェブコンテンツなどの制作全般を担当する職業です。企画から予算の管理、キャスティング、撮影スケジュールの調整、制作進行の管理、そして完成後の宣伝や配信まで、プロジェクトのすべての段階に関与します。クリエイティブなビジョンを形にするために必要なリソースを集め、チームを指導してプロジェクトを円滑に進めることが主な役割です。,,18:00,,,,,,750,7.2,広告・出版・マスコミ・エンタメ業
54,イベント制作スタッフ,1851,現代のイベント制作スタッフの職務は、イベントの計画、準備、運営、会場選定、装飾や舞台設営、スケジュール管理など多岐にわたります。これらの要素が大規模かつ専門的に必要とされた最も初期の例の一つは、1851年にロンドンで開催された第1回万国博覧会（グレート・エキシビション）です。このイベントでは、クリスタル・パレスという巨大な仮設建築物の建設、数百万人の来場者管理、世界各地からの展示物の配置、そして緻密なスケジュール調整が求められました。これら複雑な業務を計画し、実行し、運営するためには、現代のイベント制作スタッフに相当する、専門的な知識とスキルを持つ多くの人材が組織的に関与したと考えられます。この大規模イベントの成功が、後のイベント制作という職能の基礎を築いたと言えます。,,1,,"コミュニケーションスキル,プロジェクト管理,イベント企画,問題解決能力,Adobe Creative Suite,交渉力","true,true,true,false,false,false","イベント業務管理士,基本情報技術者試験,安全対策基礎講習","false,false,false","ADKアーツ,セプテーニ・ホールディングス,博報堂プロダクツ","継続力,コミュニケーション能力,組織力,創造力,論理的思考力","true,true,true,false,false","イベントの企画・運営に対する興味,最新技術への関心,コミュニケーション能力と人間関係構築への興味","true,false,true",イベント制作スタッフは、様々なイベント（コンサート、展示会、祭り、企業イベントなど）の計画、準備、運営を担当する職業です。具体的には、会場の選定、装飾や舞台設営、音響・照明の手配、スケジュール管理、当日の運営サポート、さらには出演者や出席者とのコミュニケーションなど多岐にわたります。細部に気を配る能力や、複数のタスクを同時に効率よく進めるスキルが求められます。,32,19:30,85,2,31,15,45,550,4.5,スポーツ・レジャー・イベント業
55,プロスポーツ選手,776,古代ギリシャのオリンピック競技が始まった年であり、この頃には、勝利したアスリートは名誉だけでなく、故郷の都市国家から終身の食料、税の免除、高額な報奨金などが与えられ、競技に専念し生計を立てる「プロ」の先駆けとなっていたためです。彼らは日々のトレーニングを行い、競技で報酬（勝利の栄誉とそれに伴う物質的利益）を得ていたと言えます。より直接的な報酬体系は古代ローマの剣闘士や戦車競走の選手に見られますが、アスリートが競技で生計を立てる概念の萌芽は、古代ギリシャのオリンピックにまで遡ることができます。,,1,,"コミュニケーションスキル,身体能力,戦略的思考,メンタルタフネス,協調性","false,true,false,true,false","スポーツ健康福祉学士,ドーピング防止教育講習修了証","false,false","読売ジャイアンツ,阪神タイガース,ソフトバンクホークス,楽天ゴールデンイーグルス,バルセロナFC,レアル・マドリード,ヤンキース,ドジャース","継続力,身体能力,精神的タフネス,協調性,論理的思考力","true,true,true,false,false","最新技術への関心,競争心,身体能力への挑戦,チームワーク,自己改善への関心,飽くなき探求心","false,true,true,true,true,false",プロスポーツ選手は特定のスポーツ競技において、トップレベルで競技を行い報酬を得る選手のことを指します。競技によって異なるが、日々のトレーニング、試合への参加、スポンサー活動やメディア出演などが主な業務となります。また、身体のコンディションを保つためのケアや栄養管理も重要です。競技結果に大きな影響を与えるため、高い技術力と精神力が求められます。キャリアの寿命が比較的短いため、現役を引退した後のキャリア設計も考慮する必要があります。,32,19:30,85,2,31,15,45,550,4.5,スポーツ・レジャー・イベント業
56,レーシングエンジニア,1980,レーシングエンジニアという専門職は、モータースポーツにおける車両の複雑化と技術進化に伴い、特に1980年代初頭に明確に確立されました。この時期、フォーミュラ1などのトップカテゴリーにおいて、グランドエフェクトカー、ターボエンジン、そして電子制御やリアルタイムテレメトリーによるデータ収集システムの導入が急速に進みました。これにより、単なる整備や設計を超えて、データ分析、シミュレーション、そしてドライバーとの密な連携を通じて車両のセットアップと性能を最適化する専門的な役割が不可欠となり、現代の「レーシングエンジニア」の職務が確立されたとされています。それ以前は、チーフメカニックや車両デザイナーが同様の業務を兼任することが一般的でした。,,1,,"コミュニケーションスキル,Mechanical Engineering,Data Analysis,Vehicle Dynamics,Motorsport Regulations Knowledge","true,true,true,true,false","機械系大学（またはそれ以上）の学位,基本情報技術者試験","true,false","本田技研工業,トヨタ自動車,日産自動車,スバル","論理的思考力,継続力,車両の力学に関する知識,コミュニケーション能力","true,false,true,false","最新技術への関心,モータースポーツへの情熱,データ分析","true,true,false",レーシングエンジニアは、モータースポーツの現場で、車両の設計、製造、メンテナンス、性能向上を担当するエンジニアリングの専門家です。彼らの主な役割は、車両の速度、効率、安全性を高めるために最適なセットアップを見つけることで、データ解析やシミュレーション、テスト走行を通じて車両のパフォーマンスを最大化します。また、レース中はドライバーと密に連携し、戦略的なアドバイスを提供します。,33,19:00,92.1,1.8,30,25,40,750,5.2,自動車・輸送機器製造業
57,俳優,-534,古代ギリシャにおいて、テスピスが紀元前534年にアテネのディオニュシア祭で初めて舞台に立ち、独立したキャラクターを演じたことが、プロの俳優の起源とされています。彼が対話を通じて物語を語るという革新的な方法を導入し、これにより「俳優」（thespian）という言葉の語源にもなりました。,,1,,"コミュニケーションスキル,演技スキル,表現力,台本読解能力,身体表現力,歌唱力,ダンススキル","true,true,true,false,false,false,false","演技資格または演技の学位,プロフェッショナルな演技経験","false,false","東映,松竹,東宝,よしもとクリエイティブ・エージェンシー,ホリプロ","表現力,継続力,人間観察能力,感情移入力,記憶力","true,false,false,true,true","演技への強い情熱,最新技術への関心,ストーリーテリングへの興味","true,false,false",俳優は、映画、テレビ、演劇などで演技を通じてキャラクターを表現する職業です。さまざまなスキルが必要で、台詞の暗記、感情の表現、キャラクターの解釈などが求められます。,42.6,19:00,70,2,35.2,30,60,600,10.5,広告・出版・マスコミ・エンタメ業
58,レポーター,1833,1833年にニューヨークで創刊された「New York Sun」に代表されるペニー・プレスの登場により、新聞はより広範な読者層にリーチし、政治や商業情報だけでなく、犯罪、人間ドラマ、地方の出来事といったニュースを積極的に取材するようになりました。これにより、情報を現場で収集し、それを記事としてまとめる専門職としての「レポーター」の役割が確立され始めました。,,1,,"コミュニケーションスキル,ジャーナリズムの知識,ライティングスキル,Python,SQL","true,true,true,false,false","報道倫理に関する研修認定,ジャーナリズム基礎講座修了証","false,false","NHK,TBSテレビ,フジテレビ,テレビ朝日,日本テレビ","論理的思考力,コミュニケーション能力,リサーチスキル","true,true,false","最新技術への関心,社会情勢への関心,コミュニケーション能力,ストーリーテリングへの情熱,データ分析","false,true,true,false,false",レポーターは、ニュース、事件、スポーツ、エンターテイメントなどの情報を収集し、それを報告する役割を担います。通常、取材現場に赴き、インタビューや観察を通じて情報を集め、それをわかりやすく視聴者や読者に伝えることで社会に情報を提供します。時には現場のライブ報道を行うこともあります。ジャーナリズムの一部として、真実を追求し、公平な報道を心掛けることが求められます。,,18:00,,,,,,550,4.5,広告・出版・マスコミ・エンタメ業
59,音楽評論家,1810,音楽評論家という職業が明確な形で認識され始めたのは19世紀初頭です。特にE. T. A. ホフマンがベートーヴェンの交響曲第5番の画期的な評論を1810年に発表したことは、専門的な音楽批評の確立における重要な節目とされています。彼は音楽の構造や精神性を深く分析し、今日の音楽評論に通じる基盤を築きました。その後、1834年にロベルト・シューマンが『新音楽時報（Neue Zeitschrift für Musik）』を創刊するなど、専門誌の登場により職業としての音楽評論家が確立されていきました。,,1,,"コミュニケーションスキル,音楽理論,批評文執筆能力,演奏解釈能力,最新の音楽トレンドへの理解,レビューの公平性と客観性","true,true,true,false,false,true",音楽評論技能検定試験,FALSE,"Rolling Stone,音楽の友社","論理的思考力,継続力,音楽知識,文章表現力,批判的思考力","true,false,true,true,true","音楽の深い理解と評価,データ分析","true,false",音楽評論家は、音楽作品やアーティストに対する批評や評論を書いたり話したりする職業です。彼らは新しい音楽のリリース、コンサート、音楽業界の動向などを分析・評価し、記事、レビュー、エッセイとして発表します。また、ラジオやテレビでの評論、オンラインプラットフォームでのレビュー投稿も行うことがあります。幅広い音楽知識と深い分析能力が求められ、読者やリスナーに対する影響力が大きい役割を担います。,49.8,19:00,68.7,1.5,35.5,10.5,35.2,550,10.2,広告・出版・マスコミ・エンタメ業
60,フラワーコーディネーター,1960,花や植物を使った装飾は古くから存在しますが、「フラワーコーディネーター」という職業は、イベント、式典、店舗など特定の空間全体をクライアントの要望に基づいてデザインし、花材の選定から配置までを総合的に調整する専門職として、特に20世紀半ば、イベント文化の発展と共に確立されました。1960年代には、結婚式やパーティーがより大規模かつテーマ性を持つようになり、これに伴い、単に花束を作るのではなく、空間全体の演出を担うプロフェッショナルな役割が明確化し始めました。この時期には、アメリカン・インスティテュート・オブ・フローラル・デザイナーズ（AIFD）のような専門団体の設立（1965年）も進み、フローラルデザインの専門職としての地位が確立されていきました。この「コーディネーター」という側面が、現代的な職業としての登場時期を決定づけます。,,1,,"植物学の知識,色彩感覚,コミュニケーションスキル,デザインスキル,マーケティングスキル","true,true,true,false,false",フラワーコーディネーター技能士,FALSE,"日比谷花壇,第一園芸,ユニフローラ","創造力,色彩感覚,継続力,コミュニケーション能力,植物知識","true,true,false,false,true","植物や花への関心,最新技術への関心","true,false",フラワーコーディネーターは、花や植物を使った装飾をデザインし、イベント、式典、店舗、または個人的な場面での装飾を提案する職業です。彼らは、クライアントの要望を聞き、イベントのテーマや目的に合った花の選択、色の組み合わせ、配置のデザインを行います。また、花の種類や季節感を考慮し、最適な花材を選ぶことも重要です。細やかなセンスとイメージを具体的な形にする能力が求められます。特に結婚式やパーティ、ショールームなどで、空間全体を華やかに演出する役割を担います。,32,19:30,15,2,31,15,45,400,4.5,デザイン・アート・クリエイティブ業
61,ダンサー,-3000,古代エジプトにおいて、紀元前3000年頃には宗教儀式やファラオの娯楽のために専門的に踊りを披露する人々が存在した記録が残されており、これが職業としてのダンサーの起源と考えられています。当時の壁画には、組織化された形で踊る専門職の姿が描かれています。,,1,,"コミュニケーションスキル,身体的パフォーマンス能力,リズム感覚,演技力","false,true,true,false","舞踊資格,ヨガインストラクター資格","false,false","吉本興業,avex","リズム感,身体柔軟性,表現力,継続力,身体の持久力","true,true,false,true,false","最新技術への関心,音楽とリズムへの情熱,身体的な表現への興味","false,true,true",ダンサーは、個人またはグループで音楽に合わせて様々なスタイルの踊りを披露する職業です。バレエ、ヒップホップ、ジャズ、コンテンポラリーなど、幅広いジャンルがあります。ダンサーは、ステージ、公演、テレビ、映画、音楽ビデオなど、さまざまな場でパフォーマンスを行います。振付師と協力して新しいダンスナンバーを創作することもあります。また、日々のトレーニングや練習を欠かさず行うことで、高度な技術と表現力を維持します。仕事には厳しい競争が伴う一方、成功すれば観客への感動を与えることができる魅力的な職業でもあります。,32,19:30,85,2,31,15,45,550,4.5,広告・出版・マスコミ・エンタメ業
62,修復家,1950,修復家が「保存科学、建築技術、歴史や芸術の知識を活かし、各素材の特性を理解しながら修復を行い、劣化を防ぐための予防保存や保護対策も施す専門職」として確立されたのは、第二次世界大戦後、文化財の保護に対する国際的な意識が高まった時期です。特に、1950年に国際文化財保存修復学会（IIC: International Institute for Conservation of Historic and Artistic Works）が設立されたことで、科学的知見と倫理に基づいた修復・保存の専門職としての国際的な枠組みが確立されました。このIICの設立は、修復家という職業が現代的な定義で専門職として認識され始めた重要な節目とされています。,,1,,"コミュニケーションスキル,専門的な修復技術,歴史的・文化的知識","true,true,false","文化財修理士資格,美術品修復技能士資格,基本情報技術者試験","true,true,false","古美術修復株式会社,文化財修復研究所,修復工房クリニック","手先の器用さ,観察力,細かい作業の集中力,継続力,論理的思考力","true,true,true,false,false","歴史的建造物や芸術作品への関心,手先の器用さと細部へのこだわり,最新技術への関心","true,true,false",修復家は、古い建物や美術品、歴史的な遺物などを元の状態または最適な保存状態に戻すための専門職です。彼らは、保存科学、建築技術、歴史や芸術の知識を活かし、各素材の特性を理解しながら修復を行います。修復家は、店舗やドキュメント、写真、織物、家具、絵画、彫刻など様々なオブジェクトの回復に携わります。また、劣化を防ぐための予防保存や保護対策を施すことも重要な業務の一部です。,42.7,18:51,87.8,1.8,32.3,24.5,55.6,520,7.2,デザイン・アート・クリエイティブ業
63,放送記者,1927,放送記者という職業は、ラジオ放送の本格的な普及とともに生まれました。特に、1927年にアメリカでCBSがニュース部門を設立し、NBCもほぼ同時期にニュース番組を開始したことで、情報を取材し、インタビューを行い、原稿を執筆して放送する専門職が確立されました。これにより、単なるニュースの伝読ではなく、独自の取材に基づいた報道を行う「放送記者」という役割が明確になりました。,,1,,"コミュニケーションスキル,リサーチ能力,文章力,インタビュー技術,撮影技術","true,true,true,false,false","基本情報技術者試験,日本漢字能力検定,ニュース専門記者資格,ジャーナリスト倫理証明","false,false,false,false","NHK,フジテレビジョン株式会社,TBSテレビ,朝日放送テレビ株式会社","論理的思考力,コミュニケーション能力,情報収集力,継続力","true,true,true,false","最新技術への関心,ジャーナリズム,コミュニケーション能力,倫理（情報倫理）,社会問題への関心,緊急事態への対応力","false,true,true,true,true,false",放送記者はテレビ、ラジオ、オンラインメディアなどでニュースを報道する職業です。主な業務には、ニュースの取材、インタビューの実施、原稿の執筆、そして報道番組でのニュースの伝達が含まれます。情報の正確さを保ち、公正かつバランスの取れた報道を行うことが求められます。また、事件や現場にいち早く駆けつけて状況を報告する能力や、複雑な情報を一般視聴者に分かりやすく伝えるスキルも重要です。,38,19:30,70,2,33,20,50,650,7.2,広告・出版・マスコミ・エンタメ業
64,声優,1925,声優の原型となる職業は、日本のラジオ放送開始と共に誕生しました。1925年6月15日、日本初のラジオドラマ「お父さん」が放送され、俳優が声のみでキャラクターの感情や物語を表現しました。この時期には「声優」という呼称はまだありませんでしたが、声だけで演技をするという役割は確立されており、これが現代の声優という職業の出発点と考えられています。,,1,,"コミュニケーションスキル,ボイスアクティング,キャラクター表現スキル,声の柔軟性と制御,シナリオ理解力,自己PR能力","true,true,true,true,false,false",声優能力検定,FALSE,"青二プロダクション,アーツビジョン,シグマ・セブン","演技力,表現力,声質の多様性,感情移入力,継続力","true,true,true,false,false","最新技術への関心,演技への興味,声の表現力","false,true,true",声優は、アニメ、映画、ドラマ、ゲームなどでキャラクターの声やナレーションを担当する職業です。台本をもとにキャラクターの感情や性格を声で表現し、作品に命を吹き込みます。また、吹き替え作業も行い、海外作品を日本語にローカライズする役割も担います。声の特技や表現力に加えて、表情や動きも重要で、キャラクターがどのように見えるかを想像しながら演技する能力が求められます。,32,19:30,85,2,31,15,45,550,4.5,広告・出版・マスコミ・エンタメ業
65,ゲームサウンドクリエイター,1985,ビデオゲームにおいて、音楽やサウンドエフェクトが単なるプログラミングの一部ではなく、専門的な創作活動として確立し始めたのがこの時期です。任天堂の『スーパーマリオブラザーズ』（1985年）などの画期的なタイトルで、近藤浩治のような専門の作曲家が印象的なゲームサウンドトラックを生み出し、この職業の重要性と専門性が広く認識されるようになりました。これにより、ゲームサウンドクリエイターという専門職が明確に確立されたと見なせます。,,1,,"コミュニケーションスキル,音楽制作技術,サウンドデザイン,デジタルオーディオワークステーションソフトウェアの使い方,ゲーム開発プロセスの理解,サウンドエフェクト作成能力","true,true,true,true,false,false","サウンドデザイナー技能士,音響技術者資格","false,false","任天堂,ソニー・インタラクティブエンタテインメント,スクウェア・エニックス,カプコン,バンダイナムコエンターテインメント,コナミデジタルエンタテインメント,セガ","論理的思考力,継続力,音楽的センス,音響デザイン能力,コミュニケーション能力","false,true,true,true,false","最新技術への関心,音楽への情熱,ゲームへの興味,データ分析","true,true,true,false",ゲームサウンドクリエイターは、ビデオゲームの音楽やサウンドエフェクトを作成する職業です。この職業では、ゲームのテーマやストーリーに合わせて音楽を作成したり、アクションに対応する効果音を追加したりします。通常、デジタルオーディオワークステーション（DAW）を使用して作業し、作曲、録音、編集、ミキシングなどのスキルが求められます。ゲーム開発チームと協力して、プレイヤーの没入感を高めるためのサウンドデザインを行います。,32,19:30,85,2,31,15,45,550,4.5,情報通信業（IT・ソフトウェア・通信）
66,タレント,1920,1920年にアメリカ合衆国で初の商業ラジオ放送局KDKAが開局し、全国的な規模での電子メディアを通じたエンターテイメント提供が始まりました。これにより、ラジオを通じてパフォーマンスを行い、知名度を上げ、ファンベースを築き、広告やプロモーションに影響力を行使する「メディアパーソナリティ」という職業が誕生しました。この初期のラジオスターたちは、タレントの定義に合致する活動を行っていました。,,1,,コミュニケーションスキル,TRUE,,FALSE,"ホリプロ,吉本興業,アミューズ,ジャニーズ事務所,オスカープロモーション,渡辺プロダクション","論理的思考力,創造力,継続力,コミュニケーション能力","false,true,true,false","最新技術への関心,データ分析,創造性と自己表現への興味","true,false,true",タレントは、テレビやラジオ、インターネット、イベントなどでエンターテイメントを提供することを職業とする人物を指します。彼らは俳優、歌手、司会者、コメディアンなど多岐にわたるジャンルで活動し、主に視聴者や観客を楽しませることを目的としています。タレントは通常、個人の特技やキャラクターを活かしてパフォーマンスを行い、巨大なファンベースを築くこともあります。また、メディアに出演して影響力を持つことで、広告やプロモーションなど様々なビジネスにも携わります。,,18:00,,,,,,420,5.5,広告・出版・マスコミ・エンタメ業
67,学芸員,1683,学芸員（キュレーター）という専門職の現代的な役割は、公共博物館の成立と共に発展しました。1683年にイギリスのオックスフォード大学に開館したアシュモレアン博物館は、しばしば英国初の公共博物館とされています。この博物館の「キーパー」（Keeper、実質的な学芸員）は、資料の管理、展示、教育活動といった現代の学芸員が担う職務を正式に担っていました。また、「キュレーター（curator）」という言葉自体は、17世紀には学術コレクションの管理者を指す言葉として使われていました。,,1,,"コミュニケーションスキル,資料管理スキル,教育プログラム企画スキル,展示計画スキル,文化財に関する知識","true,true,false,true,true",学芸員資格,TRUE,"東京国立博物館,京都国立博物館,大阪市立美術館,三菱一号館美術館,国立科学博物館","論理的思考力,継続力,文化的知識,コミュニケーション能力,企画力","true,false,true,true,false","最新技術への関心,データ分析,歴史や文化への興味,教育と普及活動への興味","false,false,true,true",学芸員は博物館、美術館、図書館などで働き、文化財や資料の収集、管理、展示、教育活動を行う専門職です。,39.2,18:58,47.9,1.9,31.1,10.4,46.8,415,6.5,研究開発・学術機関
68,指揮者,1817,19世紀初頭、オーケストラの規模と楽曲の複雑さが増すにつれ、楽器を演奏しながら指揮する形式から、専任の指揮者が独立して音楽全体を統率する役割が確立され始めました。特にカール・マリア・フォン・ウェーバーは、1817年にドレスデン歌劇場のカペルマイスターに就任し、指揮台に立って楽器を演奏せずに指揮し、解釈を重視する近代的な指揮法の基礎を築いたとされています。,,1,,"コミュニケーションスキル,音楽理論の知識,指揮技術,リーダーシップ,楽譜の読解力,楽団との協調性","true,true,true,true,true,true","音楽大学卒業証書,指揮法に関する専門トレーニング","true,false","NHK交響楽団,京都市交響楽団,東京都交響楽団","音楽理論知識,コミュニケーション能力,リーダーシップ,論理的思考力,継続力,芸術的感性","true,true,true,false,true,true","音楽に対する情熱,協調性とチームワーク","true,true",指揮者は、オーケストラや合唱団などの音楽団体を指導し、音楽作品の演奏をまとめる役割を担う。楽曲の解釈や演奏の表現を決定し、リハーサルを通じて団員を指導する。また、演奏の際には指揮棒や手の動きでタイミングを示し、全体のパフォーマンスを調整する。音楽に対する深い知識と人間関係のスキルが求められる職業である。,45.3,19:00,92.5,2,38.1,25.5,55,800,15.2,広告・出版・マスコミ・エンタメ業
69,ブライダルプレイヤー,1850,ブライダルプレイヤーとは、結婚式や披露宴で音楽を演奏する専門のミュージシャンを指します。この職務自体は、古くから祝宴で音楽が提供されてきた歴史がありますが、「職業」として確立し、専門のサービスとして提供されるようになったのは、19世紀中頃からと考えられます。19世紀、特に欧米の中流階級以上において結婚式がより形式的で華やかなイベントへと変化し、それに伴い、婚礼関連の専門サービスが発達しました。既に存在していたプロのミュージシャンたちは、舞踏会やパーティーと同様に、結婚式の儀式や披露宴のためにも特化して雇われ、報酬を得るようになりました。この時期から、結婚式での生演奏は単なる娯楽の一部ではなく、プロのミュージシャンによる専門的な提供サービスとして認識され始めたと推測されます。,,1,,"コミュニケーションスキル,顧客サービス,イベント企画能力,ストレス管理能力,ファッションセンス,基本的なビジネスマナー","true,true,true,false,false,true","ブライダルコーディネーター検定,サービス接遇検定","false,false","ワタベウェディング,テイクアンドギヴ・ニーズ,クラウディア","継続力,コミュニケーション能力,チームワーク,柔軟性,創造力","true,true,false,false,false","最新技術への関心,人とのコミュニケーション,演出やデザインへの興味,音楽や映像の演出に対する興味","false,true,false,true",ブライダルプレイヤーとは、結婚式や披露宴において、音楽の演奏を担当するミュージシャンのことです。結婚式場やチャペル、披露宴会場でのLive演奏を通じて、新郎新婦やゲストに感動を与える重要な役割を担っています。楽器演奏やボーカルが求められるため、高い演奏技術と音楽のセンスが必要です。また、イベントの進行に合わせた柔軟な対応力も求められます。,32,19:30,85,2,31,15,45,550,4.5,スポーツ・レジャー・イベント業
70,騎手,1660,17世紀のイングランドで、チャールズ2世の治世（1660-1685年）に競馬が組織化され、ニューマーケットなどで定期的なレースが開催されるようになりました。これにより、馬を走らせることを専門とする職業としての騎手が登場し始めました。,,1,,"コミュニケーションスキル,乗馬技術,体力と持久力,動物への理解,レース戦略の理解,敏捷性と反応速度","false,true,true,true,true,true",騎手免許,TRUE,"日本中央競馬会,地方競馬全国協会,香港ジョッキークラブ","継続力,身体的バランス感覚,瞬時の判断力,動物とのコミュニケーション能力,論理的思考力","true,true,false,true,false","動物への情熱,馬術","true,true",騎手は、競馬において馬に騎乗し、レースに参加する専門職です。馬の能力を最大限に引き出し、勝利を目指して競技場を駆け抜けます。騎手は、身体能力や馬とのコミュニケーション能力が必要であり、レースの戦略を理解し、状況に応じた判断力も求められます。体重や技術、経験などが重要視されるため、厳しいトレーニングと学びを通じて経験を積む必要があります。,33,19:00,90,2,30,10,50,700,5.5,スポーツ・レジャー・イベント業
71,ピアニスト,1777,イタリアの作曲家でピアニストであるムツィオ・クレメンティが、ロンドンでピアノのソリストとして公開コンサートでデビューし、ピアニストとしての専門的な活動を開始した年です。,,1,,"コミュニケーションスキル,音楽理論,楽譜読解能力,指のテクニック,リズム感,演奏表現力","false,true,true,true,true,true",ピアノ演奏グレード試験,FALSE,"Yamaha Corporation,Kawai Musical Instruments Manufacturing,Steinway & Sons","継続力,音楽的感性,協調力,ステージプレゼンス","true,true,false,false","音楽への情熱,最新技術への関心","true,false",ピアニストは、ピアノを演奏する職業の音楽家です。さまざまなジャンルの音楽を演奏し、ソロコンサートやオーケストラとの協演、レコーディングセッションなどで活動します。音楽教育機関での指導や、個人レッスンを行うこともあります。高度な技術と豊かな表現力が求められ、舞台でのパフォーマンスに対して観客を感動させる役割も果たします。,42.3,19:00,60,1.5,35,10,50,400,10.5,広告・出版・マスコミ・エンタメ業
72,ナレーター,1920,商業ラジオ放送が1920年に開始され、KDKAのような放送局が出現したことで、ニュース、番組の案内、広告文などを大衆に向けて専門的に読み上げる人材の需要が生まれました。これにより、メディアにおける音声表現の専門職としてのナレーターの基礎が確立されました。,,1,,"声の抑揚と感情表現能力,コミュニケーションスキル,ストーリーテリング能力","true,false,false","声優検定,司会力検定","false,false","青二プロダクション,マウスプロモーション,81プロデュース,アーツビジョン,アトミックモンキー","論理的思考力,継続力,声の表現力,魅力的な声質,ストーリーテリング能力","false,false,true,true,true","ストーリーテリングへの情熱,声の表現力に対する興味","true,true",ナレーターは、映像作品、ラジオ、オーディオブック、広告などで文章を声に出して読み上げる仕事を担当します。明確で感情豊かな発音、リズム感、そして適切な間を取る技術が重要です。聞き手に情報を伝えたり、感動を与える力が求められます。音声録音の専門スタジオで働くことが多いですが、フリーランスとして活動する人もいます。,51.3,19:00,76.2,2,33.4,20.5,40,650,15.2,広告・出版・マスコミ・エンタメ業
73,スポーツカメラマン,1900,スポーツカメラマンという職業は、写真技術と印刷技術の進化が重なることで確立されました。19世紀後半には、高速シャッターや感度の高いフィルムが登場し、動きのある被写体を捉えることが可能になりました。さらに重要なのは、1880年代から1890年代にかけて発展し、1900年代初頭に普及したハーフトーン印刷技術です。これにより、写真が新聞や雑誌に手軽に印刷できるようになり、スポーツイベントの写真を求めるメディアの需要が大幅に増加しました。この技術的背景が整ったことで、スポーツイベントの瞬間を捉え、報道機関に提供する専門職としてのスポーツカメラマンが誕生しました。,,1,,"コミュニケーションスキル,写真撮影技術,スポーツの知識,機敏さと即応性,カメラと機材の知識,編集スキル","true,true,true,true,true,false","フォトマスター検定,映像音響処理技術者認定","false,false","株式会社デサント,株式会社スポーツニッポン新聞社,株式会社ベースボールマガジン社","視覚芸術的センス,継続力,素早い反射神経,スポーツへの情熱,コミュニケーションスキル","true,true,true,false,false","スポーツへの情熱,最新技術への関心,データ分析,創造性と芸術的な視点","true,false,false,true",スポーツカメラマンは、スポーツイベントやアスリートの写真を撮影する専門職です。主に、ライブイベントや試合中の瞬間を捉えることに専念し、選手の動きや試合の流れをリアルタイムで記録します。迅速な行動力と確かな技術が求められ、カメラやレンズの選択、撮影の角度、照明条件に対応する能力が必要です。一般的には、新聞社やスポーツ雑誌、オンラインメディア、またはフリーランスとして活動し、それらのコンテンツを提供します。,32,19:30,85,2,31,15,45,550,4.5,広告・出版・マスコミ・エンタメ業
74,カラーコーディネーター,1930,色彩に関する専門知識を産業や商業に応用する専門職としての「カラーコンサルタント」の概念が確立され始めた時期です。特にアメリカでは、ファーバー・ビレンのような人物が1930年代初頭から企業向けに色彩の専門家として活動を開始し、製品、広告、作業環境など多岐にわたる分野で色彩の選定や提案を行っていました。これは現代のカラーコーディネーターの職務内容と重なるものです。,,1,,"コミュニケーションスキル,色彩理論,トレンド分析","true,true,false",カラーコーディネーター検定試験,FALSE,"株式会社カラーデザイン研究所,日本カラーコンサルタント協会","論理的思考力,継続力,色彩センス,トレンドの理解","false,false,true,false","最新技術への関心,色彩理論,トレンドへの敏感さ","false,true,false",カラーコーディネーターとは、色に関する専門知識を持ち、衣類やインテリア、広告、商品パッケージなど、さまざまな分野での色彩の選定や提案を行う職業です。ファッション業界やインテリアデザイン、グラフィックデザインなど、色彩の重要性が高い分野で活躍することが多いです。カラーコーディネーターは、色彩心理学や色彩の基本的なルールを理解し、クライアントのニーズに応じた調和のとれた色の組み合わせを提案します。,32,19:30,15,2,31,10,45,550,4.5,デザイン・アート・クリエイティブ業
75,脚本家,-500,脚本家という職業は、映画、テレビドラマ、舞台、アニメーションなどの脚本を執筆すると定義されていますが、このうち「舞台」の脚本家（劇作家）としては、古代ギリシャの時代にまで遡ることができます。アイスキュロス（紀元前525/524年頃 - 紀元前456/455年頃）、ソフォクレス（紀元前497/496年頃 - 紀元前406/405年頃）、エウリピデス（紀元前480年頃 - 紀元前406年頃）といった劇作家たちが、具体的な物語の筋書き、登場人物、対話、場面設定を含む詳細な脚本を執筆し、それらが舞台で上演されていました。彼らの活動は紀元前5世紀（およそ紀元前500年頃から）に集中しており、これが「脚本家」という職能の最も古い形態と考えられます。,,1,,"コミュニケーションスキル,クリエイティブライティング,ストーリーテリング,リサーチスキル,キャラクター開発","true,true,true,false,false",脚本・脚色技能士,FALSE,"東映株式会社,松竹株式会社,株式会社東宝","論理的思考力,創造力,表現力,物語構成力","false,true,true,true","最新技術への関心,ストーリーテリングへの興味","false,true",脚本家とは、映画、テレビドラマ、舞台、アニメーションなどの作品の脚本（シナリオ）を執筆する職業です。物語の筋書き、キャラクター、対話、場面設定などを創造し、視聴者や観客に感動や興奮を与えるストーリーを作り上げます。多くの場合、脚本家はプロデューサーや監督、その他のクリエイティブチームと密接に連携し、作品のコンセプトに沿ったシナリオを開発します。優れた脚本家は独自の視点やスタイルを持ち、物語を豊かに表現することが求められます。,42.5,19:00,70,1.5,31.2,25,38,600,6.5,広告・出版・マスコミ・エンタメ業
76,DJ,1935,1935年にウォルター・ウィンチェルがラジオアナウンサーのマーティン・ブロックを「ディスクジョッキー」と評したことが、この職業の起源とされています。ブロックはWNEWでの番組でレコードを選曲して放送し、聴衆を楽しませていました。これは、現代のDJが選曲を通じて聴衆を惹きつけるという役割の基礎を築いたものです。,,1,,"コミュニケーションスキル,音楽ミキシング,音響機器操作,音楽選曲","true,true,true,false",DJ検定,FALSE,"avex,Sony Music Entertainment Japan,Universal Music Japan","論理的思考力,継続力,音楽センス,コミュニケーション能力,スケジュール管理能力","false,false,true,true,false","音楽への情熱,最新技術への関心","true,false",DJは、音楽を選曲し、曲と曲をミックスして、聴衆を楽しませる役割を担う職業です。クラブ、イベント、ラジオ、バーなどで活動し、選曲のセンスや技術的なスキルが求められます。また、観客の反応を常に観察しながら、適切な音楽を選ぶ能力も重要です。,34,19:00,70,2,32,20,50,450,5,広告・出版・マスコミ・エンタメ業
77,グラフィックデザイナー,1922,グラフィックデザイナーという職務を明確に定義し、「グラフィックデザイン」という用語を初めて使用したのは、アメリカのブックデザイナーであるウィリアム・アディソン・ドウィギンスが1922年のことです。これにより、視覚伝達を専門とする職業としての概念が確立され、美術や印刷技術とは異なる独立した分野として認識されるようになりました。産業革命後の広告、出版、商業デザインの需要増加がこの専門職の誕生を促しました。,,1,,"Adobe Photoshop,Illustrator,コミュニケーションスキル,Creativity,Typography,Time Management,Attention to Detail","true,true,true,true,false,false,false","Adobe Certified Expert (ACE),Graphic Design Certification","false,false","DRAFT Inc.,博報堂,日本デザインセンター","論理的思考力,創造力,色彩センス,デジタルデザインツールのスキル,コミュニケーション能力,美的センス","false,true,true,true,false,true","最新技術への関心,視覚デザインへの関心,創造性と芸術への情熱,データ分析","false,true,true,false",グラフィックデザイナーは、視覚的なコンテンツを作成およびデザインする専門家です。広告、印刷媒体、デジタルメディア、ウェブサイト、ロゴ、プロダクトデザインなど、多岐にわたるプロジェクトに携わります。デザインソフトウェアを使用し、クライアントの要望やプロジェクトの目的に応じて、視覚的に効果的で魅力的なデザインを作成します。クリエイティビティと技術的スキルが求められ、色彩理論やタイポグラフィなどに関する知識も必要です。,,18:00,,,,,,550,4.5,デザイン・アート・クリエイティブ業
78,アプリケーションエンジニア,1968,アプリケーションエンジニアという職種は、ソフトウェアアプリケーションの開発、設計、実装、テストを行う専門家として定義されています。この種の職務が専門職として確立され始めたのは、1968年のNATOソフトウェア工学会議で「ソフトウェア工学（Software Engineering）」という概念が提唱された時期と重なります。この会議は、ソフトウェア開発の複雑性が増大し、より体系的かつエンジニアリング的なアプローチが必要であるという認識を世界的に広めました。これにより、単なるプログラマーではなく、設計、品質保証、プロジェクト管理を含む専門的なソフトウェア開発を担うエンジニアとしての役割が明確化され始め、現在のアプリケーションエンジニアの基礎が築かれました。,,1,,"コミュニケーションスキル,Python,SQL,Java,アルゴリズムの理解,システム設計","true,false,true,true,true,true",基本情報技術者試験,FALSE,"Microsoft,サイバーエージェント,楽天","論理的思考力,継続力,プログラミングスキル,コミュニケーション能力","true,false,true,true","最新技術への関心,データ分析","true,false",アプリケーションエンジニアは、ソフトウェアアプリケーションの開発、設計、実装、テストを行う専門家です。主にプログラミングによって、ユーザーの要件を満たすためのアプリケーションを作成します。加えて、技術的な問題の解決や、システムの最適化も行います。通常、業務はプロジェクトチームとして行われ、他のエンジニアやデザイナーと協力して効果的なソフトウェアソリューションを提供します。,32,19:30,85,2,31,15,45,550,4.5,情報通信業（IT・ソフトウェア・通信）
79,厩務員,1,古代ローマ帝国において、大規模な戦車競走や騎兵部隊の存在により、数千頭に及ぶ馬の飼育、訓練、健康管理が必須となり、専門的に馬の世話をする「厩務員」の職務が確立・普及しました。これは紀元前からの慣習が帝政期にさらに組織化された結果です。,,1,,"馬の世話に関する専門知識,観察力,コミュニケーションスキル","true,true,false","馬取扱者試験,馬装技術者資格","true,false",日本中央競馬会（JRA）,"動物愛と世話のスキル,体力と持久力","true,true","動物の世話,乗馬","true,false",厩務員は、競馬場や厩舎で馬の世話をする専門職です。主な業務には、馬の給餌、世話、厩舎の清掃、馬の健康管理、乗馬訓練の補助などが含まれます。馬の性格や行動を理解し、安全に扱うための知識と技術が求められます。体力が必要な仕事で、長時間労働や休日勤務も一般的です。,47,18:00,80,2,33,5,40,380,10,スポーツ・レジャー・イベント業
80,和菓子職人,1603,和菓子職人という専門職が明確に確立し、その技術と芸術性が大きく発展したのは、江戸時代（1603年〜1868年）に入ってからです。この時代には、茶の湯の普及と都市文化の成熟により、洗練された和菓子の需要が高まりました。これに応える形で、材料の選定から製造工程、そして見た目の美しさに至るまで、高度な専門技術を持つ職人が生まれ、その技を次世代へと継承していくシステムが確立されました。特に江戸時代初期は、現代に続く多くの和菓子の原型が作られ、職人たちの技術が飛躍的に向上した時期とされています。,,1,日本,"和菓子の歴史と文化理解,コミュニケーションスキル,和菓子の材料と調理法,手先の器用さ,クリエイティブなデザインセンス","false,false,true,true,false","製菓衛生師,和菓子技能士","true,false","とらや,鶴屋八幡,たねや","手先の器用さ,継続力,美的感覚,味に対する感性","true,true,false,false","伝統技術の継承,食材への興味,美的センス","true,true,false",和菓子職人は、日本の伝統的なお菓子である和菓子を手作りする専門家です。彼らは材料の選定から始まり、餡（あん）やもち米、生地の調合といった製造過程を精密にコントロールし、美しい見た目と味わいを両立させる技術を持っています。伝統的な技法を守りつつも、新しいアイデアを取り入れることも求められ、季節感を重視した作品を作り出します。和菓子職人は、長い修行と経験を重ねることによって、高度な技術を習得し、その職人技を次世代へと伝えていきます。,48,18:30,75,1.5,31,10,45,400,15,食料品製造業
81,中小企業診断士,1963,中小企業の経営や改善に関するコンサルティングを行う専門家としての職能は、1963年に制定された「中小企業指導法」に基づき、「中小企業診断員」の制度が発足したことに始まります。この制度により、中小企業に対する専門的な経営診断・助言を行う活動が本格的に始まり、現在の「中小企業診断士」へと発展しました。,,1,日本,"コミュニケーションスキル,ビジネス分析,財務知識,マーケティング戦略,プロジェクト管理","true,true,true,false,false",中小企業診断士（経済産業省）,TRUE,"株式会社タナベ経営,アタックスグループ,株式会社船井総合研究所,株式会社日本能率協会コンサルティング,東京コンサルティンググループ","論理的思考力,継続力,コミュニケーション能力,分析力,事業理解力","true,true,true,true,true","データ分析,経営コンサルティング,最新技術への関心,人間関係管理","true,true,false,false",中小企業診断士は、中小企業の経営や改善に関するコンサルティングを行う専門家です。彼らは企業の経営戦略、財務、マーケティング、人事管理などの分野でアドバイスを提供し、企業の成長と発展を支援します。国家資格であり、試験は経済学や経営学、法学、情報システムなど幅広い科目からなり、相当の知識と実務経験が求められます。,32,19:30,85,2,31,15,45,550,4.5,法律・会計・コンサルティング業
82,救急救命士,1991,日本では、1991年に救急救命士法が制定され、国家資格としての救急救命士制度が開始されました。これにより、医師の指示のもとで特定行為を含む高度な救急医療処置を現場で行う専門職として法的に位置づけられ、現在のような職業が確立しました。,,1,日本,"応急処置スキル,対人スキル,身体的フィットネス,ストレス管理,コミュニケーションスキル","true,false,true,true,true",救急救命士国家試験,TRUE,"日本赤十字社,東京消防庁,大阪市消防局","論理的思考力,迅速な意思決定能力,継続力,ストレス耐性,コミュニケーション能力","true,true,false,true,true","医療への関心,人命救助への情熱,最新技術への関心,ストレス管理能力,チームワーク","true,true,false,true,true",救急救命士は、事故や急病の現場で最初に対応し、患者の命を救うための専門的な医療処置を行う職業です。主に救急車などの緊急医療機関で働き、心肺蘇生法、AEDの使用、創傷処置、薬剤の投与などを行います。日本では、資格を取得するためには専門の教育課程を修了し、国家試験に合格する必要があります。,32,19:30,85,2,31,15,45,550,4.5,医療・福祉・介護業
83,ガラス工芸家,-3600,ガラス工芸家という職業の起源は、人工的なガラス製品が最初に作られ始めた時期に遡ります。最古のガラス製品は、紀元前3600年頃のメソポタミアで発見されたガラスビーズであるとされています。これは、装飾品としてのガラスがこの頃から意図的に製作され始めたことを示しており、この製作に携わった人々がガラス工芸家の始まりと見なせます。,,1,,"ガラス吹きの技術,デザインスキル,コミュニケーションスキル,耐熱・安全知識,手先の器用さ,色彩学","true,true,false,true,true,false","ガラス工芸技術士,カラーコーディネーター検定試験","false,false","佐竹ガラス株式会社,津軽びいどろ,ヴェネツィアンガラス,富山ガラス工房","手先の器用さ,美的感覚,注意力,創造力,継続力","true,true,true,false,false","芸術とデザインへの関心,物理的なスキルの向上に対する興味","true,false",ガラス工芸家は、ガラスを素材として用い、装飾品、工芸品、実用的なガラス製品を製作する職業です。彼らは、溶けたガラスを操作するために吹きガラス、切削、研磨、ステンドグラスなどの技術を駆使します。伝統的な手法と現代的なデザインを融合させ、独自の作品を生み出します。耐熱性、透明度、色彩効果など、ガラスの特性を活かして、芸術的あるいは実用的価値のある作品を創り出します。ガラス工芸家は、通常、芸術家としての視点だけでなく、技術的なスキルや素材に関する深い知識も要求されます。,42.5,19:00,70,2,32,10.5,50,500,10.2,セラミックス・ガラス・土石製品製造業
84,スーツアクター,1954,「スーツアクター」という職業の概念は、特撮映画の隆盛と共に日本で確立されました。特に1954年に公開された映画『ゴジラ』において、俳優が着ぐるみに入り怪獣を演じるという手法が確立され、この分野のパイオニアとして中島春雄氏が活躍しました。重く動きづらいスーツの中でキャラクターの感情や動きを表現する専門的な技術が求められるようになり、この時期に「スーツアクター」という専門職が誕生したとされています。,,1,,"高いフィジカル・アスリート能力,コミュニケーションスキル,表現力,耐久力・体力,チームワーク","true,true,true,true,false","身体能力とパフォーマンスの訓練,アクションスタントトレーニング","true,false","東映株式会社,円谷プロダクション,松竹株式会社","継続力,身体的柔軟性,演技力,スタミナ,安全意識","true,true,false,true,true","演技と身体表現の興味,アクションシーンへの興味,身体的なフィットネス,忍耐力","true,true,true,false",スーツアクターは、特撮やアニメーション映画、テーマパークのパフォーマンスなどで、特殊なコスチュームやスーツを着用してキャラクターを演じる俳優です。彼らの役割は、しばしばキャラクターの個性を体全体で表現し、スーツ内での動きを通じて物語を進行させることにあります。また、スーツアクターは演技だけでなく、体力的な要求も非常に高く、コスチュームが重く動きづらい場合も多いため、身体能力や持久力、そして高度なアクションスキルが求められます。日本では特に「スーパーヒーロー」や「怪獣」映画、テレビシリーズで重要な役割を担っています。,32,19:30,85,2,31,15,45,550,4.5,広告・出版・マスコミ・エンタメ業
85,スタントマン,1914,映画界でスタントマンという役割が確立され始めたのは、連続活劇の台頭と密接に関連しています。特に、1914年に公開された「ポーリンの危難 (The Perils of Pauline)」のような作品では、主演女優パール・ホワイトの危険なシーンを演じるために、フランク・マクグラスのような人物が専門的に雇われました。これが、危険なシーンを専門に演じる「スタントマン」という職業が明確に認識され、需要が高まった初期の例とされています。,,1,,"身体的フィットネス,スタント技術,安全管理知識,コミュニケーションスキル","true,true,true,false","スタントマン養成所の修了証,スタント安全技術資格","false,true","東宝スタントチーム,ユニバーサル・スタジオ・ジャパン","身体的健康,危機管理能力,継続力,運動神経,判断力","true,true,false,true,true","リスクテイクとスリルへの興味,身体的活動や運動に対する興味,最新技術への関心","true,true,false",スタントマンは、映画、テレビ、舞台、またはその他のメディアにおいて、危険を伴うシーンを演じる役割を担っています。通常、俳優が行うにはリスクが高すぎるアクションやシーンを演じます。スタントマンの仕事には、高所からの飛び降り、火を使ったシーン、激しいアクションシーンの実施などが含まれます。高度な技術や訓練が求められ、身体的な制約に対する耐性や危険を管理する能力が必要です。また、安全第一で行動し、プロフェッショナルなチームの一員として働くことが求められます。,34,19:00,95,1.5,32,20,50,550,5.2,広告・出版・マスコミ・エンタメ業
86,音楽雑誌記者,1823,音楽雑誌記者という職業は、1823年にロンドンで創刊された『The Harmonicon』のような初期の音楽専門誌の登場とともに本格的に確立され始めました。『The Harmonicon』は、音楽レビュー、記事、音楽業界のニュースなどを掲載し、音楽に関する情報を収集し執筆する専門の記者が存在したことを示しています。,,1,,"コミュニケーションスキル,音楽知識,インタビュー技術","true,true,false","音楽理論検定,音楽ジャーナリスト認定資格","false,false","ローリングストーン,音楽と人,ロッキング・オン","継続力,文章力,音楽への情熱,論理的思考力,対人コミュニケーション能力,リサーチ能力","true,true,true,false,false,false","最新技術への関心,音楽への強い関心","false,true",音楽雑誌記者は、音楽関連の情報を収集し、それを元に記事を書く職業です。主要な業務として、アーティストのインタビュー、ライブや音楽イベントの取材、アルバムや楽曲のレビュー、音楽業界の動向を調査するなどがあります。音楽ファンや一般読者に向けて興味深い記事を提供するために、常に最新の音楽トレンドを把握し、音楽シーンにおける新たな動きや注目されているアーティストを追うことが求められます。文章力はもちろん、音楽に対する深い知識と情熱が必要です。,42,19:30,70,2,35,20,50,600,8.2,広告・出版・マスコミ・エンタメ業
87,イラストレーター,1842,1842年に創刊された世界初の週刊イラスト新聞「The Illustrated London News」など、19世紀半ばに登場した大衆向けのイラスト入り定期刊行物（雑誌や新聞）の隆盛により、専門的なイラストレーターの需要が大幅に増加し、独立した職業として確立されました。この時期、リソグラフィーや木版画などの印刷技術の進歩も、イラストレーターの商業的活動を促進しました。,,1,,"コミュニケーションスキル,Adobe Illustrator,Creative Thinking","false,true,true","Adobe Certified Professional,CLIP STUDIO PAINT EX Certification,Wacom Certified Instructor","false,false,false","ピクシブ,カドカワ,集英社","継続力,創造力,論理的思考力,美術センス","true,true,false,true","最新技術への関心,色彩への興味","false,true",イラストレーターは、商業的または芸術的な目的でイラストを作成する職業です。デジタルや手描きの技術を用いて、書籍、雑誌、広告、ビデオゲーム、ウェブサイト、アニメーションなどさまざまなメディアのイラストを制作します。クライアントの要望をもとに、視覚的なコンセプトを考え出し、それを具体的な作品として具現化します。クリエイティブな表現力と技術的なスキルが求められます。,32,19:30,85,2,31,15,45,550,4.5,デザイン・アート・クリエイティブ業
88,メカトロニクス技術者,1969,メカトロニクス（Mechatronics）という用語は、日本の安川電機に所属していた森 哲郎（Tetsuro Mori）氏によって1969年に初めて提唱されました。この用語は、機械工学と電子工学の統合を指し、この概念の誕生がメカトロニクス技術者という専門職の基礎を築きました。,,1,,"メカトロニクスの知識,Python,コミュニケーションスキル,制御システム設計,SQL,電気回路設計の知識,機械設計の知識","true,false,true,true,false,true,true","機械設計技術者認定,計測制御エンジニア,基本情報技術者試験","false,false,false","トヨタ自動車,日立製作所,三菱電機株式会社","論理的思考力,継続力,技術的知識とスキル,問題解決能力,コミュニケーション能力","true,true,true,true,false","最新技術への関心,データ分析,メカトロニクス技術","true,false,true",メカトロニクス技術者は、機械工学と電子工学を統合して設計や製造を行う専門職です。自動化システム、ロボット工学、制御システムの開発に携わり、多くの場合、プログラミングやシステムの設計からテストまでを担当します。現代の製造業や開発環境では不可欠な役割を担っており、高度な技術力と広範囲な知識が求められます。,32,19:30,85,2,31,15,45,550,4.5,機械製造業
89,ツアープランナー,1855,ツアープランナーの職業は、包括的な旅行パッケージが初めて商業的に提供された時期にその起源を持ちます。この分野のパイオニアとして知られるトーマス・クックが、1855年にイギリスからパリ万国博覧会への最初の包括的な団体旅行を企画・実施しました。この旅行には、交通、宿泊、食事などが含まれており、現代のツアープランニングの原型となりました。,,1,,"コミュニケーションスキル,SQL,Python,旅行業に関する知識,顧客のニーズを理解する能力","true,false,false,true,true",旅行業務取扱管理者,TRUE,"株式会社HIS,株式会社JTB,エイチ・アイ・エス","論理的思考力,コミュニケーション能力,創造力,継続力,文化的理解","true,true,false,false,false","旅行や観光への興味,データ分析","true,false",ツアープランナーは、旅行や観光ツアーの企画および手配を行う職業です。具体的には、顧客の要望や興味に応じて旅行プランを立案し、宿泊施設や交通機関の予約、現地ガイドの手配などを行います。また、旅行日程の作成やコストの見積もり、顧客対応なども担当します。旅行業界や観光地についての知識が求められ、顧客の満足度を高めるために創造力や企画力も重要な要素とされます。,32,19:30,85,2,31,15,45,550,4.5,宿泊・観光業
90,楽器インストラクター,1795,楽器インストラクターという職業は、古くから徒弟制度のような形で存在しましたが、音楽教育の専門家として明確に職務が確立され、体系的なカリキュラムに基づいた指導が音楽学校で行われるようになったのは、18世紀後半から19世紀初頭にかけてです。特に、フランス革命後の1795年に設立されたパリ国立高等音楽院（Conservatoire de Paris）は、その教育システムと専門的な教授陣によって、楽器教育を専門とする「インストラクター」や「教授」という役割を確立し、世界中の音楽教育機関に大きな影響を与えました。これにより、特定の楽器を専門的に教える専門職としての楽器インストラクターが広く認識されるようになりました。,,1,,"コミュニケーションスキル,音楽理論の知識,演奏技術,指導能力,柔軟性","true,true,true,true,false","音楽指導者資格,音楽教員免許","false,false","Yamaha,Kawai,Roland","音楽の専門知識,継続力,コミュニケーション能力,教育スキル,感受性,論理的思考力","true,true,true,true,false,false","最新技術への関心,音楽と楽器への情熱,教育への興味","false,true,true",楽器インストラクターは音楽教育の専門家であり、特定の楽器（例：ピアノ、ギター、バイオリンなど）の演奏技術を学生に教える仕事です。彼らは楽器の基本から高度なテクニックまで幅広い知識を持ち、新しい生徒への楽器の紹介からプロフェッショナルレベルの演奏スキルの指導まで行ないます。また、生徒の進捗を評価し、個々のニーズに応じたカリキュラムを作成し、モチベーションを高めるサポートを提供します。音楽学校、個別レッスンスタジオ、または独立してプライベートレッスンを提供する場合もあります。,,18:00,,,,,,380,4.5,教育・学習支援業
91,照明スタッフ,1881,「照明スタッフ」という職業は、舞台やイベント、映画、テレビ番組などのシーンに照明を設置・操作し、技術的な知識とアーティスティックな感覚を駆使して、ライトの配置や角度、色彩を調整する役割を指します。このような高度な技術と芸術性を伴う照明操作は、電気が照明の主要な動力源となってから本格的に発展しました。特に、1881年にロンドンのサヴォイ劇場が世界で初めて完全に電気で照明された公共の建物として開場したことは、舞台照明の歴史における画期的な出来事です。これ以降、電気照明は劇場の演出に不可欠な要素となり、その複雑なシステムを管理し、芸術的な効果を創出するための専門の「照明スタッフ」が必要不可欠となりました。電力供給の管理や機材のメンテナンスもこの時代から重要視されるようになったため、この年を職業の起源として適切と考えます。,,1,,"コミュニケーションスキル,照明技術,デザインセンス","true,true,false","電気工事士,基本情報技術者試験","false,false","松下電工,日立製作所,東芝ライテック","継続力,色彩感覚,計画能力,論理的思考力","true,true,false,false","舞台やイベントへの興味,照明設計への興味,最新技術への関心","true,true,false",照明スタッフは、ステージやイベント、映画、テレビ番組などのシーンに照明を設置・操作する職業です。彼らはシーンのムードや雰囲気を効果的に演出するために、技術的な知識とアーティスティックな感覚を駆使して、ライトの配置や角度、色彩を調整します。また、機材の準備やメンテナンス、電力供給の管理も行います。,35,19:00,80.5,2,31,15.5,45,450,5.2,広告・出版・マスコミ・エンタメ業
92,新聞記者,1835,1835年にニューヨーク・ヘラルド紙が創刊され、ジェームズ・ゴードン・ベネットが初めて専属の記者を雇用し、現場でのニュース取材と記事執筆を体系的に行うようになったため。これにより、現代の新聞記者の職務形態が確立されたと考えられています。,,1,,"コミュニケーションスキル,リサーチ力,文章力,ニュースの価値を判断する能力","true,true,true,false",基本情報技術者試験,FALSE,"読売新聞,朝日新聞,毎日新聞,日本経済新聞,産経新聞","論理的思考力,継続力,コミュニケーション能力,調査能力,文章力,好奇心","true,false,true,true,true,false","最新技術への関心,社会問題への関心,データ分析,文章表現力への興味","false,true,false,true",新聞記者は、ニュースを取材し、記事を執筆する職業です。取材対象は政治、経済、社会、文化、スポーツなど多岐にわたり、正確かつ迅速な情報を提供することが求められます。記者は現場での取材だけでなく、資料調査やインタビューを通じて情報を集め、それをもとに読者にわかりやすく伝える記事を作成します。長時間労働が求められることもあり、緊急のニュースには即時対応が必要です。多くの場合、新聞社やニュース媒体に所属しますが、フリーランスとして独立して活動することもあります。,42.5,19:00,73,2,31.5,25,45,600,8.5,広告・出版・マスコミ・エンタメ業
93,コンサートプロモーター,1672,ジョン・バニスターがロンドンで有料の公開コンサートを企画し始め、商業的な音楽イベントのモデルを確立した。これは、アーティストとの協力、会場の選定、チケット価格の設定、イベントの宣伝といった現代のコンサートプロモーターの基本的な役割の萌芽と見なされる。,,1,,"コミュニケーションスキル,プロジェクト管理,ネゴシエーション能力,SQL,イベントプランニング,マーケティング知識","true,true,true,false,false,false","イベント業務管理者資格,イベント検定","false,false","クリエイティブマンプロダクション,Live Nation Entertainment,ソニーミュージックエンタテインメントジャパン","論理的思考力,継続力,コミュニケーション能力,交渉力,マーケティング知識","true,true,true,false,false","データ分析,イベントオーガナイゼーションと管理,音楽業界の知識,最新技術への関心,マーケティングおよび広告","false,true,true,false,true",コンサートプロモーターは、音楽イベントの企画、運営、宣伝を担当する職業です。主な役割としては、アーティストやそのマネージメントと協力しながら、コンサートのスケジュールを立て、会場の選定、チケット価格の設定、広告キャンペーンの実施、そして各種必要な手配を行います。また、イベントがスムーズに進行するよう、当日の運営を監督することも重要な業務の一つです。交渉力やマルチタスク能力、音楽業界のトレンドに対する洞察力が求められます。,34,19:00,70,1.5,32,20,50,550,5,広告・出版・マスコミ・エンタメ業
94,ギタリスト,1800,ギタリストという職業は、現代の6弦ギターを演奏し、作曲、教育、演奏活動を行う専門の音楽家として、19世紀初頭に顕著に確立されました。特に、マウロ・ジュリアーニ（1781-1829）やフェルナンド・ソル（1778-1839）といった人物が、卓越したギタリスト兼作曲家としてキャリアを築き、主要なヨーロッパ都市で演奏し、多くの作品を発表しました。彼らの19世紀初頭における活動が、プロのギタリストという役割を確立する上で重要な役割を果たしました。,,1,,"コミュニケーションスキル,音楽理論,ギター演奏技術,クリエイティブな表現力","false,true,true,false",音楽学校の卒業認定資格,FALSE,"Fender,Gibson,Yamaha","継続力,音楽的センス,指の俊敏性,リズム感","true,true,false,false","音楽への情熱,創造性","true,true",ギタリストはギターを演奏し、曲やメロディを生み出す音楽家です。彼らは音楽バンドや個々のアーティストとして活動し、様々なジャンルでライブ演奏や録音を行います。ギタリストは技術的な演奏能力と音楽的な表現力が求められ、時には作曲や編曲も行うことがあります。新しい楽曲を創作する場合も、既存の曲をカバーする場合もあります。,,18:00,,,,,,550,4.5,広告・出版・マスコミ・エンタメ業
95,ベルパーソン,1877,ベルパーソン（ベルボーイ/ベルホップ）という職務が確立され、大規模なホテルで広く採用されるようになったのは19世紀後半です。特に「ベルボーイ」という呼称の初出は1877年に記録されており、これは現代のホテルサービス業の発展と密接に関連しています。この時期、ホテルは単なる宿泊施設から、より多くのサービスを提供する場所へと進化し、顧客の荷物運搬や案内などの専門的なアシスタントが必要とされました。,,1,,"コミュニケーションスキル,サービス精神,体力","true,true,false","接客マナー検定,観光英語検定","false,false","ANAインターコンチネンタルホテル東京,ホテルニューオータニ,パークハイアット東京","継続力,コミュニケーション能力,営業力,サービスマインド","false,true,false,true","接客への関心,効率的な荷物運搬への興味","true,false",ベルパーソンは、ホテルやリゾートなどの宿泊施設で、お客様の荷物を運んだり、チェックインやチェックアウトの際にサポートを行う役割を担います。お客様の出迎えや見送り、館内の設備案内なども含まれ、多岐にわたる接客業務を行います。対面での接客スキルや相手をもてなす心が重要となります。,32,19:30,85,2,31,15,45,550,4.5,宿泊・観光業
96,音響スタッフ,1927,1927年に公開された映画「ジャズ・シンガー」がトーキー（発声映画）の成功を決定づけ、映画制作において音響の録音、ミキシング、再生を専門的に行う「サウンドエンジニア」や「音響技師」の需要が急速に高まりました。これにより、音響の質を管理し、最適な音響効果を提供する専門職としての「音響スタッフ」が明確に確立されたと考えられます。,,1,,"コミュニケーションスキル,音響機器操作スキル,音響システム設計能力,空間音響処理能力","true,true,false,false","音響技術者資格,舞台技術者資格","false,false","ヤマハ株式会社,ローランド株式会社,ヒビノ株式会社","論理的思考力,継続力,音響技術知識,コミュニケーション能力","false,true,true,true","最新技術への関心,音楽及び音響機器への関心","true,true",音響スタッフは、音楽ライブ、演劇、テレビ番組や映画などで音の質を管理し、最適な音響効果を提供する職業です。具体的には、マイクやスピーカーのセッティング、音響機器の操作、録音作業、音声のバランス調整などを行います。また、現場での音響トラブルに対処し、常に最高の音質を提供できるように準備と保守作業も担当します。豊富な専門知識と現場経験が求められる職種です。,,18:00,,,,,,450,4.5,広告・出版・マスコミ・エンタメ業
97,ゲームプランナー,1981,ゲームプランナーの職務内容は、ゲームのコンセプト立案、ストーリー・キャラクター・ルール・システム・レベルデザインの設計、チーム協力、スケジュール管理、プロトタイプ作成など多岐にわたります。このような専門的な役割が明確に存在し始めたのは、ビデオゲームが商業的に成功し、より複雑なゲームが開発されるようになった時期、特にアーケードゲームの黄金期から家庭用ゲーム機の黎明期にかけてです。任天堂の宮本茂氏が『ドンキーコング』を1981年に手掛けた際、彼はキャラクター、ステージ、ゲームプレイの仕組みなど、現在のゲームプランナーが担う役割の多くを実行していました。この時期から、ゲーム開発において企画・設計を専門的に担当する職務が確立されていきました。,,1,,"コミュニケーションスキル,ゲームデザインの知識,プラットフォームやハードウェアに関する知識,プロジェクト管理スキル","true,true,false,false",ゲームデザイン関連の専門学校卒業資格,FALSE,"スクウェア・エニックス,バンダイナムコエンターテインメント,コナミデジタルエンタテインメント","論理的思考力,継続力,クリエイティビティ,チームワーク能力,コミュニケーション能力","true,true,true,false,false","最新技術への関心,ゲームデザインへの関心,創造的思考","false,true,true",ゲームプランナーとは、ゲーム開発プロジェクトにおいて、企画・設計を担当する職種です。ゲームのコンセプトを考え、それに基づいたストーリーやキャラクター、ルール、システム、ゲーム内のレベルデザインなどを具体的に設計します。チームメンバーと協力して、ゲーム全体の構成をまとめ、スケジュール管理や進行管理も行うことがあります。また、新しいゲームのアイデアを提案し、プロトタイプを作成してゲームのビジョンを形にする役割も担います。ゲームの成功に大きく影響するため、創造性やコミュニケーション能力が求められます。,32,19:30,85,2,31,15,45,550,4.5,情報通信業（IT・ソフトウェア・通信）
98,調教師,2700,古代エジプトでは、紀元前2700年頃とされる古王国時代から、犬、サル、ライオンなどの動物が狩猟、娯楽、補助作業のために訓練されていたことを示す壁画や遺物が数多く残されています。これは、動物の行動を意図的に調整し、特定の目的のために訓練する専門的な活動、すなわち調教師に相当する役割がこの時代には既に確立されていたことを示唆しています。,,1,,"コミュニケーションスキル,動物との信頼関係を築く能力,調教方法の知識,観察力","true,true,true,false","調教師免許,馬術の専門知識","true,false","JRA（日本中央競馬会）,NAR（地方競馬全国協会）,馬主協会（Japan Owners Association）","動物とのコミュニケーション能力,継続力,論理的思考力,問題解決能力","true,true,false,true","動物に対する愛情,動物行動の理解,最新技術への関心,データ分析","true,true,false,false",調教師は、動物の行動を訓練し調整する職業です。動物園、サーカス、レース業界などで働き、動物の安全と健康を考慮しながら特定の行動を引き出すよう訓練します。動物の種類やトレーニングの目的に応じて、適切なトレーニング手法を用いる必要があります。また、動物のケアや環境の維持、トレーニング計画の作成など、多岐にわたる業務も担当します。さらに、動物の身体的・精神的な健康管理も重要な役割となります。,50.8,19:00,82.6,1.5,33.5,25.2,60.1,600,15.5,スポーツ・レジャー・イベント業
99,スポーツジャーナリスト,1853,スポーツジャーナリズムの起源は、主に19世紀半ばにまで遡ります。アメリカ合衆国において、1853年に創刊された『The New York Clipper』は、演劇とともにスポーツ（野球、ボクシング、競馬など）に特化した報道を行う初の主要な週刊誌となり、この種の専門メディアの誕生が、スポーツイベントや選手を取材し記事を執筆する専門職としての「スポーツジャーナリスト」の出現を後押ししました。これにより、一般的なニュースレポーターがスポーツを片手間に扱うのではなく、専業としてスポーツ報道を行うジャーナリストが存在するようになりました。,,1,,"コミュニケーションスキル,取材力,SQL,ライティングスキル,スポーツ知識","true,true,false,true,false","スポーツジャーナリズム検定,基本情報技術者試験","false,false","株式会社スポーツニッポン新聞社,株式会社日刊スポーツ新聞社,朝日新聞社","論理的思考力,コミュニケーション能力,知識の追求","true,true,false","最新技術への関心,スポーツへの関心,コミュニケーションスキル,文章を書くことへの興味","false,true,true,true",スポーツジャーナリストは、主にスポーツイベントや大会、選手の取材を行い、その内容を記事やリポートとして報道する職業です。試合の実況、選手・チームのインタビュー、スポーツの最新情報やトレンド分析など、幅広い活動を行います。また、新聞、雑誌、テレビ、インターネットなど、さまざまなメディアを通じて情報を発信し、スポーツの魅力を伝える役割を担っています。専門知識や分析力、取材力が求められ、そのために頻繁にスポーツ現場に足を運ぶことも少なくありません。コミュニケーション能力や文章力も重要です。,43,20:30,89.5,1.5,31,25,55,720,15.2,広告・出版・マスコミ・エンタメ業
100,CMプランナー,1941,CMプランナーの職務内容であるテレビコマーシャルの企画・制作の必要性は、世界で最初のテレビコマーシャルがアメリカで放送された1941年に誕生しました。この時、Bulova WatchのコマーシャルがWNBT（現WNBC）で放送され、以降、CMを戦略的に企画・制作する専門家の役割が不可欠となりました。,,1,,"コミュニケーションスキル,マーケティング戦略,クリエイティブな発想力,プロジェクト管理スキル,プレゼンテーション能力","true,true,true,false,false","マーケティング能力検定,広告プランナー検定","false,true","サイバーエージェント,D2C","論理的思考力,クリエイティビティ,コミュニケーション能力,マーケティングの知識","true,true,false,false","最新技術への関心,データ分析,マーケティングへの興味,クリエイティブな表現に対する興味","true,false,true,false",CMプランナーは、広告主や企業が伝えたいメッセージを適切にターゲットオーディエンスに届けるためのテレビコマーシャル（CM）を企画・制作する専門家です。彼らは、クライアントの製品やサービスの特徴を把握し、それを元に効果的なストーリーテリングやビジュアルコンセプトを作成します。また、広告の目的やターゲット層に応じたメディア戦略を立て、どのメディアでCMを流すのが最も効果的であるかを考慮します。さらに、制作チームやディレクターと協力して撮影や編集を進行管理し、完成したCMが広告の目標を達成できるような内容であるか確認します。,32,19:30,85,2,31,15,45,550,4.5,広告・出版・マスコミ・エンタメ業
101,演出家,1866,近代的な意味での「演出家」という専門職の始まりは、ドイツのザクセン＝マイニンゲン公ゲオルク2世が、自らの宮廷劇場で演劇作品のあらゆる要素（演技、衣装、舞台美術、照明など）を一貫した芸術的ビジョンのもとに統合し、全体を統括する役割を担い始めた1866年頃に遡るとされています。彼の指導により、個々の俳優に依存するのではなく、作品全体の統一性とリアリズムを追求する演劇制作が確立され、これが現代の演出家の原型となりました。,,1,,"コミュニケーションスキル,演出の知識,創造性,リーダーシップ,批評的思考,プロジェクト管理","true,true,true,true,false,false",舞台制作技能士,FALSE,"東宝株式会社,松竹株式会社,株式会社ホリプロ,吉本興業株式会社,宝塚歌劇団","論理的思考力,創造力,コミュニケーション能力,継続力,リーダーシップ","true,true,true,false,false","最新技術への関心,芸術への関心,人間の心理や行動への興味","false,true,true",演出家は、映画、演劇、テレビ番組などの芸術的な作品の制作において、全体のコンセプトを考案し、キャストやスタッフと協力しながら作品を具現化する役割を担う職業です。演出家はビジョンを具体的な形にするために、脚本を研究し、オーディションを主催してキャストを選び、リハーサルを指導し、撮影や公演の各段階でクリエイティブな決定を下します。演出家は芸術的なセンスとリーダーシップ能力が求められ、しばしば高いレベルのコミュニケーション能力とプロジェクト管理能力も必要とされます。,42.3,20:00,78.2,1.5,35.8,25.5,55.1,750,10.2,広告・出版・マスコミ・エンタメ業
102,水族館スタッフ,1853,水族館スタッフという職業は、最初の公共水族館の設立とともに始まったと考えられます。1853年にロンドンのリージェンツ・パーク動物園に開設された「フィッシュハウス」が世界初の公共水族館とされており、ここから水生生物の飼育管理、展示、来園者対応といった専門的な業務を行うスタッフが必要とされました。,,1,,"コミュニケーションスキル,水生生物の知識,安全管理スキル,体力,接客スキル","true,true,true,false,false","潜水士,動物取扱責任者","false,false","サンシャイン水族館,海遊館,鴨川シーワールド","継続力,動物愛,顧客サービススキル,環境保護意識","true,true,false,false","海洋生物への関心,データ分析","true,false",水族館スタッフは、水族館で様々な業務を担当する職業です。主な業務内容には、飼育している水生生物の管理・世話、来館者へのガイドや教育プログラムの運営、展示水槽の清掃やメンテナンス、イベントの企画運営などが含まれます。また、安全管理や水質管理を行い、水生生物が快適に暮らせる環境を維持することも重要です。対人コミュニケーションスキルや生物に関する知識が求められる職業です。,,18:00,,,,,,350,4.2,宿泊・観光業
103,テーマパークスタッフ,1896,テーマパークスタッフという職業は、永続的な施設として運営される遊園地が登場し始めた時期に成立しました。ゲストの接客、アトラクションの運営、清掃、安全管理といった多岐にわたる業務が必要とされたためです。1896年に開園したイギリスのブラックプール・プレジャー・ビーチや、1897年にニューヨークのコニーアイランドに開園したスティープルチェイス・パークのような大規模な遊園地は、これらの役割を担う専門のスタッフを組織的に配置し始めた初期の例であり、現代のテーマパークスタッフの原型が形成された時期とされています。,,1,,"コミュニケーションスキル,顧客サービス,チームワーク,柔軟性,問題解決能力","true,true,false,false,false","接客サービスマナー認証,普通救命講習","false,false","株式会社オリエンタルランド,トヨタ自動車","継続力,コミュニケーション能力,高い体力と体調管理能力,柔軟な対応力","true,true,false,false","最新技術への関心,人とのコミュニケーション","false,true",テーマパークスタッフは、テーマパークや遊園地で働く職業で、ゲストの接客やアトラクションの運営、イベントのサポート、清掃、安全管理など多岐にわたる業務を担当します。主な役割には、入場ゲートでのチケット確認やガイド、アトラクションの操作と説明、園内の案内とサポート、パレードやショーの運営補助などが含まれます。ゲストに楽しい体験を提供するために、常に笑顔でのコミュニケーションが求められ、接客スキルやチームワークが重要です。,34,19:30,60,2,30,12,50,450,5,スポーツ・レジャー・イベント業
104,映像ディレクター,1902,映画製作の初期において、ジョルジュ・メリエスが『月世界旅行』（1902年）のような作品で、脚本の解釈、演出、美術、特殊効果、編集といった映画制作のあらゆる創造的・技術的側面を統合的に指揮する役割を確立しました。これにより、現代の映像ディレクターの原型となる職業が存在し始めたと考えられます。,,1,,"コミュニケーションスキル,映像編集技術,チームマネジメント能力,クリエイティブなビジュアルデザイン,プロジェクト管理","true,true,false,false,false","映像系の学位,映像制作技術の専門資格","false,false","東映,TBSテレビ,テレビ朝日","創造力,論理的思考力,コミュニケーション能力,継続力,ビジュアルストーリーテリング,プロジェクト管理能力","true,true,true,false,true,false","最新技術への関心,データ分析,視覚芸術への強い関心,ストーリーテリング能力,コミュニケーション能力","true,false,true,true,true",映像ディレクターは、映画、テレビ番組、コマーシャルなどの映像作品の制作を指揮する職業です。彼らは、脚本の解釈、演技指導、撮影のスタイル決定、編集の監督など、作品を完成させるためのすべてのクリエイティブおよび技術的な側面を管理します。ディレクターは、視聴者に訴えるビジュアルストーリーを作成するためのビジョンを持ち、チームと協力してそのビジョンを実現します。,38,20:30,85.7,1.5,31,25,45.2,700,7.5,広告・出版・マスコミ・エンタメ業
105,漫画家,1905,北澤楽天が日本初のカラー漫画専門誌『東京パック』を創刊し、彼自身も専属の漫画家として多くの作品を発表しました。これにより、ストーリーと絵で読者に漫画を提供する「漫画家」という職業が確立されました。,,1,,"コミュニケーションスキル,イラストスキル,ストーリーテリング,時間管理能力","false,true,true,false","美術・デザイン系の専門学校卒業,デジタルイラストソフトの操作スキル","false,false","集英社,講談社,小学館,白泉社","継続力,創造力,芸術的感性,ストーリーテリング能力,論理的思考力","true,true,true,true,false","物語の創作,キャラクターデザイン,ビジュアルストーリーテリング,最新技術への関心,データ分析","true,true,true,false,false",漫画家は、ストーリーやキャラクターを絵と文章で描写し、漫画という形式で読者に提供する職業です。通常、アイデアを練り上げ、ネーム（ストーリーのアウトライン）を作成し、それに基づいて作画を行います。週刊や月刊の雑誌、単行本などの形式で作品が発表されることが多いです。独創性が必要で、締め切りのある厳しいスケジュール管理能力も求められます。,32,19:30,85,2,31,15,45,550,4.5,広告・出版・マスコミ・エンタメ業
106,イベントプロデューサー,1980,イベントプロデューサーという専門職は、1980年代にその地位を確立し始めました。この時期、企業イベント、大規模なエンターテイメント、展示会などの複雑化と多様化が進み、イベントの企画から実施までを総合的に管理する専門職の需要が飛躍的に高まりました。これにより、マーケティングや広報活動の一部ではなく、イベントマネジメントが独立した専門分野として認識され、「イベントプロデューサー」という役割が明確化されていきました。国際スペシャルイベント協会（ISES、現在のILEA）が1987年に設立されたことも、この時期に業界が専門職としての組織化を進めたことを示しています。,,1,,"コミュニケーションスキル,プロジェクト管理スキル,クリエイティブ思考,SQL","true,true,false,false","イベント業務管理者,プロジェクトマネージャー資格","false,false","株式会社リクルート,株式会社電通,株式会社博報堂","論理的思考力,継続力,創造力,コミュニケーション能力","true,true,true,true","プロジェクト管理,顧客とのコミュニケーション能力,最新技術への関心,クリエイティブな発想力,予算管理能力","true,true,false,true,false",イベントプロデューサーは、イベントの企画から実施までを総合的に管理し、成功裏に終了させる役割を担います。クライアントの要望を基にアイデアを提案し、予算の管理、会場の選定、必要なスタッフの手配、そして舞台や広告の準備などを行います。優れたコミュニケーション能力、組織力、問題解決能力が求められます。様々なイベント、例えばコンサート、ビジネス会議、展示会などを取り仕切ります。,32,19:30,85,2,31,15,45,550,4.5,スポーツ・レジャー・イベント業
107,カーアドバイザー,1920,自動車の大量生産が本格化し、多種多様なモデルが市場に登場した1920年代に、専門的な知識を持った販売員がお客様のニーズに合わせた車種選定のアドバイス、試乗のサポート、購入手続きの案内を行う必要性が高まりました。この時期に、今日のカーアドバイザーとほぼ同等の役割を担う職業が自動車販売店やショールームで確立され始めました。,,1,,"コミュニケーションスキル,交渉スキル,自動車知識","true,true,true",自動車販売士,FALSE,"トヨタ自動車,日産自動車,本田技研工業","論理的思考力,コミュニケーション能力,顧客志向,商品知識,継続力","true,true,true,true,false","データ分析,自動車の技術とトレンドへの興味,顧客とのコミュニケーション能力,最新技術への関心","false,true,true,false",カーアドバイザーは、自動車販売店やショールームでお客様に車の情報を提供し、購入をサポートする職業です。顧客のニーズに合わせた車選びのアドバイス、試乗のサポート、購入の手続きなどに加え、車に関する様々な質問に答えます。また、顧客との良好な関係を築き、再来店を促進する役割も担います。,32,19:30,85,2,31,15,45,550,4.5,小売業・EC・流通業
108,作家,1710,1710年に英国で「アン女王著作権法（Statute of Anne）」が制定され、著者に出版物の著作権が初めて明確に認められました。これにより、作家は自らの作品の権利を主張し、それを通じて生計を立てる、現代的な意味での職業としての基盤が確立されたためです。,,1,,"コミュニケーションスキル,創造的思考,文法と文章作成能力,読解力,リサーチ能力","false,true,true,false,true",文学修士,FALSE,"講談社,集英社,文藝春秋","継続力,創造力,表現力,観察力,文章構成力,論理的思考力","true,true,true,false,true,false","創造性,ストーリーテリング","true,true",作家はフィクションやノンフィクションの作品を執筆する職業です。小説、短編、小論文などを通じて、自身の創造力やアイデアを文章化します。出版やオンラインプラットフォームを通じて、読者に作品を届けることを目的としています。作家として成功するには、文章力、創造力、自己管理能力が重要です。また、出版業界やマーケティングの知識も有益です。,46.4,19:30,75.2,1.8,30.7,25.5,55.3,720,10.2,広告・出版・マスコミ・エンタメ業
109,アニメーター,1908,アニメーターという職業の始まりは、一般的にフランスのアーティストであるエミール・コールが1908年に制作した『ファンタスマゴリー』という作品が根拠とされています。コールは、この作品を映画会社ゴーモンで制作しており、アニメーション作品を専門的に作り出すという点で、現代のアニメーターの職業の原型を築いたと考えられています。,,1,,"ドローイングスキル,アニメーションソフトウェアの操作スキル,クリエイティビティ,コミュニケーションスキル","true,true,false,false","CGクリエイター検定,アニメーター検定,JAPANスキル標準（JSS）","false,false,false","スタジオジブリ,東映アニメーション,Production I.G,マッドハウス,京都アニメーション","継続力,論理的思考力,創造力,デッサン力,色彩感覚,協調性","true,false,true,true,false,true","アートとデザインへの興味,最新技術への関心","true,false",アニメーターは、アニメーション作品やキャラクターデザインを創り出す職業です。例えば、テレビアニメや映画、ゲームにおけるキャラクターの動きを作成し、動きや表情を通して物語を表現します。アニメーターは、キャラクターの意図や性格を視覚的に伝え、ストーリーの中で感情やドラマを引き立てる役割を担っています。,32,19:30,85,2,31,15,45,550,4.5,広告・出版・マスコミ・エンタメ業
110,気象予報士,1860,近代的な気象予報士の専門職としての始まりは、1860年にイギリス気象庁の初代長官ロバート・フィッツロイが、電報で集められた気象データをもとに、世界で初めて一般市民向けの天気予報を毎日発表し始めたことに遡ります。これは、科学的なデータ分析に基づいた組織的な気象予測が始まった画期的な出来事であり、専門職としての気象予報士の原型を確立しました。,,1,日本,"気象学の知識,コミュニケーションスキル,気象台帳ソフトウェアの操作スキル","true,true,false",気象予報士資格,TRUE,"日本気象協会,ウェザーニュース,Microsoft","論理的思考力,天気関連の知識,データ解析能力,継続力","true,true,true,false","データ分析,天候と気象現象への興味,最新技術への関心","true,true,false",気象予報士は、気象データを用いて天気予報や気候に関する情報を提供する専門職です。彼らは、気象衛星や地上観測データを分析し、天候の変化や傾向を予測します。その情報をもとに、一般向けに天気予報を作成したり、特定の業界（例えば農業や航空業界）へのアドバイスを行ったりします。気象予報士になるためには、国家試験に合格する必要があります。,32,19:30,85,2,31,15,45,550,4.5,研究開発・学術機関
111,占い師,-2000,古代メソポタミアにおいて、占星術や内臓占いなどの体系的な占術を用いて未来を予測し、助言を提供する専門職（バールーなど）が存在したことが、紀元前2000年頃の粘土板文書に記録されています。彼らは王や個人に対して指導的な役割を果たしていました。,,1,,"コミュニケーションスキル,心理学の知識,スピリチュアルの知識,対人関係スキル,インスピレーション能力","true,false,false,true,true","占い技能検定,西洋占星術士","false,false","ザ・フォーチュンカンパニー,アルティメットインサイト","論理的思考力,共感力,コミュニケーション能力,直感力","false,true,true,false","人間心理への興味,直感力への興味,スピリチュアルな考え方への興味,コミュニケーションスキルへの興味","true,true,true,false",占い師は、占星術やタロットカード、手相占い、サイコメトリーなど、さまざまな占いの手法を用いて、クライアントの悩みや質問に対してアドバイスを提供する職業です。彼らの目的は、個人の問題を解決し、未来に向けた指針を示すことができるようサポートすることです。信頼と共感を築くことで、長期的な関係を維持することが目指されます。占い師は、対面やオンラインでのセッションを通じてクライアントと対話し、彼らの人生の改善を手伝います。,45.7,19:00,15.4,1.5,34.3,10.5,30.2,350,7.2,法律・会計・コンサルティング業
112,映画監督,1896,映画製作が始まったばかりの時期に、フランスの映画製作者ジョルジュ・メリエスが、単なる現実の記録ではなく、物語を語り、演出されたシーンや特殊効果を用いて映画を制作し始めた年です。彼は映画の全体的なビジョンを構想し、脚本、演出、美術、撮影など、現在の映画監督の役割に近い形で作品を統括しました。この時期に、映画は単なる技術的な記録から、創造的な表現媒体へと発展し、監督という役割の基礎が築かれました。,,1,,"コミュニケーションスキル,クリエイティビティ,ストーリーテリング能力,プロジェクト管理能力,ビジュアルセンス","true,true,true,false,false","映画制作修士号（MFA in Film Production）,プロジェクト管理資格（PMP）","false,false","東宝株式会社,東映株式会社,松竹株式会社","論理的思考力,創造力,ビジュアルセンス,コミュニケーション能力,チームマネジメント,ストーリーテリング,決断力","false,true,false,true,true,true,false","最新技術への関心,ストーリーテリングへの関心","false,true",映画監督は、映画製作の中核を担う役割を果たし、映画の全体のビジョンを監督し、脚本、撮影、演技、編集などの各要素を統括します。監督は俳優やスタッフを指導し、映画のスタイル、ペース、トーンを決定します。映画の製作工程全体でのクリエイティブなリーダーシップを提供し、映画の出来上がりに対する最終的な責任を負います。,48.8,19:30,93.9,1.5,34.8,24,49,750,11.5,広告・出版・マスコミ・エンタメ業
113,コメディアン,-486,コメディアンという職業の起源は、古代ギリシャの演劇にまで遡ることができます。特に紀元前486年にアテナイのディオニュシア祭で、コメディが初めて公式な競争演劇のジャンルとして導入されました。これにより、ユーモアやジョークを通じて観客を楽しませる専門的な演者の役割が公に認識され、彼らが「コメディアン」の原型となりました。,,1,,"コミュニケーションスキル,ユーモアセンス,舞台芸術,脚本執筆,即興演技","true,true,false,false,false",お笑い能力認定検定,FALSE,"吉本興業,松竹芸能,人力舎","論理的思考力,継続力,ユーモアセンス,パフォーマンススキル","false,false,true,true","ユーモアセンス,パフォーマンスへの情熱","true,true",コメディアンは、ユーモアやジョークを通じて観客を楽しませるエンターテイナーです。彼らはテレビ、インターネット、ラジオ、ライブコメディイベントなどでパフォーマンスを行うことができます。多くのコメディアンは、自らの経験や時事、文化のトピックをもとに、自分のスタイルでユーモアを作り上げます。即興やスケッチコメディから漫談まで、様々な形式のコメディを演じることがあります。観客とのコミュニケーション能力とタイミングが重要です。,52.7,21:00,95.7,1.2,35.3,25.1,70.5,750,15.2,広告・出版・マスコミ・エンタメ業
114,ブライダルプランナー,1958,ブライダルプランナーという専門職の概念は、1950年代後半にアメリカで具体化しました。特に、ベティ・ジョンソンが1958年に「A Wedding by Betty」という会社を設立し、結婚式の計画と実行を専門とするサービスを提供し始めたことが、現代のブライダルプランナーの先駆けとされています。これにより、家族や友人による手伝いではなく、独立したプロフェッショナルが結婚式の準備を代行するモデルが確立されました。,,1,,"コミュニケーションスキル,Organizational Skills,Negotiation Skills","true,true,false",ブライダルコーディネート技能検定,FALSE,"ワタベウェディング,テイクアンドギヴ・ニーズ,ノバレーゼ","論理的思考力,継続力,コミュニケーション能力,創造力,時間管理能力","true,false,true,false,true","人とのコミュニケーション,イベント企画,創造性","true,true,false",ブライダルプランナーは、結婚式の計画と実行を担当する専門家です。カップルの希望や予算に応じて、会場の選定、装飾、ケータリング、音響、写真撮影など、全体のプランニングを行います。また、当日の進行管理やトラブルシューティングも含まれ、カップルにとって最高の日を作り出すために細部にまで注意を払います。創造性が求められる一方で、顧客対応や交渉能力も重要です。,32,19:30,15,2,31,15,45,550,4.5,スポーツ・レジャー・イベント業
115,ミュージシャン,2700,古代メソポタミアのシュメール文明や古代エジプトにおいて、音楽を専門に演奏する役割が明確に存在したことが考古学的証拠や文献から示されています。これらの文明では、神殿の儀式、宮廷の娯楽、物語の語り部など、特定の社会的な機能のために音楽家が雇われていました。特にシュメール文明のウル初期王朝時代（紀元前2700年頃）には、複雑な楽器の存在や、それを演奏する専門家がいたことを示唆する記録や遺物が見つかっており、これが職業としての「ミュージシャン」の最も初期の明確な起源とされています。,,1,,"コミュニケーションスキル,音楽理論,楽器演奏能力,創造性,耳と音の訓練,プロデュース技術","true,true,true,true,true,false",音楽大学卒業証書,FALSE,"Sony Music Entertainment,Universal Music Japan,Avex Group,Warner Music Japan,JVC Kenwood Victor Entertainment","継続力,音楽的センス,創造力,表現力","true,true,false,false","音楽への情熱,最新技術への関心","true,false",ミュージシャンとは、音楽を専門に演奏、作曲、編曲、または楽器を演奏する職業です。彼らは様々なジャンルで活動し、ソロでの活動やバンド、オーケストラなど集団での演奏を行うことがあります。楽器を使ってライブパフォーマンスを行ったり、音楽をレコーディングしてリリースしたりするのが主な業務です。クリエイティブで技術的な能力が求められ、時には作詞やプロデューサーとしての役割を果たすこともあります。さらにコンサートツアーや新しい音楽の制作など、協働やプロジェクト管理も仕事の一部です。,,18:00,,,,,,550,4.5,広告・出版・マスコミ・エンタメ業
116,ショップオーナー,-600,ショップオーナーという職業の存在開始時期は、古代ギリシャの都市国家において、アゴラ（公共広場）周辺に固定された店舗（ショップ）が明確に登場し始めた時期にまで遡ることができます。特に、アテネのアゴラの考古学的証拠から、紀元前6世紀頃には、商品を販売する常設の店舗が存在し、それらを管理・運営する個人がいたことが示唆されています。これらの店舗の運営者は、商品の仕入れ、販売、そして限定的ではあるものの事業の方向性を決定する役割を担っており、現代のショップオーナーの原型と言えます。,,1,,"コミュニケーションスキル,SQL,商品ディスプレイスキル,在庫管理スキル,マーケティングスキル","true,false,true,true,false",販売士資格,FALSE,"楽天株式会社,BASE株式会社,STORES.jp株式会社","マーケティング能力,継続力,コミュニケーション能力,顧客サービス力,財務管理能力","false,true,true,true,false","最新技術への関心,小売業務への情熱","false,true",ショップオーナーは、店舗の管理、運営、戦略的な意思決定を行う職業です。商品の仕入れ管理、販売促進、スタッフの採用とトレーニング、顧客サービスの質向上など、店舗運営に関わる全ての側面を監督します。オーナーはビジネスの方向性を決定し、売上の最大化と効率的な経費管理を追求します。また、地元コミュニティとの関係構築や、オンラインマーケティングなどのデジタルプラットフォームの活用も含まれることがあります。,,18:00,,,,,,450,5.2,小売業・EC・流通業
117,会社経営者,1600,近代的な会社組織の原型である株式会社が設立され始めた時期です。特に1600年に設立されたイギリス東インド会社や1602年に設立されたオランダ東インド会社のような大規模な合資会社では、多くの出資者から資金を集め、その事業を運営するために、株主とは異なる専門的な経営陣（取締役会など）が必要とされました。彼らは事業の全体方針や戦略を決定し、経営資源を運用し、リスクを管理するなど、現代の会社経営者に求められる役割を担っていました。,,1,,"コミュニケーションスキル,リーダーシップ,戦略的思考,財務管理,意思決定能力","true,true,true,true,true","MBA（経営学修士）,簿記2級","false,false","トヨタ自動車,ソニー株式会社,楽天株式会社","論理的思考力,継続力,リーダーシップ,コミュニケーション能力,財務管理能力","true,true,true,true,true","最新技術への関心,データ分析,戦略的思考,リーダーシップへの関心,人間関係構築への興味","false,true,true,true,true",会社を経営する者であり、全体の方針や戦略を決定して事業を成功に導く役割を担う。事業のビジョンを設定し、経営資源を効果的に運用し、ビジネスモデルを構築するなど、多岐にわたる責任がある。経営者は業績の目標を設定し、経済的リスクを管理することが求められる。スタッフの指揮を執り、関係者との信頼関係を構築し、企業の成長を促進するために必要な意思決定を行う。,51.4,19:04,93.5,1.6,30.9,13.5,54.5,1300,16.8,商社・卸売業
118,医療情報管理者,2001,医療情報管理者の役割は、医療機関における電子カルテや医療記録の管理、情報の保護、データの分析、プライバシーやセキュリティの確保といった多岐にわたります。これらの機能が専門的な職務として確立されたのは、特に電子医療情報の安全管理が重要視されるようになった時期です。日本では2001年に厚生労働省が「医療情報システムの安全管理に関するガイドライン」を初めて策定し、電子カルテを含む医療情報の安全管理体制の構築を各医療機関に求めました。これにより、電子化された医療情報を総合的に管理し、セキュリティとプライバシーを確保する「医療情報管理者」の必要性が明確になり、その役割が具体的に確立・普及していきました。,,1,日本,"コミュニケーションスキル,医療関連知識,情報管理,SQL,倫理的判断力","true,true,true,false,true","基本情報技術者試験,医療情報技師,診療情報管理士","false,true,true","富士通,株式会社日立製作所,NEC（日本電気株式会社）","論理的思考力,医療知識,継続力,細部への注意力,データ管理能力,ITスキル","true,true,false,true,true,false","データ分析,医療システムへの理解と興味,医療法規や倫理に対する関心,最新技術への関心","true,true,true,false",医療情報管理者は、医療機関において患者の医療情報を正確かつ効率的に管理する役割を担う。電子カルテや医療記録の管理、情報の保護、データの分析などを行い、医療の質を向上させる。特に、プライバシーやセキュリティの確保が重要な課題となる。,42.4,18:30,60,1.8,30.5,10.5,40,580,7.2,医療・福祉・介護業
119,駅構内売店販売員,1890,日本において、1890年（明治23年）に旧逓信省鉄道局（後の鉄道省）が旅客向けに駅構内で新聞・雑誌・食料品を販売し始めたのが、駅構内売店の始まりとされているためです。,,1,,"コミュニケーションスキル,接客スキル,販売スキル","true,true,false",,FALSE,"駅売店株式会社,JR東日本リテールネット,東武商事株式会社","継続力,顧客サービス,在庫管理,金銭管理","true,true,false,true","接客への興味,最新技術への関心","true,false",駅構内売店販売員は、鉄道駅内の売店で商品の販売や接客を行う職業です。主に新聞、雑誌、お菓子、飲料などの一般的な商品を取り扱います。顧客対応や商品の陳列整理、在庫管理、売上処理といった業務を行い、駅を利用するお客様に快適で便利な買い物体験を提供する役割を担っています。,,18:00,,,,,,350,5.2,小売業・EC・流通業
120,管理業務主任者,2001,管理業務主任者は、マンションの管理の適正化の推進に関する法律（マンション管理適正化法）が2001年（平成13年）に施行されたことにより、創設された専門職です。同法により、マンション管理組合の運営や管理に関する専門知識を持つ人材の必要性が高まり、この資格制度が導入されました。,,1,日本,"コミュニケーションスキル,リーダーシップ,プロジェクト管理スキル,SQL,Python","true,true,true,false,false",管理業務主任者試験,TRUE,"トヨタ自動車,Microsoft,Google","論理的思考力,継続力,コミュニケーション能力,リーダーシップ","true,false,true,true","データ分析,最新技術への関心,リーダーシップ,コミュニケーション能力","false,false,true,true",管理業務主任者は、主にマンション管理に関する業務を行う専門家です。彼らは、マンションの管理組合と協力して、建物や設備の維持管理、予算編成、経理管理、住民の生活環境の改善を図るなどの業務を行います。この職種は、いわゆるプロパティマネージャーに近く、専門的な知識と資格が必要とされます。また、居住者とのコミュニケーション能力や、法的知識も求められます。,42.3,19:30,90.1,1.8,31.5,15.2,45.6,700,6.7,不動産業
121,福祉住環境コーディネーター,1999,福祉住環境コーディネーター検定試験が東京商工会議所によって開始された年です。高齢社会の進展に伴う住環境整備の専門家育成の必要性から創設されました。,,1,日本,"コミュニケーションスキル,福祉住環境コーディネート知識,福祉施策理解","true,true,true",福祉住環境コーディネーター検定試験,TRUE,"パナソニックエイジフリー,セントケア・ホールディングス,ニトリ,ジャパンケアサービス","コミュニケーション能力,論理的思考力,福祉・介護の知識,継続力","true,true,true,false","最新技術への関心,高齢者や障がい者の生活支援への関心","false,true",福祉住環境コーディネーターとは、高齢者や障がい者が安全かつ快適に生活できる住環境を整えるための専門家です。住宅改修のアドバイスや、バリアフリー設備の設置、生活動線の見直しなどを行い、利用者の身体状況や生活スタイルに適した環境づくりをサポートします。医療や介護の知識を持ち、建築や福祉に関する法律にも詳しいことが求められます。,38.7,17:36,36.8,2,31.4,5.8,44.1,450,5.2,医療・福祉・介護業
122,ビル施設管理者,1980,施設管理（Facilities Management）という概念がアメリカで専門分野として確立し始め、国際施設管理協会（IFMA）が設立された年であるため。この時期に、建物や施設の運営、保守、修繕に加え、エネルギー効率の最適化、安全基準の遵守、リノベーション計画といった包括的な業務を担う専門職としてのビル施設管理者の役割が明確になったとされている。,,1,,"コミュニケーションスキル,基本的な電気システムの知識,建物の安全規制に関する知識,予防保全計画の策定能力,設備管理ソフトウェアの使用経験","true,true,true,false,false","基本情報技術者試験,建築物環境衛生管理技術者,第二種電気工事士","false,true,false","トヨタ自動車,三菱地所","論理的思考力,継続力,コミュニケーション能力","true,false,true","施設管理,最新技術への関心,コミュニケーション","true,false,true",ビル施設管理者は、建物や施設の運営、保守、修繕を担当する職業です。具体的には、設備の点検や修理、清掃管理、オフィス設備の利用状況の管理、必要に応じたリノベーションの手配などが含まれます。また、エネルギー効率の最適化や安全基準の遵守も重要です。施設の快適さと安全性を維持するために、管理者はスタッフや外部業者との連携を図り、効率的な運営管理を行います。,43.6,18:38,86.1,1.9,30.6,11.3,52.7,505,7.1,不動産業
123,建築構造設計技術者,1900,この年は20世紀の始まりにあたり、鉄骨造や鉄筋コンクリート造などの新素材の普及、建物の規模と複雑さの増大により、構造設計における専門知識が不可欠となりました。構造解析手法の確立、建築基準法の必要性の高まり、そして自然災害への対応が求められる中で、建物の安全性と耐久性を専門的に保証する「建築構造設計技術者」という職種が、従来の建築家や土木技術者から独立した形で専門化し始めた時期とされています。,,1,,"コミュニケーションスキル,構造力学,建築基準法の知識,Cadソフトウェアの使用能力,プロジェクト管理スキル","false,true,true,false,false","一級建築士,構造設計一級建築士","true,true","清水建設,大成建設,鹿島建設,大林組","論理的思考力,継続力,空間認識能力,コラボレーション能力,問題解決能力","true,false,true,false,true","最新技術への関心,データ分析,耐震技術への関心","false,true,true",建築構造設計技術者は、建物の構造を設計する専門家です。彼らは建物が安全かつ耐久性のあるものであることを保証するために、構造的な図面や仕様を作成し、強度計算を行います。また、地震や風などの自然災害に耐えられるように設計を行うほか、建築基準法や他の関連法規を遵守することを重視します。さらに、プロジェクトの進行に応じた構造設計の調整や修正を行うことも重要な業務です。,,18:00,,,,,,749,11.13,建設・土木業
124,政治家秘書,1900,現代的な民主主義国家における政治活動の複雑化と、政治家個人の職務量の増大に伴い、専門的な秘書業務の需要が高まったため。特に20世紀初頭には、議会活動の活発化、選挙運動の組織化、政策立案における専門知識の必要性などから、政治家の日常業務、資料作成、政策補助、有権者対応などを一元的に支援する専門職としての政治家秘書が不可欠となりました。,,1,,"コミュニケーションスキル,政治知識,スケジュール管理能力,文章作成能力","true,true,true,false","秘書検定,ビジネス実務マナー検定,政治学関連の学位","false,false,false","自民党,立憲民主党,公明党,日本共産党,日本維新の会","論理的思考力,コミュニケーション能力,組織能力,柔軟性,継続力","true,true,true,false,false","政治情勢の理解と分析,データ分析,交渉と対人スキル","true,false,true",政治家秘書は、政治家のサポートを行う職業で、日常業務の管理や調整を担当します。具体的には、スケジュールの管理、会議やイベントの準備、資料の作成、政策立案の補助、選挙活動の支援、内外のコミュニケーションの調整など、多岐にわたる業務があります。政治家の意図を理解し、迅速かつ正確に行動する能力が求められます。機密情報を扱う場合もあるため、高い信頼性と倫理観が必要です。,34,19:30,85.5,1.5,31,40,45,550,4.5,官公庁・行政・自治体
125,マンション管理士,2001,マンション管理士は、2001年8月に施行された「マンションの管理の適正化の推進に関する法律」（マンション管理適正化法）に基づき創設された国家資格であり、この法律によって専門家としての職務が法的に位置づけられました。,,1,日本,"コミュニケーションスキル,法律知識,設備管理知識,財務管理スキル,SQL","true,true,true,false,false","マンション管理士資格試験,基本情報技術者試験","true,false","トヨタ自動車,Microsoft,大和ライフネクスト,野村不動産パートナーズ,伊藤忠都市開発,東急コミュニティー","論理的思考力,継続力,コミュニケーション能力,法律知識,問題解決能力","true,true,true,true,false","不動産業界への興味,データ分析,法令に関する興味,最新技術への関心","false,false,true,false",マンション管理士は、マンションの管理運営に関する専門知識を持つプロフェッショナルです。マンションの居住者や管理組合に対して、法律、経済、建築、環境に関する助言やサポートを行います。彼らの主な役割には、管理規約の作成や改訂、建物の保守・修繕計画の策定、管理費の適正な使用管理、さらには居住者間のトラブル解決の支援などがあります。マンションの資産価値を維持・向上させるために重要な役割を果たします。,54.8,17:42,87.6,2.3,31.8,8.4,62.8,615,10.7,不動産業
126,電器店員,1955,電器店員の職業は、主に第二次世界大戦後の経済成長期に家電製品が一般家庭に普及し始めたことにより、専門的な小売業として確立しました。特に日本では、1950年代半ばから「三種の神器」（白黒テレビ、電気洗濯機、電気冷蔵庫）が急速に普及し、これらを販売・説明する専門の店舗と店員の需要が大きく増加しました。この時期に、商品の知識を持ち、顧客のニーズに応じた接客を行う「電器店員」という職業が広く認知され、確立したと考えられます。,,1,,"コミュニケーションスキル,商品知識,販売スキル,在庫管理","true,true,false,false",販売士検定,FALSE,"トヨタ自動車,ビックカメラ,ヤマダ電機,ヨドバシカメラ","論理的思考力,継続力","false,true","最新技術への関心,接客への関心,製品の知識向上への興味","true,true,false",電器店員は、家電製品の販売、接客、及び関連するサービスを提供する職業です。店舗における接客業務が主な内容で、商品の特徴や使い方の説明、顧客のニーズに合わせた商品推薦などを行います。顧客からの質問に答え、購入決定のサポートをします。他には、在庫管理、商品の陳列、販売促進のためのイベント準備なども担当することがあります。コミュニケーション能力や商品知識が重要です。,32,19:30,85,2,31,15,45,480,4.5,小売業・EC・流通業
127,司法書士,1872,司法書士の源流は、明治5年（1872年）に太政官によって「代書人」制度が定められ、一般人のために官庁提出書類の作成を請け負う専門職としてその役割が確立されたことにあります。この代書人が、現在の司法書士の職務内容の基礎を形成しました。,,1,日本,"コミュニケーションスキル,法律知識,登記手続知識,倫理観,顧客サービススキル","true,true,true,true,false",司法書士試験,TRUE,司法書士法人リーガル,"法律知識,論理的思考力,継続力,倫理観,コミュニケーション能力","true,true,false,true,false","法律への興味,データ分析","true,false",司法書士は、不動産登記や商業登記、裁判所に提出する書類の作成、簡易裁判所での代理業務などを行う法務の専門職です。クライアントの権利を守るために法律文書を作成し、手続きを適切かつ円滑に進める役割を担っています。また、成年後見業務や企業法務、相続関連の手続きなども担当します。,41.5,19:00,76,2,31.8,8.3,45.3,800,11.4,法律・会計・コンサルティング業
128,ハードウェア設計技術者,1960,ハードウェア設計技術者という職種が、電子機器やデジタルシステムの設計、特にIC（集積回路）やプリント基板（PCB）のデザイン、マイクロプロセッサの設計などを専門とする形で確立したのは、1960年代初頭です。1950年代後半の集積回路の発明（ジャック・キルビーが1958年、ロバート・ノイスが1959年）は、電子機器の設計に革命をもたらしました。1960年代に入ると、ICの商業化と普及が進み、より複雑な電子システムやデジタルコンピュータの開発が可能になりました。これにより、従来の個別部品を用いた設計とは異なる、ICを核とした回路設計、部品選定、PCBレイアウト、システム検証などを専門とする技術者の需要が高まり、現在の「ハードウェア設計技術者」に繋がる専門職として認識され始めました。,,1,,"デジタル回路設計,アナログ回路設計,組み込みシステム開発,コミュニケーションスキル,Python","true,true,false,false,false",基本情報技術者試験,FALSE,"Google,Microsoft,トヨタ自動車,富士通,日立製作所,ソニー","論理的思考力,継続力,技術的専門知識,創造力","true,true,true,false","最新技術への関心,回路設計に対する関心,データ分析","true,true,false",ハードウェア設計技術者は、電子機器やデジタルシステムの設計を専門とする技術者です。彼らは製品の仕様に基づいて、回路図の作成、部品選定、試作、検証、改良までのプロセスを担当します。主にICやプリント基板（PCB）のデザイン、マイクロプロセッサの設計、信号処理などの技術に関与します。また、設計仕様を満たすために、新しい技術の研究や既存技術の応用を行い、プロジェクトチームと協力しながら製品開発を行います。,32,19:30,85,2,31,15,45,550,4.5,電気・電子・半導体製造業
129,セキュリティ技術者,1988,セキュリティ技術者という職種は、コンピュータネットワークの脆弱性が広く認識され、専門的な対策が求められるようになった1980年代後半にその原型が形成されました。特に、1988年に発生した「Morris Worm」は、インターネットを介したサイバー攻撃の脅威を世界に知らしめ、その結果として同年にはCERT Coordination Centerが設立されました。この出来事は、情報システムのセキュリティを専門的に扱う必要性を強く認識させ、システムの保護、インシデント対応、脆弱性管理といった現在のセキュリティ技術者の主要な職務に特化した専門家が求められる契機となりました。この時期から、セキュリティは単なるシステム管理の一部ではなく、専門的な職能として確立され始めました。,,1,,"コミュニケーションスキル,ネットワークセキュリティの知識,脆弱性評価と管理,情報セキュリティポリシーの理解","false,true,true,true","基本情報技術者試験,情報セキュリティスペシャリスト試験,ネットワークスペシャリスト試験","false,true,false","トレンドマイクロ,カスペルスキー,シマンテック,マカフィー","論理的思考力,継続力,セキュリティに関する深い知識と経験,リスク分析力,最新の技術動向に対する適応力","true,true,true,false,false","最新技術への関心,セキュリティプロトコルへの関心,データ分析","true,true,false",セキュリティ技術者は、組織の情報システムやネットワークを保護する役割を担います。彼らの主な職務には、セキュリティポリシーの策定、セキュリティシステムの構築・管理、セキュリティインシデントの検出と対応があります。また、定期的なセキュリティ監査を行い、脆弱性を特定し、最新の脅威に対応するための技術的な対策を講じます。,,18:00,,,,,,600,5.25,情報通信業（IT・ソフトウェア・通信）
130,法務,1869,1869年、米国ペンシルベニア鉄道が、広範な事業活動から生じる契約、訴訟、規制遵守などの法的問題を専門的に処理するため、専任の法務担当者を置くゼネラル・カウンセル部門を設置しました。これは、現代の企業組織における法務部門の起源の一つとして広く認識されています。,,1,,"コミュニケーションスキル,法律知識,契約書作成スキル","true,true,true","司法試験,司法書士試験","true,false","西村あさひ法律事務所,森・濱田松本法律事務所,長島・大野・常松法律事務所,アンダーソン・毛利・友常法律事務所,TMI総合法律事務所","論理的思考力,継続力,法令知識,コミュニケーション能力","true,false,true,false","法律への関心,データ分析","true,false",法務は、企業や組織の法律関連の業務を担当する職種であり、法律に基づいたリスクマネジメント、契約書作成や審査、コンプライアンスの確保などを行います。法務部門は、企業活動が法律に違反しないように支援し、法的な問題を未然に防ぐ役割を果たします。弁護士資格が必要とされる場合もあり、法務担当者は専門的な法的知識や交渉力が求められます。,39,19:30,70,2,33,15,50,600,7.5,法律・会計・コンサルティング業
131,システムアナリスト,1960,システムアナリストの職業は、企業が電子計算機をビジネスプロセスに導入し始めた1950年代後半から1960年代初頭にかけて、その必要性が高まり誕生しました。初期の計算機は主に科学技術計算に用いられましたが、ビジネス用途への拡大に伴い、企業の業務要件を理解し、それを情報システム設計に落とし込む専門家が不可欠となりました。特に1960年代には、IBMなどの主要なコンピュータメーカーがビジネスシステムソリューションを推進し、企業内に「データ処理部門」や「システム部門」が設置され始めたことで、システムとビジネスの橋渡しをする「システムアナリスト」という専門職が明確に確立されました。この時期にシステム開発ライフサイクル（SDLC）などの概念も発展し、分析と設計の役割が専門化しました。,,1,,"SQL,コミュニケーションスキル,Python,ビジネスプロセス分析,システム設計","true,true,false,true,true",基本情報技術者試験,FALSE,"NTTデータ,SCSK,アクセンチュア","論理的思考力,コミュニケーション能力,問題解決能力,継続力","true,true,true,false","データ分析,最新技術への関心","true,false",システムアナリストは、企業や組織のニーズに基づいて情報システムを評価、設計、実装する役割を担います。ビジネス要件を理解し、それを技術ソリューションに変換する作業を行い、効率的で効果的な情報システムの構築を支援します。プロジェクトマネージャーやソフトウェアエンジニアなどと協力しながら業務を進行させます。分析スキルやコミュニケーション能力が求められます。,38,19:15,70.5,2,31.2,25.5,48.3,620,5.8,情報通信業（IT・ソフトウェア・通信）
132,検察官,1539,フランスのオルドナンス・ド・ヴィレール＝コトレ（勅令）により、国王代理人（procureurs du roi）の刑事訴訟における役割が強化され、国家が主体となる公的な訴追機関としての検察官の職務が明確に制度化されたため。これは、現代の検察官制度の源流の一つと考えられています。,,1,日本,"コミュニケーションスキル,法的知識,分析力,倫理規範の理解","true,true,true,true","司法試験,基本情報技術者試験","true,false","東京地方検察庁,大阪地方検察庁,名古屋地方検察庁","論理的思考力,コミュニケーション能力,交渉力,継続力,分析能力","true,true,false,false,true","法律への強い関心,正義感,倫理観","true,true,true",検察官は、犯罪捜査および起訴を担当する公務員であり、法廷での審理において国家を代表して訴追を行います。検察官の主な任務は、犯罪行為を行ったとされる人物に対して十分な証拠を集め、公正な審理が行われるように裁判所に起訴することです。また、場合によっては不起訴処分を決定する権限も持っています。日本では、法曹界の一部として重要な役割を果たし、国民の安全と正義の実現に貢献しています。,42.3,19:30,85.3,2,32.1,25.5,55.2,950,10.2,官公庁・行政・自治体
133,言語聴覚士,1997,言語聴覚士法が制定され、国家資格としてこの専門職が日本で確立された年であるため。,,1,日本,"コミュニケーションスキル,聴覚評価・リハビリテーション技術,言語音声障害の診断・治療技術,患者のニーズに応じたプログラム設計能力,コミュニケーションスキル","true,true,true,false,false",言語聴覚士国家試験,TRUE,"ニチイ学館,エデュカス","論理的思考力,コミュニケーション能力,患者への共感力,継続力,診断能力,教育能力","true,true,true,false,true,false","コミュニケーションへの関心,データ分析","true,false",言語聴覚士は、言語、音声、聴覚、嚥下（えんげ）の障害を持つ人々に対し、診断、評価、治療を行う専門職です。話す、聞く、飲み込むといったコミュニケーションと摂食活動の改善を目指し、個別のニーズに合わせた療法を提供します。,32,19:30,85,2,31,15,45,550,4.5,医療・福祉・介護業
134,秘書,1380,「秘書（secretary）」という言葉が、上役の機密事項や事務処理を任された人物を指す言葉として、英語で初めて記録されたのがこの年です。この記録により、専門職としての「秘書」の概念が確立され始めたと考えられます。,,1,,"コミュニケーションスキル,オーガニゼーションスキル,ITリテラシー,時間管理能力","true,true,false,false","秘書技能検定,日商簿記検定","false,false","株式会社パソナ,マンパワーグループ株式会社,ヒューマンアソシエイツ株式会社","継続力,コミュニケーション能力,組織力,スケジュール管理能力,コンピュータースキル","true,true,false,true,false","最新技術への関心,人々を助けることへの興味","false,true",秘書は、会社の役員や管理職の仕事を支援する職務です。日々のスケジュール管理、電話応対、文書作成、会議の準備といった業務をこなし、上司の効率的な業務遂行を助けます。また、来客の応対なども行います。優れたコミュニケーション能力と組織力、そして細部への注意力が求められます。,32,19:30,85,2,31,15,45,550,4.5,法律・会計・コンサルティング業
135,電子計算機オペレーター,1951,電子計算機オペレーターという職業は、商用電子計算機が初めて導入された時期に始まります。1951年に米国で最初の商用電子デジタル計算機であるUNIVAC Iが米国国勢調査局に納入されたことで、その運用、監視、管理を行う専門の要員が必要となりました。これにより、システムへのデータ入力、ジョブのスケジューリング、機器の監視、エラー対応など、電子計算機オペレーターの職務が確立されました。,,1,,"SQL,コミュニケーションスキル,基本的なコンピュータスキル,システム監視スキル","true,true,true,false",基本情報技術者試験,FALSE,"富士通,日立製作所,NEC,IBM Japan,Microsoft","論理的思考力,継続力,基本的なコンピュータスキル","true,false,true","最新技術への関心,データ分析","false,true",電子計算機オペレーターは、コンピュータシステムや関連機器の操作や監視を行い、システムの効率的な稼働を確保する職業です。彼らの主な業務には、データ入力、ジョブスケジュールの管理、機器のメンテナンス、エラーの検出とトラブルシューティングが含まれます。また、定期的にシステムの性能を確認し、必要に応じて技術的な支援を行います。時には新しいソフトウェアやハードウェアのインストールにも関与することがあります。通常は、24時間体制の勤務が求められることが多く、夜勤や休日勤務も発生する場合があります。,,18:00,,,,,,485,5.25,情報通信業（IT・ソフトウェア・通信）
136,清掃作業員,100,古代ローマ時代には、大規模な公共建築物（浴場、神殿など）や私邸が発展し、その清潔を維持するための専門的な作業が必要とされました。奴隷や解放奴隷の中には、清掃やごみ処理といった衛生管理を主要な任務とする者がおり、これが職業としての清掃作業員の初期の形態と考えられます。特にローマ帝国が繁栄した紀元1世紀から2世紀にかけて、都市の維持管理において清掃業務は不可欠な役割を担っていました。,,1,,"コミュニケーションスキル,Attention to Detail,Physical Stamina","false,true,true",,FALSE,"ダスキン,東急ハンズ,ジーエスエムジャパン,アジアクリーンサービス","注意力,継続力","true,true","きれい好き,根気強さ","true,false",清掃作業員は、建物や施設などの清潔を保つために掃除や清掃を行う職業です。日常的には床の拭き掃除、掃除機掛け、ゴミの収集と廃棄、トイレやキッチンの清掃などを行うことが含まれます。また、定期的なワックス掛けやカーペット清掃、ガラスの拭き掃除なども担当することがあります。清掃作業員は、家庭やオフィスビル、病院、学校など、さまざまな場所で働くことができ、清潔で快適な環境を提供する役割を担っています。,56.3,17:17,62.2,1.4,30.4,6.3,69.7,323.5,9.3,家事・個人サービス業（家政・美容・清掃など）
137,通信販売受付スタッフ,1960,通信販売自体は19世紀後半に始まりましたが、電話による注文受付が専門職として確立したのは、電話が広く普及し、ダイレクトマーケティングやカタログ販売が大規模化した時期と重なります。特に1960年代には、コールセンターの概念や自動着信分配装置（ACD）などの技術が登場し、顧客からの注文や問い合わせを一元的に処理する専門部署が設置されるようになりました。この時期に、電話を介した注文処理や顧客対応を行う「通信販売受付スタッフ」という職種が、より専門的かつ体系的な業務として確立し始めました。,,1,,"コミュニケーションスキル,商品に関する知識,電話応対スキル,問題解決スキル","true,true,false,false",サービス接遇検定,FALSE,"アマゾンジャパン,楽天,ヤフーショッピング","継続力,コミュニケーション能力,マルチタスク能力","true,false,false","顧客サービスへの関心,コミュニケーションへの関心,最新技術への関心","true,true,false",通信販売受付スタッフは、顧客からの注文や問い合わせに応じて、製品やサービスの注文処理を担当する職人です。主な業務には、電話やメールでの注文受付、商品の在庫確認、発送手配、お客様への対応などがあります。顧客対応力、コミュニケーション能力、問題解決能力が求められます。,36.6,19:09,48.6,2.1,30.7,11.5,48.7,357.5,4.8,小売業・EC・流通業
138,医療情報管理士,2000,医療情報管理士の職務記述（電子カルテの活用、個人情報の保護、情報管理システムの構築など）は、医療現場のデジタル化によって強く求められるようになった役割です。日本では、1990年代後半から2000年代初頭にかけて電子カルテの導入が本格化し、医療情報のデジタル管理の重要性が増しました。2000年には、医療情報システムの技術的な側面を専門とする「医療情報技師」の資格認定制度が開始されており、この時期に医療情報管理の専門職の必要性が社会的に認識され始めたと考えられます。また、その後の個人情報保護法の制定（2003年制定、2005年全面施行）により、医療情報の保護と適切な管理の重要性がさらに高まり、この職種の役割が確立されました。これらの背景から、デジタル時代の医療情報管理士としての役割は2000年頃から本格的に存在し始めたと判断できます。,,1,日本,"コミュニケーションスキル,SQL,医療関連法規の知識,Python","true,true,true,false","医療情報管理士認定証,基本情報技術者試験","true,false","富士通株式会社,NEC株式会社,株式会社日立製作所,セコム医療システム株式会社,アルメックス株式会社","論理的思考力,情報セキュリティの知識,医療法規の理解,データ管理能力,継続力","true,true,true,true,false","データ分析,最新技術への関心","true,false",医療情報管理士は、病院やクリニックなどの医療機関で、患者情報の管理、医療記録の整備、データの分析や統計処理を行う職種です。電子カルテの活用や個人情報の保護、安全な情報管理システムの構築など、デジタル化が進む医療現場で非常に重要な役割を担っています。また、医療情報の標準化や品質向上、法令遵守などの業務も行います。,37.2,18:48,28.8,2,31.5,10.7,55.2,550,5.3,医療・福祉・介護業
139,商品開発部員,1950,第二次世界大戦後の経済成長期において、消費財市場の拡大と競争激化に伴い、企業が新製品を戦略的に企画・開発する専門職の必要性が高まりました。1950年代には、市場調査からコンセプト構築、デザイン、製造、プロジェクト管理までを一貫して担当する「商品開発部員」という役割が、多くの大手企業で確立され始めました。,,1,,"コミュニケーションスキル,Python,SQL,クリエイティブシンキング,市場分析スキル","true,false,false,true,true",基本情報技術者試験,FALSE,"トヨタ自動車,ソニー,パナソニック","論理的思考力,クリエイティブ,市場ニーズの理解,継続力","true,true,false,false","最新技術への関心,データ分析,マーケットトレンドへの関心","false,false,true",商品開発部員は、新しい製品やサービスを企画・開発する職種です。この職種では市場調査を行い、顧客ニーズやトレンドを分析した上で商品コンセプトを構築します。企画した商品を実現するために、デザインや試作品の作成、製造プロセスの管理なども担当することがあります。また、プロジェクトの進捗を管理し、社内外の関係者と連携を取りながら商品化までをサポートします。クリエイティビティや市場分析力、プロジェクト管理能力が求められる職種です。,32,19:30,85,2,31,15,45,550,4.5,食料品製造業
140,労働基準監督官,1947,労働基準監督官の職務は、日本の労働基準法が制定・施行された1947年に始まりました。この法律の施行に伴い、労働基準を監督し、労働者の権利を保護するための専門職として労働基準監督官が設置されました。,,1,日本,"コミュニケーションスキル,コミュニケーションスキル,法律知識","true,false,true",労働基準監督官試験,TRUE,日本労働基準監督署,"法的知識,交渉力,論理的思考力,分析力,継続力","true,true,true,true,false","法律への興味,労働環境の改善に関心","true,true",労働基準監督官は、労働条件や労働環境が法律に準拠しているかを監督し、労働者の権利を保護する役割を担っています。主な職務には、企業や事業所への立ち入り調査、労働条件の改善の指導、労働基準法等に基づく勧告や是正指導の実施、労働紛争の解決に向けた取り組みが含まれます。また、労働災害や長時間労働に関する問題にも対応し、労働者の安全と健康の確保に努めます。,32,19:30,85,2,31,15,45,550,4.5,官公庁・行政・自治体
141,薬剤師,754,薬剤師の専門職としての起源は、8世紀中頃のイスラム世界に遡ることができます。特に754年には、バグダッドに最初の調剤薬局（アポセカリー）が設立されたとされており、これにより医師と薬剤師の役割が明確に分化し始め、医薬品の調剤と販売を専門とする職能が確立されました。これは、西洋における薬剤師と医師の分離を定めた1240年のサレルノ勅令よりも早い時期です。,,1,日本,"コミュニケーションスキル,薬学の知識,処方箋の理解能力,Python,SQL","true,true,true,false,false",薬剤師免許,TRUE,"エーザイ,武田薬品工業,第一三共,アステラス製薬,中外製薬","薬学の専門知識,論理的思考力,細心の注意力,コミュニケーション能力,倫理的判断力","true,true,true,false,false","薬学への関心,データ分析","true,false",薬剤師は、医薬品の調剤や販売、医薬品の品質管理などを行う専門家です。また、患者に対して薬の適切な使用方法や副作用についての説明を行います。病院や薬局、製薬会社など、さまざまな場所で活躍することができ、医療チームの一員として重要な役割を担っています。さらに、薬の開発や研究に携わる機会もあります。薬剤師になるためには、大学で薬学を専攻し、国家試験に合格することが必要です。,41.3,18:10,35.6,2,32.3,5.5,70.2,602,10.5,医療・福祉・介護業
142,郵便事務員,1840,現代の郵便事務員の役割は、1840年にイギリスでローランド・ヒルが導入した郵便制度改革（ペニー・ポスト）により、切手の販売、均一料金の計算、郵便物の仕分け、窓口対応といった業務が大幅に増加し、組織的な郵便局員の需要が高まったことで確立されました。この改革は世界中の郵便制度に影響を与え、多くの国で同様の公衆向け郵便サービスが展開されるきっかけとなりました。,,1,,"コミュニケーションスキル,オーガナイズスキル","true,false",郵便事務資格,FALSE,日本郵便株式会社,"継続力,コミュニケーション能力,正確さと注意力,体力,論理的思考力","true,true,true,false,false","細部への関心,コミュニケーションへの興味","true,false","郵便事務員は、主に郵便物の仕分け、配送の手配、郵便料金の計算、切手の販売、郵便窓口での接客などを行います。業務内容には、郵便物を指定のエリアに振り分ける作業や、発送される郵便物の集荷手配、運送会社との連絡調整、顧客の問い合わせ対応なども含まれます。基本的にはオフィス内でのデスクワークが中心ですが、窓口対応や時には軽作業が伴うこともあります。チーム内で協力して業務を進める場合が多く、コミュニケーション能力や協調性が求められる職種です。
",42.4,17:30,48.6,2,30.8,5.4,46.5,410,9.3,運輸・物流・倉庫業
143,英文速記者,1840,アイザック・ピットマンが1837年に音標速記法を体系化し発表したことで、速記技術が標準化され、広く学習されるようになりました。これにより、ビジネス、法廷、政府機関など様々な分野で訓練された速記者の需要が急速に高まり、1840年代には専門職としての英文速記者が確立されました。,,1,,"コミュニケーションスキル,Listening,Typing Speed,Attention to Detail","false,true,true,true","速記検定,STEM-STENO Certification","false,false",株式会社 スピード,"論理的思考力,タイピングスピード,リスニングスキル,短期記憶力","true,true,true,false","最新技術への関心,言語への興味","false,true",英文速記者は、会議やセミナー、裁判所の審議などで発言をリアルタイムで記録していく職業です。通常、特殊な速記技術を用いて話の内容を素早く記録し、必要に応じて書き起こしを行います。英語のリスニング能力や速記技術が求められ、高度な集中力が必要とされます。,38,19:00,30,2,32,10,50,450,5,法律・会計・コンサルティング業
144,建築積算技術者,1785,建築積算技術者という独立した専門職は、18世紀後半のイギリスでその起源を見つけます。特に1785年頃、建設プロジェクトの入札用数量積算や工事費見積もりを専門とする「測量士（Measurer）」が、建設業者や建築家から独立したサービスとして登場し始めました。これは、大規模化・複雑化する建設プロジェクトにおいて、コスト管理と予算策定の専門性が高まり、その役割が特化したことによるものです。,,1,,"コミュニケーションスキル,建築知識,積算技術,SQL,Python","true,true,true,false,false","建築積算士,基本情報技術者試験","true,false","大成建設,鹿島建設,清水建設,竹中工務店,熊谷組","論理的思考力,継続力,計算力,建築知識,詳細への注意力","false,true,true,true,false","データ分析,建築設計への興味","false,true",建築積算技術者は、建築プロジェクトの設計図や仕様書をもとに、工事に必要な材料や労働力の数量を算出し、コストを見積もる専門職です。具体的には、設計図を詳細に分析し、各工程で必要となる材料や作業のリストを作成し、それらの市場価格を考慮して全体の工事費用を算出します。また、予算管理やコスト削減の提案も行い、プロジェクトの全体的な予算を効率的に管理する役割を担っています。この職業には、建築に関する深い知識とともに、正確な計算能力やデータ分析能力が求められます。,,18:00,,,,,,567,5.319148936,建設・土木業
145,インターネットコンサルタント,1995,インターネットコンサルタントという職業は、World Wide Webの商業的利用が本格的に拡大し始めた1995年頃にその萌芽が見られました。この時期、企業はウェブサイトの開設を始め、オンラインでの存在感を高める必要性を感じましたが、その方法や戦略については専門的な知識が不足していました。このニーズに応える形で、ウェブサイトの最適化、初期のオンラインマーケティング、デジタル戦略に関するアドバイスを提供する専門家が登場し始めました。この年は、Netscape CommunicationsのIPOやAmazon、eBayといった主要なeコマース企業の設立など、インターネットが商業活動の重要なプラットフォームとして認識され始めた転換点であり、それに関連するコンサルティングの需要が生まれた時期と重なります。,,1,,"コミュニケーションスキル,デジタルマーケティング,SEO対策,SQL,プロジェクト管理能力","true,true,false,false,false","ITコーディネータ資格,基本情報技術者試験","false,false","サイバーエージェント,デジタルガレージ,アイレップ,オプト","論理的思考力,コミュニケーション能力,デジタルマーケティングの知識,データ解析能力,継続力","true,true,true,false,false","最新技術への関心,データ分析,デジタルマーケティングへの関心,ビジネス戦略への理解","true,true,true,false",インターネットコンサルタントは、企業や個人がオンラインでのビジネス活動を最適化するためのアドバイスや戦略を提供する専門家です。彼らはウェブサイトの改善、SEO対策、オンラインマーケティング、ソーシャルメディア活用、デジタル広告戦略など、幅広いインターネット関連の知識と技術を駆使してクライアントのニーズに応えていきます。クライアントがオンラインプレゼンスを向上させ、トラフィックやコンバージョン率を増加させることを目標とします。また、業界の最新トレンドを把握し、適切なデジタル戦略を計画し実行するスキルが求められます。,32,19:30,85,2,31,15,45,550,4.5,情報通信業（IT・ソフトウェア・通信）
146,ロボット設計技術者,1961,ロボット設計技術者という職業が明確に成立したのは、1961年に世界初の産業用ロボットであるUnimateがゼネラルモーターズの工場に導入された頃が妥当と考えられます。Unimateの開発には、機械工学、電子工学、制御工学といった複数の分野の専門知識が融合されており、その設計・開発には「ロボット設計技術者」と呼ぶにふさわしい専門家が関わっていました。この導入を機に、産業用ロボットの需要が高まり、ロボットを専門に設計・開発する技術者の必要性が社会的に認識されるようになりました。,,1,,"機械設計,Python,SQL,コミュニケーションスキル,ロボット工学の知識","true,false,false,true,true","機械設計技術者試験,基本情報技術者試験","false,false","トヨタ自動車,ファナック","論理的思考力,継続力,創造性,コンピュータープログラミングスキル,問題解決能力","true,true,true,true,false","最新技術への関心,データ分析,メカトロニクスへの興味","true,false,true",ロボット設計技術者は、機械工学、電子工学、コンピュータサイエンスの知識を活用して、ロボットの設計と開発を行います。彼らは新しいロボットシステムの設計、既存のシステムの改善、プロトタイプの作成、実験やテスト、性能の評価など、多岐にわたる業務を担当します。ロボットの用途は様々で、製造業、自動車産業、医療など、幅広い分野で使用されるため、専門的な知識と技術が求められる職種です。,,18:00,,,,,,765,7.28,機械製造業
147,営業マン,-3000,古代メソポタミア文明において、都市の発展と共に専門的な商人（merchant）が出現し、組織的な交易に従事したのが営業職の源流と考えられます。,,1,,"コミュニケーションスキル,交渉力,目標達成力,プレゼンテーションスキル,市場分析力","true,true,true,false,false","宅地建物取引士,基本情報技術者試験","false,false","トヨタ自動車,ソニー株式会社,パナソニック株式会社","継続力,論理的思考力,コミュニケーション能力,交渉力,目標達成力","true,false,true,false,false","コミュニケーション能力,プレゼンテーションスキル,最新技術への関心,データ分析","true,true,false,false",営業マンは、企業の商品やサービスを顧客に提案・販売する役割を担う職業です。顧客のニーズを理解し、適切な商品やサービスを提案することで、売上を上げることが主な目的です。効果的なコミュニケーション能力と交渉スキルが求められ、顧客との信頼関係を築くことが重要です。また、新規顧客の開拓や既存顧客のフォローアップも重要な業務の一部です。,38,19:00,87.5,2,31,18.5,45.2,560,5.2,商社・卸売業
148,臨床工学技士,1987,臨床工学技士は、日本において1987年（昭和62年）に「臨床工学技士法」が公布されたことにより、医療専門職として法的に確立されました。この法律の制定により、医療機器の高度化・複雑化に伴い、その操作・保守・点検を専門的に行う人材の必要性が高まった背景があります。,,1,日本,"コミュニケーションスキル,解剖学の知識,生理学の知識,医療機器操作の技術,安全管理の知識,病院内チームでの協力,メンテナンスの知識","true,true,true,true,true,false,false",臨床工学技士免許,TRUE,"シーメンスヘルスケア,トヨタ自動車","論理的思考力,技術的知識,医療機器の操作能力,コミュニケーション能力,継続力","true,true,true,false,false","最新技術への関心,医学と工学の融合への興味,データ分析","true,true,false",臨床工学技士は、医療現場で使用される高度な医療機器の操作、維持管理、修理を行う専門職です。彼らは、透析装置、人工心肺装置、人工呼吸器などの生命維持装置を適切に運用し、患者の健康を支援します。また、医療機関での技術アドバイザーとしても働き、安全で効率的な医療提供をサポートします。専門的な知識と技術が求められる職種で、医療スタッフと協力しながらチーム医療の一員として活動します。,32,19:30,85,2,31,15,45,550,4.5,医療・福祉・介護業
149,経理・財務,1494,1494年にイタリアの数学者ルカ・パチョーリが、複式簿記に関する記述を含む著書『スムマ（算術・幾何・比および比例に関する全集）』を出版しました。この出版により、現代の会計・財務の基礎となる体系的な簿記手法が確立され、企業や組織の財務管理を専門とする「経理・財務」という職種が発展する土台となりました。,,1,,"コミュニケーションスキル,SQL,簿記,財務分析,エクセル","true,false,true,true,true","日商簿記検定2級,税理士資格","false,false","トヨタ自動車,ソフトバンク,三菱UFJ銀行","論理的思考力,継続力,数値管理能力","true,true,true","データ分析,数値管理への興味,会計制度への興味,最新技術への関心","true,true,false,false",経理・財務は、企業や組織の財務管理を担当します。これには、予算の策定、資金調達、会計帳簿の維持、財務分析、税務申告の準備などが含まれます。経理は通常、日々の会計業務を担当し、財務はより戦略的な財務計画や管理を行います。正確なデータ処理能力と分析力が求められます。また、金融市場や法律に関する知識も重要です。企業の財務健康を維持し、効率的に資本を運用する役割を担います。,32,19:30,85,2,31,15,45,550,4.5,金融業・保険業
150,ネットサーファー,1992,「ネットサーファー」という言葉の元となる「インターネットサーフィン（surfing the Internet）」という表現は、司書であるジーン・アーマー・ポリーが1992年にウィルソン図書館速報に寄稿した記事「Surfing the Internet」によって広く普及しました。これは、インターネットを探索する活動が認知され、その概念が広まった時期とされています。ネットサーファー自体は職業ではなく活動を指しますが、その概念が誕生したのはこの頃です。,,1,,"コミュニケーションスキル,SEOの知識,デジタルマーケティング,トラフィック分析","false,true,false,false",Advanced Web Search Certification,FALSE,"サイバーエージェント,LINE株式会社","情報収集能力,トレンド把握能力","true,false","最新技術への関心,インターネットトレンドの追跡","false,true",『ネットサーファー』とは、一般的な職業ではなく、インターネットをブラウジングして様々な情報を収集したり、新しいウェブサイトやコンテンツを探索する活動を指すスラングです。趣味として楽しむ人が多く、その中で特定のジャンルやトピックに関する知識を深めることもあります。ただし、これが収入を得るための職業となる場合、ブログやコンテンツの作成、IT関連の業務に役立つ情報の収集など、他の創造的な活動やスキルと組み合わせる必要があります。,32,19:30,85,2,31,15,45,550,4.5,情報通信業（IT・ソフトウェア・通信）
151,郵政外務職員,1871,日本の近代郵便制度が、前島密によって1871年（明治4年）に確立され、郵便物や小包の配達・集荷を行う「郵政外務職員」に相当する役割がこの時から始まったためです。これにより、公式な郵便配達業務が組織的に行われるようになりました。,,1,,"コミュニケーションスキル,地域の地理知識,郵便物取り扱い知識,安全運転スキル,労働時間管理","true,true,true,true,false","運転免許,基本情報技術者試験","true,false",トヨタ自動車,"継続力,コミュニケーション能力,時間管理能力,状況判断能力","true,true,false,false","最新技術への関心,コミュニケーションへの関心","false,true",郵政外務職員は、主に郵便局において外勤活動を行う職業です。主な業務には郵便物や小包の配達、集荷、郵便局と顧客間のコミュニケーションが含まれます。また、外務職員は配達区域の効率的な管理や、地域コミュニティとの関与も求められることがあります。勤務は基本的に屋外で行われるため、季節や天候の変化に対応する能力も必要です。業務の特性上、顧客対応能力と体力が重要とされる職業です。,44,17:30,75.7,2,31,5.4,45.3,550,10.5,運輸・物流・倉庫業
152,電算写植オペレーター,1971,電算写植オペレーターは、電算写植機が普及し始めた時期に誕生しました。日本では1971年に株式会社モリサワが最初の電算写植システム「SAPTON」を発表し、これによってデジタルデータをもとにした文字組版が可能になりました。同様に写研もこの時期に電算写植システムを開発しており、これらの機械の導入に伴い、専門の操作員が必要とされたため、電算写植オペレーターという職業が確立しました。,,1,,"DTPソフトウェアの操作スキル,レイアウト設計の知識,コミュニケーションスキル","true,true,false",DTPエキスパート認証,FALSE,"株式会社モリサワ,株式会社SCREENアミューズメントジャパン,株式会社ハイテクノロジーアドバンス","継続力,タイピングスキル,色彩感覚,デザインソフトウェアの知識,注意力","true,true,false,false,true","最新技術への関心,データ分析,正確性と細部へのこだわり","false,false,true",電算写植オペレーターは、電算写植機を用いて、テキストや画像を印刷物に定着させるための作業を担当します。この職業は、デジタルデータをもとにレイアウトや文字組みを行い、製品として印刷できる形に仕上げることが主な業務です。また、印刷業界における生産工程の一部として、校正や確認作業なども行うことがあります。高度な技術と正確さが求められ、特に細かい文字の調整や画像の配置などの細部に注力する必要があります。,45,19:00,50,2,33,12,55,450,8,木材・紙・印刷業
153,ネットワークエンジニア,1985,1980年代半ばには、イーサネットの標準化（1983年）と企業内LANの普及が本格化しました。これにより、組織内でコンピュータネットワークの設計、構築、管理、最適化を専門的に行う必要性が高まり、シスコシステムズ（1984年設立）などのネットワーキング機器ベンダーの台頭と共に、「ネットワークエンジニア」という専門職が明確に確立され始めました。それ以前は、主に研究者や一般的なシステム管理者が兼務する形でネットワーク関連業務が行われていました。,,1,,"コミュニケーションスキル,ネットワークプロトコル知識,ネットワークセキュリティ,ルーティングおよびスイッチング,ネットワーク設計と実装","true,true,true,true,false","基本情報技術者試験,ネットワークスペシャリスト試験","false,false","トヨタ自動車,NTT,KDDI,ソフトバンク","論理的思考力,トラブルシューティング能力,ネットワークの専門知識,コミュニケーション能力,継続力","true,true,true,false,false","最新技術への関心,データ分析,ネットワーク設計への興味","true,false,true",ネットワークエンジニアは、組織や会社のコンピュータネットワークの設計、構築、管理、メンテナンスを担当します。ネットワークのパフォーマンスを最適化し、セキュリティを確保するための技術的な支援を行い、故障や問題のトラブルシューティングも行います。クラウドサービスやワイヤレスネットワークを含む多様なネットワークインフラの導入・管理にも携わることが多く、最新のセキュリティプロトコルやネットワーク技術に精通していることが求められます。,35,19:00,80.5,2,30.5,25.2,40,580,5.5,情報通信業（IT・ソフトウェア・通信）
154,カラーリスト,1947,色の特性や心理的効果を理解し、クライアントの希望に合わせた色の提案や組み合わせを行う「カラーリスト」の職業の起源は、パーソナルカラー診断が体系化された時期に求められます。スザンヌ・ケイギル（Suzanne Caygill）が、個人の肌、髪、目の色に基づいて最適な色を診断する「シーズンカラー分析」のシステムを確立し、1947年にサンフランシスコに「カラーセンター」を設立しました。これは、ファッションや美容分野におけるクライアントへの専門的な色彩アドバイスを行うカラーリストという職業の基礎を築いたものとされています。,,1,,"Python,SQL,コミュニケーションスキル,色彩理論,Adobe Photoshop,デザインのセンス","false,false,true,true,true,true","カラーコーディネーター検定試験,色彩検定","false,false","日本ロレアル,資生堂,花王,コーセー","色彩感覚,論理的思考力,継続力","true,false,false",最新技術への関心,FALSE,カラーリストは、色を専門に扱う職業であり、主にファッション、インテリアデザイン、美容業界などで活躍します。彼らは色の特性や心理的効果を理解し、クライアントの希望に合わせた色の提案や組み合わせを行います。カラーリストは、色彩検定や色彩に関する専門知識を必要とし、視覚的なセンスも求められます。,32,19:30,85,2,31,15,45,550,4.5,デザイン・アート・クリエイティブ業
155,空間デザイナー,1919,空間デザイナーの職業は、建築、インテリア、展示、商業施設など多岐にわたる空間の機能性と美観、そしてユーザー体験を統合的にデザインするという現代的なアプローチが確立された時期にそのルーツを持ちます。この考え方の基礎は、1919年に設立されたドイツのバウハウスに強く見られます。バウハウスでは、建築、家具、舞台、グラフィックなどあらゆるデザイン分野を統合し、機能性と芸術性を両立させた「総合芸術」としてのデザイン教育が行われました。これは、現在の空間デザイナーが担う、多様な要素を複合的に考慮し、コンセプトに基づいた空間全体を創造する役割の理論的・実践的な起源とされています。,,1,,"インテリアデザイン,建築設計,コミュニケーションスキル,CADソフトの使い方,スケッチやデジタルアートスキル,プロジェクト管理,色彩理論","true,true,true,true,false,false,false",基本情報技術者試験,FALSE,"乃村工藝社,株式会社丹青社,株式会社イチバン","創造力,デザインセンス,論理的思考力,コミュニケーション能力,継続力","true,true,true,false,false","最新技術への関心,美的センス,空間認識能力","false,true,true",空間デザイナーは、建築、インテリア、展示空間、商業施設など、様々な場所のデザインを担当する職業です。空間の機能性と美観を両立させ、人々が快適に過ごせる環境を作り上げます。使用目的やターゲット層、ブランドのコンセプトなどに応じて空間のデザインを行い、多くの場合、建築士やインテリアコーディネーターと連携してプロジェクトを進めます。設計図の作成、素材の選定、3Dモデルの作成などの技術的なスキルも求められます。,35.5,19:00,70,1.5,30,20,50,550,5,デザイン・アート・クリエイティブ業
156,ヘルプデスク,1985,ヘルプデスクという職業は、1980年代にパーソナルコンピュータ（PC）が企業に広く普及し始めたことで、その必要性が急速に高まり、専門のITサポート部門として確立されました。特に1980年代半ばには、PCの導入に伴うユーザーからの技術的な問い合わせや問題解決の需要に対応するため、電話などを介した専門的なヘルプデスク機能が多くの組織で設けられ始めました。,,1,,"コミュニケーションスキル,SQL,トラブルシューティング能力","true,false,true",基本情報技術者試験,FALSE,"富士通株式会社,NEC株式会社,株式会社リコー","論理的思考力,継続力,コミュニケーション能力,問題解決能力","true,false,true,true","最新技術への関心,データ分析,コミュニケーション能力,問題解決への熱意","false,false,true,true",ヘルプデスクは、組織内外のユーザーからの技術的な問題や質問に対応する役割を担います。主にIT関連のサポートを提供し、電話、メール、チャットなどを通じ、トラブルシューティングや問題解決に当たります。顧客サービスの向上を目指し、迅速かつ的確なサポートを提供することが求められます。,32,19:30,85,2,31,15,45,550,4.5,情報通信業（IT・ソフトウェア・通信）
157,図書館司書,-650,古代メソポタミアのアッシュールバニパル図書館（紀元前7世紀）において、粘土板の収集、分類、整理、保存、そして学者や宮廷への利用提供が行われていたことが考古学的証拠から示されています。これは、図書館司書の主要な業務（資料の収集、整理、保存、利用者への情報提供）が専門職として存在していた最も初期の明確な例の一つと考えられます。特に紀元前650年頃は、アッシュールバニパル王の治世下で図書館が最も活発に機能していた時期に該当し、専門の管理者によってこれらの職務が遂行されていました。,,1,,"コミュニケーションスキル,データベース管理,カタログ作成,蔵書整理能力,読書推進","true,false,true,true,false",司書資格,TRUE,"国立国会図書館,東京都立中央図書館,早稲田大学図書館","論理的思考力,継続力,コミュニケーション能力,組織能力,情報収集能力","false,false,true,true,true","読書好き,最新技術への関心,資料の整理整頓,対人コミュニケーション","true,false,true,false",図書館司書は、図書館での資料の収集、整理、保存、及び利用者への情報提供を行う専門職です。主要な業務には、図書や雑誌などの資料の選定と購入、資料の分類と整理、データベースの管理、カウンターでの利用者対応、資料の検索支援やレファレンスサービスの提供が含まれます。司書はまた、図書館のイベントやプログラムの計画と実施も担当することがあります。広範な情報リテラシーや、リサーチスキル、コミュニケーション能力が求められます。,38,19:30,35,2,31,10,45,550,4.5,教育・学習支援業
158,インテリアデザイナー,1905,インテリアデザインの職業としての起源は、19世紀後半から20世紀初頭にかけて、個人が建築とは独立して空間の装飾と機能的な計画を専門的に提供し始めた時期に求められます。特に、アメリカのエリシー・ド・ウルフ（Elsie de Wolfe）が1905年頃に「インテリアデコレーター」としてビジネスを確立し、彼女がこの職業を専門化した人物として広く認知されています。それ以前は、建築家、家具職人、または建物の所有者自身が内装を手掛けることが一般的でした。,,1,,"コミュニケーションスキル,インテリアデザインスキル,SQL,CADソフトウェアの知識,プロジェクト管理スキル","true,true,false,true,false","インテリアコーディネーター資格,インテリアプランナー資格,色彩検定","false,false,false","岡村製作所,カリモク家具,天童木工","創造力,論理的思考力,継続力,美的センス,コミュニケーション能力","true,false,false,true,true","デザインへの情熱,空間のセンス,最新技術への関心","true,true,false",インテリアデザイナーは、建物内部の空間を美しく、かつ機能的にデザインする職業です。家庭、オフィス、店舗や公共施設など様々な空間のデザインを手掛け、顧客のニーズやライフスタイルに合わせて最適なインテリアを提案します。カラーコーディネーション、家具やアクセサリーの選択、空間のレイアウトプランニングを通じて空間の雰囲気を演出します。仕事は顧客との打ち合わせ、デザイン案の作成、工事管理など多岐にわたります。技術的な知識と芸術的なセンスが求められます。,,18:00,,,,,,450,5.2,デザイン・アート・クリエイティブ業
159,パッケージデザイナー,1920,パッケージデザイナーという職種が現在の意味合いで成立したのは、1920年代に「インダストリアルデザイン」が専門職として確立された時期に重なります。ウォルター・ドーウィン・ティーグやレイモンド・ローウィといった先駆的なインダストリアルデザイナーたちが、商品の保護だけでなく、ブランド戦略の一環として消費者の購買意欲を刺激するためのパッケージの素材、形状、色、グラフィックなどを総合的に設計する役割を担い始めました。この時代は、大量生産と消費文化の台頭により、商品の差別化とマーケティングにおけるパッケージデザインの重要性が飛躍的に高まった時期にあたります。,,1,,"コミュニケーションスキル,デザインセンス,SQL,Adobe Creative Suite,マーケティング知識","true,true,false,true,false","インダストリアルデザイン検定,DTPエキスパート認証試験","false,false","株式会社電通,株式会社ADKアーツ,株式会社博報堂DYホールディングス","論理的思考力,継続力,創造力,美的センス,コミュニケーション能力","false,false,true,false,false","最新技術への関心,美的センス,クリエイティブな発想,データ分析","false,true,true,false",パッケージデザイナーは、商品を保護し、消費者に製品を魅力的に見せるパッケージを設計する職業です。彼らは、素材、形状、色、締め方、印刷技術などを駆使し、商品ブランドに合ったデザインを作ります。また、マーケティング戦略の一環として、パッケージデザインが購買者の心を掴む役割を担います。デザインソフトウェアの使用や、特定の業界規制の知識も求められることが多い職種です。,32,19:30,85,2,31,15,45,550,4.5,デザイン・アート・クリエイティブ業
160,通関士,1967,日本において、通関業法が制定され、通関業務を専門的に行う「通関士」の国家資格制度が確立された年です。これにより、国家資格を持つ専門職としての通関士が誕生しました。,,1,日本,"貿易知識,コミュニケーションスキル,法律知識,語学力","true,true,true,false",通関士資格,TRUE,"日本総合通関株式会社,第一通関株式会社,株式会社HONDA通関,株式会社三菱通関","論理的思考力,貿易法規知識,語学力（特に英語）,コミュニケーション能力","true,true,true,false","国際物流への興味,データ分析,貿易法規の学習への興味","true,true,true",通関士は、輸出入貨物の通関手続きを専門的に行う国家資格を持つ職業です。主に貿易会社や物流会社、通関業者などで働き、関税や輸入税の計算、必要書類の作成、提出、関係当局との調整を行います。この職務は、国際貿易の円滑な進行をサポートし、法律や規制を遵守することが求められます。通関士は、貿易の法令や規制に関して高度な知識を持ち、常に最新の情報をアップデートしなければなりません。,40.8,18:30,75,2,32.5,10.5,50,600,8.2,運輸・物流・倉庫業
161,消費生活アドバイザー,1979,通商産業省（現在の経済産業省）が「消費生活コンサルタント」の資格制度を開始した年であり、これが現在の消費生活アドバイザー資格のルーツであるため。,,1,日本,"コミュニケーションスキル,SQL,Python,消費者法や消費者保護に関する知識,マーケティングリサーチ","true,false,false,true,false",消費生活アドバイザー資格,TRUE,"株式会社 イトーヨーカ堂,イオン株式会社,株式会社 セブン＆アイ・ホールディングス,株式会社ローソン,日本生活協同組合連合会","論理的思考力,コミュニケーション能力,問題解決能力,継続力","true,true,true,false","消費者行動への興味,データ分析,消費者保護法への興味","true,false,true",消費生活アドバイザーは、消費者の不安や疑問を解消し、暮らしの向上を支援する専門家です。消費に関する情報提供や相談対応、消費者トラブルの解決支援などを行います。また、行政機関や企業、団体などで働き、消費者の声を企業の製品・サービス改善に反映させる役割も担います。消費生活に関わる法律の知識や消費者心理への理解が求められ、消費生活アドバイザー資格の取得が推奨されます。,37.3,18:41,29.1,1.8,30.7,8.5,51,576,6.5,法律・会計・コンサルティング業
162,外資系スタッフ,1859,日本が開国し、安政の開港（1859年、安政6年）により横浜などで外国商館が設立され始めた時期が、外資系企業が日本で事業活動を開始し、日本人スタッフを雇用し始めた時期と考えられます。通訳、事務、荷役などの業務で日本人スタッフが不可欠であったため、この頃から「外資系スタッフ」という職種が存在し始めたと言えます。,,1,,"コミュニケーションスキル,ビジネス英語,異文化理解","true,true,false","基本情報技術者試験,TOEIC or TOEFL","false,true","Google,Microsoft,Amazon,Facebook,Goldman Sachs","論理的思考力,英語力,コミュニケーション能力,異文化理解,柔軟性","true,true,true,false,false","最新技術への関心,国際ビジネスへの関心","false,true",外資系スタッフとは、外国資本の会社または外資系企業で働くスタッフのことを指します。主に、英語をはじめとする外国語のスキル、異文化理解能力、グローバルなビジネス感覚が求められる職種です。外資系企業では、その国独自の企業文化やビジネスルールに基づいて業務が進められることが多いため、柔軟な対応力も重要です。待遇や給与の面では一般的に日本企業よりも高めの場合が多いですが、成果主義が強調されることも多いです。具体的な職務内容は企業の業種や規模によって異なりますが、一般的には営業、マーケティング、経理、人事、ITなどの一般職や専門職が該当します。,32,19:30,85,2,31,15,45,550,4.5,商社・卸売業
163,医療秘書,1961,1961年の国民皆保険制度導入により、医療機関における診療報酬請求業務が複雑化・増大し、これを専門的に担う医療秘書のような職種の必要性が高まり、その役割が確立されました。,,1,日本,"コミュニケーションスキル,医療業界の知識,医療事務の経験,オフィスソフトのスキル","true,true,false,false","医療秘書技能検定,診療報酬請求事務能力認定","false,false","ソニー・メディカルソリューションズ株式会社,オリンパス株式会社,シスメックス株式会社","継続力,論理的思考力,コミュニケーション能力,マルチタスク能力","true,true,true,false","データ分析,医療業界への興味,コミュニケーション能力への関心","false,true,true",医療機関で働き、医師や看護師をサポートする職業です。医療秘書の主な業務には、患者の予約管理、カルテの整理、医師のスケジュール管理、電話応対、診療報酬請求業務などがあります。医療現場での円滑な運営を支える重要な役割を担っています。,32,19:30,15,2,31,15,45,550,4.5,医療・福祉・介護業
164,人事,1918,人事という職能が専門職として確立し始めたのは、第一次世界大戦中に労働者の確保と管理、生産効率の向上が急務となった時期です。特に1918年には、雇用管理者の専門組織である全米雇用管理者協会（National Association of Employment Managers、現在のSociety for Human Resource Managementの前身）が設立され、この職務が組織内で明確な役割を持つようになったとされています。当初は「人事管理（Personnel Management）」と呼ばれていましたが、その機能は現代の人事の基盤を築きました。,,1,,"コミュニケーションスキル,人事管理,雇用法知識,リクルートメント,労務管理スキル","true,true,true,false,true",基本情報技術者試験,FALSE,"リクルートホールディングス,パーソルホールディングス,パソナグループ","論理的思考力,コミュニケーション能力,問題解決能力,人間関係構築能力,継続力","true,true,true,false,false","データ分析,人に対する興味,コミュニケーションと調整に関する興味","false,true,true",人事（Human Resources）とは、企業や組織における人材の管理や育成、採用活動、労働環境の整備などを担当する部門です。主な業務には、社員の採用プロセスの企画・実施、評価制度や報酬制度の構築・運用、労働法や労働条件の遵守、社内研修や育成プログラムの設計、コミュニケーションの活性化、人材の異動や配置の計画などがあります。従業員が快適かつ効率的に働ける環境を整えることで、企業全体の生産性を高める役割を担っています。,38,19:00,70,2,31,10,50,600,5,法律・会計・コンサルティング業
165,エディトリアルデザイナー,1922,「エディトリアルデザイナー」という特定の職名がいつから存在したかを特定することは困難ですが、その職務の中核である視覚伝達のためのデザインを専門とする「グラフィックデザイン」という用語が、アメリカのタイポグラファーであるウィリアム・アディソン・ドウィギンスによって1922年に初めて使用されました。この時期は、バウハウスやニュー・タイポグラフィといったモダンデザイン運動が台頭し、雑誌や書籍のレイアウト、タイポグラフィ、写真の配置といった要素が意識的にデザインされ、今日の「エディトリアルデザイナー」の基礎となる専門的な実践が確立された時代と重なります。したがって、この年を職業が専門分野として認識され始めた画期的な時期としています。,,1,,"コミュニケーションスキル,Adobe Creative Suite,タイポグラフィの知識,編集デザインの経験,プロジェクト管理能力","true,true,true,true,false","DTPエキスパート認証,カラーコーディネーター検定","false,false","講談社,集英社,小学館,文藝春秋,電通","論理的思考力,クリエイティビティ,ビジュアルコミュニケーション能力,タイポグラフィスキル,ソフトウェアスキル","true,true,true,false,true","データ分析,視覚的表現への興味,トレンドや最新デザイン技術への関心,文章やコンテンツの編集スキルへの興味","false,true,false,false",エディトリアルデザイナーは、雑誌、新聞、書籍、デジタルメディアなどの編集物のデザインを担当する職業です。編集物の内容に合わせたレイアウトや視覚的な要素を考慮し、読者にとって見やすく、理解しやすいデザインを作成します。字体の選定、写真やイラストの配置、色の選択など、ビジュアルコミュニケーションを主とした作業を行います。クリエイティブなセンスに加えて、編集者や著者と協力しながら効果的なビジュアルを生み出すコミュニケーション能力も重要です。,32,19:30,85,2,31,15,45,550,4.5,広告・出版・マスコミ・エンタメ業
166,WEBプログラマー,1995,Webプログラマーの職業が確立され始めたのは、World Wide Webが商業的に普及し始め、動的なWebコンテンツの需要が高まった1995年頃と考えられます。この年、Netscape CommunicationsによってWebブラウザ上で動作するスクリプト言語JavaScript（当初はLiveScript）が開発され、ユーザーインターフェースに動きとインタラクティブ性をもたらしました。また、サーバーサイドのWeb開発を容易にするPHPがRasmus Lerdorfによって公開され、Webアプリケーション開発の基盤が整いました。これにより、HTMLとCSSに加え、これらの言語を駆使してWebサイトやWebアプリケーションを設計・開発・保守する専門家としての「Webプログラマー」の役割が明確化され、需要が急速に拡大しました。,,1,,"Python,SQL,HTML/CSS,JavaScript,コミュニケーションスキル","true,false,true,true,false",基本情報技術者試験,FALSE,"Google,Microsoft,GMOペパボ,サイバーエージェント,クックパッド,リクルートホールディングス","論理的思考力,継続力,プログラミングスキル,問題解決能力,コミュニケーション能力","true,true,true,false,false","最新技術への関心,データ分析","true,false",WEBプログラマーは、WebサイトやWebアプリケーションの設計、開発、保守を行う専門職です。フロントエンドとバックエンドの知識が求められ、HTML、CSS、JavaScriptといった言語や、PHP、Python、Rubyなどのサーバーサイド言語を用います。ユーザー体験の向上や、機能の実装、パフォーマンスの最適化を目的として作業します。また、クライアントやデザインチームと連携し、プロジェクトを成功に導く役割も担います。,,18:00,,,,,,550,4.5,情報通信業（IT・ソフトウェア・通信）
167,アクチュアリー,1762,近代的なアクチュアリー職の起源は、1762年にロンドンで設立されたエクイタブル生命保険協会に遡ります。この協会は、科学的な原則（特にモーティリティテーブル）を生命保険の保険料計算に初めて適用し、統計データに基づいた財務リスク管理を行う専門家の役割を制度化しました。,,1,,"コミュニケーションスキル,データ分析,統計学,確率論,Python,SQL,保険関連法規の知識","true,true,true,true,false,false,false","年金数理人,アクチュアリー試験合格","true,true","生命保険協会,損害保険ジャパン株式会社,日本生命保険相互会社","論理的思考力,統計解析能力,金融リスク管理の知識,コミュニケーション能力,継続力","true,true,true,false,true","データ分析,確率と統計への興味,最新技術への関心","true,true,false",アクチュアリーは、主に保険や年金などの金融分野で働く専門家で、リスク分析と財務モデリングを通じて、将来的な不確実性を評価し、適切な保険料率や積立金の設定を行います。数学や統計、金融理論の深い知識を活かして、クライアントや企業がリスクに対応するための意思決定をサポートします。,32,19:30,85,2,31,15,45,550,4.5,金融業・保険業
168,家庭裁判所調査官,1949,家庭裁判所調査官は、1949年1月1日に施行された「家庭裁判所設置法」に基づき、家庭裁判所の設立と同時に設置された専門職です。,,1,日本,"コミュニケーションスキル,法律の基礎知識,心理学の理解,問題解決能力","true,true,true,false","司法書士試験,法務教官資格","false,false",法務省,"論理的思考力,継続力,コミュニケーション能力,心理学的理解,倫理観","true,false,true,false,true","法律への関心,人間心理への関心,カウンセリングへの興味","true,true,false",家庭裁判所調査官は、家庭裁判所に所属し、家庭内問題に関する事案を調査する役割を担います。主に離婚、親権、養育費、家庭内暴力などに関連する事件での事実関係を明らかにし、裁判官が適切な判断を下せるようサポートします。また、調停や面接調査を通じて家族問題の解決を図ることもあります。法律や心理学の知識が求められる専門職です。,38,18:00,50,2,31,10,70,650,7.5,官公庁・行政・自治体
169,児童相談員,1948,児童福祉法が1947年に制定され、1948年1月1日に施行されたことにより、児童相談所の設置が義務付けられました。児童相談員は、この児童相談所で子どもの保護と福祉を担う専門職として正式に制度化されました。,,1,日本,"コミュニケーションスキル,児童心理学,問題解決能力,カウンセリングスキル,ストレス管理能力","true,true,true,true,false","社会福祉士,精神保健福祉士","false,false",日本国民福祉協会,"論理的思考力,コミュニケーション能力,共感力,問題解決能力,ストレス管理能力","false,true,true,true,true","子どもと家族の福祉,コミュニケーション,心理学,文化的理解,最新技術への関心,データ分析","true,true,false,false,false,false",児童相談員は、家庭内で虐待やネグレクトを受けている子ども、家族問題を抱える子ども、または福祉サービスを必要とする子どもを支援する専門職です。彼らの役割は、問題の評価、介入策の提案、サポートの調整、ケース管理を行い、子どもの安全と福祉を守ることです。行政機関や施設で働き、専門家や関連組織と協力しながら、必要な法的手続きも含めた包括的な支援を提供します。,41.4,19:14,35.6,2,30.5,19.6,44.1,421,7.7,医療・福祉・介護業
170,WEBディレクター,1998,インターネットの商用化と普及が急速に進んだ1990年代後半、特に1998年頃から、Eコマースや企業ウェブサイトの複雑化・大規模化が顕著になりました。これにより、単一のウェブマスターでは管理しきれないほど多様な専門家（デザイナー、開発者、コンテンツ作成者など）がプロジェクトに関わるようになり、プロジェクト全体の計画立案、進行管理、品質保証、クライアントやチームとの調整、ユーザーエクスペリエンスの考慮など、包括的なディレクションを行う専門職の必要性が高まりました。この時期に、現在のWEBディレクターが担う役割が確立され始めました。,,1,,"コミュニケーションスキル,プロジェクト管理,SQL,CMS知識,UX/UIデザインの理解","true,true,false,true,false","Webデザイン技能検定,基本情報技術者試験","false,false","サイバーエージェント,リクルート","論理的思考力,継続力,コミュニケーション能力,プロジェクト管理能力,クリエイティブ思考","true,false,true,true,false","最新技術への関心,コミュニケーションへの関心,データ分析","true,true,false",WEBディレクターは、ウェブサイトやウェブプロジェクトの全体的なディレクションを担当する職業です。プロジェクトの計画、デザイン、開発、運用までの各段階を監督し、クライアントやチームメンバーとのコミュニケーションを通じて、プロジェクトを円滑に進行させます。また、ユーザーエクスペリエンスや使いやすさを考慮しながら、最終的なアウトプットのクオリティを保つために、クリエイティブな提案や問題解決を行うことも求められます。,32,19:30,85,2,31,15,45,550,4.5,情報通信業（IT・ソフトウェア・通信）
171,公認会計士,1854,公認会計士（Certified Public Accountant）の専門職としての起源は、1854年にスコットランドのエディンバラ会計士協会（The Society of Accountants in Edinburgh）が王室勅許（Royal Charter）を取得し、世界で初めて「勅許会計士（Chartered Accountant）」という専門職を法的に確立したことに遡ります。これにより、独立した会計監査の専門家という概念が明確化され、現代の公認会計士制度の基礎が築かれました。,,1,日本,"コミュニケーションスキル,SQL,会計原則の知識,監査手法の知識,分析能力,財務管理スキル,リスク評価能力,Excelスキル,法律知識","true,false,true,true,false,false,false,true,false",公認会計士試験合格,TRUE,"あずさ監査法人,新日本有限責任監査法人,有限責任監査法人トーマツ,PwCあらた有限責任監査法人","論理的思考力,数的処理能力,継続力,コミュニケーション能力,注意深さ","true,true,false,false,true","データ分析,財務や法律への関心,数字への関心,最新技術への関心","true,true,true,false",公認会計士は、企業や組織の財務情報を監査し、経理業務全般を管理する専門職です。この職業では、経済や税務の知識が求められ、法律に従って正確な財務報告書を作成することが重要です。公認会計士は、外部監査、税務相談、財務アドバイザリーなど幅広い業務を行い、企業の信頼性と透明性を向上させる役割を果たします。,37,19:00,83.5,1.8,32,25,42,800,8.1,法律・会計・コンサルティング業
172,弁理士,1899,日本において「弁理士法」が制定され、弁理士という職種が法的に確立された年です。これにより、知的財産権に関する専門家としての業務が正式に規定されました。,,1,日本,"知的財産権法の知識,特許情報分析,コミュニケーションスキル,特許文書作成スキル","true,false,true,true",弁理士試験,TRUE,"特許庁,日本弁理士会,特許業務法人あさひ国際特許事務所","論理的思考力,法律知識,知的財産に関する専門知識,継続力,コミュニケーション能力,問題解決能力","true,true,true,false,false,false","最新技術への関心,データ分析,知的財産権への関心","true,false,true",弁理士は、特許、商標、意匠、著作権などの知的財産権に関する専門家です。主に特許庁への申請書類の作成や、権利の取得手続きを代行する業務を行います。法律知識に基づき、クライアントの発明やブランドを法的に保護する役割を担い、特許紛争の調停や裁判の支援も行うことがあります。技術的な背景と法的知識が求められる職業です。,41.5,19:30,80.1,1.6,31.7,25.8,62.3,950,11.2,法律・会計・コンサルティング業
173,視能訓練士,1971,日本では、1971年に「視能訓練士法」が制定され、視能訓練士という専門職が法的に確立されました。これにより、視能訓練士の国家資格制度が始まり、現在の職業としての基盤が形成されました。,,1,日本,"コミュニケーションスキル,視覚機能検査技術,視能療法の知識,精密な機器操作能力,コミュニケーションスキル","true,true,true,true,false",視能訓練士免許,TRUE,日本光学医療,"論理的思考力,コミュニケーション能力,視覚の専門知識,患者への共感力","false,true,true,false","最新技術への関心,視覚リハビリテーションに関する興味","false,true",視能訓練士は、視覚に関する専門的な医療職で、視力測定、眼鏡やコンタクトレンズの処方補助、視覚機能のリハビリテーションなどを行います。彼らは眼科医と協力して働き、視覚障害のある患者や、眼鏡やコンタクトレンズが必要な患者のケアをサポートします。また、視覚機能の改善や視覚訓練を通じて患者の生活の質を向上させる役割を担っています。視能訓練士になるためには、指定された専門学校や大学での学位が必要で、多くの場合、国家試験を合格する必要があります。,32,19:30,85,2,31,15,45,550,4.5,医療・福祉・介護業
174,ＷＥＢクリエイター,1995,WEBクリエイターという職業の基礎は、ウェブが一般に広く普及し、動的コンテンツとデザインの重要性が増した1995年に確立されたと言えます。この年には、ウェブサイトにインタラクティブ性をもたらすプログラミング言語であるJavaScript（当時はLiveScript）が公開され、CSSの普及も本格化しました。これにより、HTML、CSS、JavaScriptを用いたコーディング、Photoshopなどを利用したグラフィックデザイン、ユーザーエクスペリエンス（UX）やユーザーインターフェース（UI）の設計といった、現代のWEBクリエイターが手掛ける多岐にわたる要素が統合され始めました。また、商用ウェブサイトの需要が急増し、「クライアントのニーズに合わせた魅力的なウェブプロジェクトを作成する」専門家としての役割が明確になった時期でもあります。,,1,,"コミュニケーションスキル,Python,SQL,HTML/CSS,JavaScript,デザインセンス","true,false,false,true,true,true","Webクリエイター能力認定試験,HTML5プロフェッショナル認定制度","false,false","Google,Microsoft,サイバーエージェント","論理的思考力,継続力,創造力,デザインスキル,プログラミングスキル","true,false,true,true,true","最新技術への関心,データ分析","true,false",WEBクリエイターは、ウェブサイトやウェブアプリケーションのデザイン、開発、およびコンテンツ作成を行う職業です。これには、HTML、CSS、JavaScriptなどのプログラミング言語を使ったコーディングや、Photoshopなどを利用したグラフィックデザインが含まれます。また、ユーザーエクスペリエンス（UX）やユーザーインターフェース（UI）の設計にも関与し、クライアントのニーズに合わせた魅力的なウェブプロジェクトを作成します。クリエイティブな思考力とテクノロジーの知識が必要です。,32,19:30,85,2,31,15,45,550,4.5,情報通信業（IT・ソフトウェア・通信）
175,海上保安官,1948,海上保安官という職業は、海上における安全・治安維持を目的とする日本の行政機関である海上保安庁の設立に伴い誕生しました。海上保安庁は1948年5月1日に海上保安庁法に基づいて設置され、これにより海上保安官の職務が明確に定められました。,,1,日本,"コミュニケーションスキル,海洋法規制の知識,危険察知能力,SQL","true,true,true,false","海上保安庁職員採用試験,小型船舶操縦士免許","true,false",海上保安庁,"継続力,海洋法及び関連法律の知識,水上及び水中活動能力,危機管理能力,チームワーク能力,論理的思考力","true,true,true,false,true,false","最新技術への関心,海洋環境への関心","false,true",海上保安官は、海上保安庁に所属する職員として、海洋の安全・治安維持を目的とした業務を行います。主な業務内容には、海難救助、不法入国や密輸の取り締まり、海洋汚染の防止、航行安全の確保が含まれます。彼らは海上での監視・パトロールを行い、自国の領海を守る重要な役割を果たします。海上保安官はまた、海洋に関するあらゆる事態に迅速かつ適切に対応するため、高度な訓練と知識が求められます。,43.7,17:48,89.8,1.4,31.4,9.4,65.6,745,13.4,防衛・警察・消防
176,駐車場管理人,1901,自動車の普及に伴い、世界初の多層式駐車場が1901年にロンドンに建設された際、駐車場の運営、車両の誘導、顧客対応、安全管理を行う専門のスタッフが必要となり、駐車場管理人の職務が誕生しました。その後の自動精算機の普及は、業務内容の一部を進化させましたが、本質的な管理業務は初期の段階で確立されました。,,1,,"コミュニケーションスキル,観察力,車両の認識能力,SQL","true,true,false,false","第1種衛生管理者,普通自動車運転免許","false,true",トヨタ自動車,"注意深さ,コミュニケーション能力","true,false","データ分析,車両と駐車に関する基本的な関心","false,true",駐車場管理人は、駐車場の運営と管理を担当する職業です。主な業務内容には、駐車場の利用者への案内やサポート、駐車エリアの監視、精算機の点検や現金管理、駐車場内の安全確保、必要に応じて車両誘導を行うことが含まれます。また、駐車場の清掃や設備のメンテナンスを行い、常に快適で安全な環境を提供する責任があります。,53,18:00,90,2,30,5,50,300,10,不動産業
177,テレフォンオペレーター,1878,最初の電話交換機が米国コネチカット州ニューヘイブンで開業したのが1878年1月28日であり、同年9月1日には世界初の女性電話交換手であるエマ・ナットがボストンで採用され、電話回線の接続業務を担いました。これにより、電話オペレーターという職業が確立しました。,,1,,"コミュニケーションスキル,敬語の使い方,クレーム対応能力","true,false,true",電話対応技能認定試験,FALSE,"りらいあコミュニケーションズ,ベルシステム24ホールディングス","コミュニケーション能力,ストレス耐性,問題解決能力,マルチタスク能力","true,true,false,false","最新技術への関心,顧客サービスへの熱意","false,true",テレフォンオペレーターは、主に電話を通じて顧客とコミュニケーションを取る職業です。企業のカスタマーサポートやテクニカルサポート、その他の顧客サービス部門で働くことが多いです。電話による問い合わせの対応、情報提供、技術サポート、または問題の解決を行います。良いコミュニケーション能力と、迅速かつ正確に情報を処理する能力が求められる重要な役割です。,41.3,18:45,28.5,2,34.1,10.2,61,380,5.6,情報通信業（IT・ソフトウェア・通信）
178,法務教官,1948,法務教官は、戦後の矯正制度改革、特に1947年12月に制定され、1948年1月1日に施行された「少年院法」によって、少年院における教育的処遇が明確に位置づけられた際に、専門職としての基礎が確立されました。これにより、教育、心理、社会福祉などの専門知識を持つ職員が少年院に配置され、現代の法務教官の職務内容と専門性が形成されました。,,1,日本,"コミュニケーションスキル,法令知識,教育指導スキル","true,true,true","司法試験合格,基本情報技術者試験","false,false","西村あさひ法律事務所,長島大野常松法律事務所,Google,Microsoft","論理的思考力,教育指導力,倫理観,継続力","true,true,true,false","法律への関心,最新技術への関心","true,false",法務教官は、刑務所や少年院、保護観察所などの矯正施設で受刑者や非行少年に対して教育や指導を行う専門職です。法務教官は、専門知識を駆使して、受刑者の更生を促すプログラムを企画・実施し、彼らが社会復帰できるようサポートします。また、心理的なケアやカウンセリングを通じて、受刑者が抱える問題や課題を理解し、改善に向けた支援を行います。法務教官は、法律知識だけではなく、教育・心理学の知識も必要とされる重要な職業です。,32,19:30,85,2,31,15,45,550,4.5,防衛・警察・消防
179,造園技術者,1863,造園技術者（Landscape Architect）という専門職の概念は、1863年にフレデリック・ロー・オルムステッドが自身とカルバート・ヴォーの職務に対して「ランドスケープアーキテクト」という呼称を初めて用いたことに始まります。これにより、従来の庭師や庭園設計の範疇を超え、都市計画や広範な環境設計を含む現代の専門分野として確立されました。,,1,,"植物学知識,造園設計スキル,環境保護への理解,コミュニケーションスキル,施工管理能力,コミュニケーションスキル,CADスキル,Python,SQL","true,true,true,false,true,true,false,false,false",造園技能士,FALSE,"タカショー,積水化学工業,長谷川工業,日比谷花壇,住友林業","論理的思考力,継続力,植物の知識,デザインセンス,土壌と灌漑に関する知識","true,true,true,false,true","自然への関心,最新技術への関心","true,false",造園技術者は、庭園や公園、都市緑化などの設計、施工、維持管理を行う職業です。自然環境と調和した美しい景観を創出することを目的としています。植物に関する知識はもちろん、デザインのセンスや環境保護についての理解も求められます。また、施工管理や資材調達、関連する法律の知識も必要です。,37,19:00,80,2,32,20,50,500,7.5,建設・土木業
180,営業事務,1960,日本における戦後の高度経済成長期に、企業規模の拡大と組織の専門化が進みました。これにより、営業部門が独立した機能として確立し、その活動を効率的に支えるための専門的な事務職が求められるようになりました。受発注管理、契約書作成、顧客データ管理といった業務が体系化され、「営業事務」という職種が明確に認識され、広く普及し始めたのがこの時期と推測されます。,,1,,"コミュニケーションスキル,事務処理能力,基本的なPCスキル（Word, Excel等）,組織的な能力,SQL","true,true,true,false,false","秘書検定,MOS（Microsoft Office Specialist）,ビジネス実務法務検定","false,false,false",トヨタ自動車,"論理的思考力,継続力,コミュニケーションスキル,マルチタスク能力","false,true,true,false","データ分析,コミュニケーション能力","false,true",営業事務は、主に営業部門をバックアップする役割を担っています。具体的な業務内容としては、受発注管理、契約書作成、顧客データの管理、電話やメールでの問い合わせ対応などがあります。営業スタッフの活動をスムーズに進めるために、効率的で正確な事務処理が求められます。一般的に、コミュニケーションスキルや事務処理能力が重要とされる職種です。,32,19:30,15,2,31,15,45,400,4.5,商社・卸売業
181,マーチャンダイザー,1920,マーチャンダイザーの役割は、大規模小売業（百貨店やチェーンストア）が発展し、大量生産と消費が一般化した20世紀初頭に専門職として明確に確立されました。特に1920年代は、消費主義の台頭、ブランドの重要性の増加、そして効率的な在庫管理と販売促進戦略の必要性から、市場調査、商品計画、価格設定、プロモーションなどを統合的に管理する専門職の需要が高まりました。それ以前にも同様の業務は行われていましたが、独立した専門職として認識され、現代のマーチャンダイザーに近い形でその機能が体系化されたのはこの時期からです。,,1,,"コミュニケーションスキル,分析スキル,トレンド予測","true,true,false","繊維製品品質管理管理士,リテールマーケティング検定","false,false","ユニクロ,ファーストリテイリング,イオン,セブン＆アイ・ホールディングス,三越伊勢丹ホールディングス","分析力,論理的思考力,コミュニケーション能力,商品知識,市場トレンド理解","true,true,true,false,false","データ分析,マーケティングへの関心,トレンドの把握,最新技術への関心","true,true,false,false",マーチャンダイザーは、小売業や商品流通業で商品を消費者に効率的に届けるための戦略を策定・実施する専門職です。この職業には、市場調査、商品計画、在庫管理、販売促進、価格設定などが含まれます。マーチャンダイザーは、トレンド分析を行い、その結果をもとに商品の選定や価格設定を行って利益を最大化する役割を担います。また、店舗の陳列方法やキャンペーンの企画立案を通じて売上向上を目指します。,38,19:30,60,2,33,25,50,650,6,小売業・EC・流通業
182,プログラマー,1946,職業としてのプログラマーは、世界初の汎用電子デジタルコンピューターであるENIAC（Electronic Numerical Integrator and Computer）の運用が開始され、一般に公開された1946年に遡ることができます。ENIACの初期のプログラマーたち（ケイ・マクナルティ、ベティ・ジェニングス、フラン・バイラス、マーリン・ウェスコフ、ルース・リクターマン、アデル・ゴールドスタインなど、主に女性）は、物理的なスイッチとケーブルの再配線によってコンピューターに命令を与え、数学的な問題を解決するためのプログラムを設計、作成、デバッグする役割を担いました。彼らは、現代のプログラマーの原型となる、電子計算機に具体的なタスクを実行させるための論理を構築する専門家として認識されています。,,1,,"Python,SQL,コミュニケーションスキル,アルゴリズムとデータ構造,バージョン管理システム（Git）","true,false,true,true,true",基本情報技術者試験,FALSE,"Google,Microsoft,野村総合研究所","論理的思考力,継続力,プログラミングスキル,アルゴリズムとデータ構造の知識,デバッグ能力,最新技術への興味","true,true,true,true,false,false","最新技術への関心,データ分析,問題解決","true,false,true",プログラマーは、コンピュータープログラムを設計、作成、デバッグ、および保守する専門家です。プログラミング言語を用いてソフトウェアやアプリケーションを開発し、仕様に基づいてコードを書くことが求められます。プログラムの効率化、改良、および新機能の追加も担当します。また、必要に応じてチームで協力し合いながらプロジェクトを進めます。最新の技術トレンドやプログラミング技術の継続的な学習が重要です。,32,19:30,85,2,31,15,45,550,4.5,情報通信業（IT・ソフトウェア・通信）
183,住宅・不動産会社営業部員,1952,日本の「宅地建物取引業法」（Building Lots and Buildings Transaction Business Act）が制定された1952年以降、不動産の売買・賃貸に関わる専門的な業務が法的に整備され、不動産会社が近代的な企業として営業活動を行う基盤が確立しました。これにより、顧客への物件紹介、交渉、契約手続きのサポート、市場調査などを行う「営業部員」という職種が、専門職として広く認知され、その役割が明確化されました。戦後の住宅需要の高まりも、この職種の拡大を後押ししました。,,1,,"コミュニケーションスキル,SQL,Python,不動産市場の知識,契約交渉スキル","true,false,false,true,true","宅地建物取引士,不動産コンサルティング技能士","false,false","トヨタ自動車,三菱地所,住友不動産,野村不動産,大和ハウス工業","論理的思考力,継続力,コミュニケーション能力,交渉力,顧客理解,時間管理能力","true,false,true,true,true,false","データ分析,人間関係構築への興味,不動産市場やトレンドへの興味","false,true,true",住宅・不動産会社の営業部員は、主に不動産の売買や賃貸に関連する業務を担当します。顧客の要望に基づいて、適切な物件を紹介し、その成約に向けて交渉や調整を行います。また、物件の市場調査、競合分析、価格設定、契約手続きのサポートなども行います。顧客との信頼関係を構築し、長期的な関係を維持することも重要です。これには、顧客とのコミュニケーション能力や交渉力が求められます。,,18:00,,,,,,500,4.5,不動産業
184,貿易スタッフ,1600,貿易スタッフのような専門職が明確に確立されたのは、大規模な貿易会社、特にイギリス東インド会社（1600年設立）やオランダ東インド会社（1602年設立）の台頭によるものです。これらの会社は、広範囲にわたる国際的な商業活動、複雑な物流、文書管理、様々な国との交渉、そして関税や規制の遵守を管理するために、専門的な役割を持つスタッフを必要としました。これにより、それまでの商人個人の活動とは異なる、組織化された貿易管理の職務が生まれました。,,1,,"コミュニケーションスキル,国際貿易知識,貿易実務,SQL,Python","true,true,true,false,false","通関士,貿易実務検定,国際貿易ビジネス検定","false,false,false","トヨタ自動車,三菱商事,伊藤忠商事,丸紅","論理的思考力,コミュニケーション能力,異文化理解,継続力","false,true,true,false","データ分析,国際関係,交渉力,最新技術への関心","false,true,true,false",貿易スタッフは、国際的なビジネス取引において、商品の輸出入を担当します。彼らは取引先との交渉、輸出入手続きの管理、必要な書類の準備、発送や受け取りのコーディネート、在庫管理、そして関税や規制の遵守をサポートします。また、新しい貿易市場のリサーチや、為替レートの動向に基づくコスト管理も行うことがあります。,32,19:30,85,2,31,15,45,550,4.5,商社・卸売業
185,トレーサー,1910,プロジェクトの進捗を視覚的に追跡し管理するためのGanttチャートがヘンリー・ガントによって開発された頃です。これにより、プロジェクトの各フェーズにおける目標達成状況や締め切りを体系的に記録し、進捗を報告する専門的な役割が確立され始めました。この時期から、進捗を『追跡（トレース）』する業務が、より専門的な職務として認識されるようになりました。,,1,,"コミュニケーションスキル,精密な目と手の協調性,集中力と細部への注意力,医療用具の操作技術","true,true,true,true","放射線取扱主任者,放射線業務従事者,トレーサー資格（内部被ばく評価）","true,true,false","ライアットゲームズ,ブリザード・エンターテイメント","論理的思考力,高い集中力,細かい観察力,継続力","false,true,true,false","最新技術への関心,データ分析,精密な手作業","true,false,true",トレーサーは、製品やプロジェクトの進捗を追跡し、確実にスケジュール通りに進めるための役割を担当する職業です。プロジェクトの各フェーズで設定された目標や締め切りを記録し、チームやマネージャーに進捗状況を報告します。トレーサーは、問題点や遅延が発生した場合にその原因を特定し、適切な解決策を提案する能力が求められます。また、品質管理やドキュメント管理も担当するケースが多く、プロジェクト全体の見通しを把握する必要があります。,32,19:30,85,2,31,15,45,550,4.5,情報通信業（IT・ソフトウェア・通信）
186,システムエンジニア,1940,「システムエンジニアリング」という概念と「システムエンジニア」という職種は、Bell Telephone Laboratories（ベル研究所）が1940年代初頭に、複雑な電気通信システムや軍事システムの開発・統合に伴う課題に対応するために生み出されました。,,1,,"Python,SQL,コミュニケーションスキル,Linux,ネットワーク知識","false,true,true,true,false",基本情報技術者試験,FALSE,"Microsoft,富士通,日立製作所,NEC（日本電気）","論理的思考力,プログラミングスキル,プロジェクト管理能力,コミュニケーション能力","true,true,false,false","最新技術への関心,データ分析","true,true",システムエンジニア（SE）は、企業や組織の情報システムの計画、設計、開発、運用、保守を担当する技術者です。システムの要件を分析し、必要な技術やリソースを把握した上で、効果的なシステム設計を行います。プロジェクトマネジメントの役割を担うこともあり、顧客やチームとのコミュニケーションを通じてプロジェクトを成功に導きます。最新技術の追求やトラブルシューティングの能力も求められる重要な職種です。,32,19:30,85,2,31,15,45,550,4.5,情報通信業（IT・ソフトウェア・通信）
187,税理士,1951,税理士（Tax Accountant）の制度は、日本において1951年（昭和26年）に「税理士法」が制定されたことにより、近代的な職業として確立されました。それ以前にも税務に関する業務を行う者はいましたが、税務に関する専門家として法律で規定され、資格制度が設けられたのはこの法律の施行からです。この法律により、税務相談、税務書類の作成、税務代理といった業務を専門的に行うための資格と役割が明確に定義されました。,,1,日本,"コミュニケーションスキル,税法知識,財務分析能力,簿記,SQL,法律文書理解能力","false,true,true,true,false,true",税理士資格,TRUE,"辻・本郷 税理士法人,税理士法人山田＆パートナーズ,TOKYO税理士法人","論理的思考力,継続力,法律知識,コミュニケーション能力,数字に強い能力,細かい作業の正確さ","true,true,true,false,true,true","データ分析,財務と税務に関する興味","true,true",税理士は、個人や企業の税務に関する専門家です。具体的には、税務相談、税務申告書の作成、税務調査の対応などを行います。また、税務戦略の立案や節税アドバイスを提供し、顧客が法律に基づいた最適な税務処理を行うのをサポートします。 税理士の資格取得には、一定の学歴や実務経験が求められ、さらに国家試験に合格する必要があります。資格取得後は、顧客の信頼を得て様々な税務業務に従事し、法律の変更にも常に対応していく必要があります。 また、独立して開業することも可能で、顧客のニーズに応じて法人や個人の税務をトータルでサポートすることができます。顧客との良好な関係構築や新規顧客の獲得も重要な業務の一環です。,48.7,19:00,74.3,1.8,30.7,12.5,58.6,700,12.3,法律・会計・コンサルティング業
188,デバッガー,1947,「デバッガー」という言葉と概念は、1947年9月9日にハーバードMark IIコンピュータで実際に蛾が原因で発生した不具合が発見された際に、グレース・ホッパーによって「バグ（虫）」とその除去作業である「デバッグ」が広く知られるようになったことに由来します。この出来事により、計算機における不具合の特定と修正という行為が「デバッグ」として明確に認識され、その行為を行う役割（デバッガー）の概念が確立しました。この時期から、プログラミングにおける問題解決の一環としてデバッグが重要な活動となり、デバッガーという役割が存在し始めました。,,1,,"Python,SQL,コミュニケーションスキル,プログラミング言語の知識,問題解決能力,デバッグツールの経験","true,false,false,true,true,true",基本情報技術者試験,FALSE,"Google,Microsoft,富士通テクノロジーソリューションズ,NECソフトウェアインダストリーズ","論理的思考力,注意力,継続力","true,true,false","データ分析,最新技術への関心,問題解決への興味,細部への注意と忍耐強さ","true,true,true,true",デバッガーは、ソフトウェアやアプリケーションの開発過程で発生する不具合や問題を特定し、修正するためのツールのことを指します。また、デバッガーを使用して作業を行う職業も存在し、その場合にはプログラムのコードを解析し、エラーの原因を見つけ出すことが求められます。一般的には、プログラマーやシステムエンジニアがデバッガーの役割を担うことが多いです。デバッガーの使用により、プログラムの効率的なデバッグと品質向上が図れます。,32,19:30,85,2,31,15,45,550,4.5,情報通信業（IT・ソフトウェア・通信）
189,翻訳家,2600,紀元前2600年頃の古代エジプト旧王国時代には、外交や貿易、異民族との交流のために「通訳者の監督官」のような専門職が存在したという記録があります。これは、文書や会話を異なる言語間で仲介する専門家としての役割が、非常に古くから認識され、組織化されていたことを示しています。,,1,,"コミュニケーションスキル,文化的理解,翻訳スキル","true,true,true",TOEIC,FALSE,"翻訳センター,アクト・翻訳サービス,トランネット株式会社","論理的思考力,言語能力,文化理解,継続力","true,true,true,false","最新技術への関心,語学力,文化への理解","false,true,true",翻訳家は、文書や会話をある言語から別の言語に翻訳する専門家です。彼らは、テキストの意味を忠実に伝えるために、言語間の文化的および文脈的な差異を考慮しなければなりません。翻訳家は、文学、技術マニュアル、法律文書、医療記録など、多岐にわたる分野で活動しています。通常、優れた言語スキルと専門分野に関する深い知識が求められます。,,18:00,,,,,,500,5.5,広告・出版・マスコミ・エンタメ業
190,サーチャー,1972,サーチャーの役割は、情報の検索、収集、分析であり、特に「主にインターネットやデータベースを使用して」という点が重要です。データベースを利用した情報検索の専門家は、1970年代初頭に商用オンラインデータベースサービスが登場したことで必要とされました。例えば、世界初のオンライン情報検索サービスの一つであるDialog（ダイアログ）が商業サービスを開始したのは1972年です。これにより、膨大な電子情報の中から必要なデータを選び出す専門スキルを持つ職種が確立され始めました。インターネットの普及によってその活動範囲は大きく広がりましたが、データベース検索を専門とする職能の起源は、この時期に遡ります。,,1,,"SQL,コミュニケーションスキル,検索エンジンの理解,Python","true,true,true,false",情報検索応用能力検定,FALSE,"Google,Microsoft,ヤフー株式会社（Yahoo! Japan）,LINE株式会社","論理的思考力,分析力","true,true","最新技術への関心,情報収集への興味,データ分析,問題解決への興味","true,true,false,false",サーチャーは、情報を検索、収集、分析する専門家です。主にインターネットやデータベースを使用して、顧客や組織のニーズに応じた正確で関連性の高い情報を提供します。市場調査、競争分析、学術研究など、さまざまな目的で情報を集めることがあります。論理的思考力やリサーチスキルが求められる職業です。,32,19:30,85,2,31,15,45,550,4.5,情報通信業（IT・ソフトウェア・通信）
191,マーケットリサーチャー,1911,マーケットリサーチが職業として確立され始めたのは、20世紀初頭、特にチャールズ・クーリッジ・パーリンが1911年にカーティス出版社の商業調査部門を設立し、体系的な市場調査を始めた時期が起源とされています。これにより、消費者の嗜好や市場動向を科学的に分析する専門的な活動が本格化しました。,,1,,"コミュニケーションスキル,SQL,データ解析能力,市場分析,消費者行動理解","true,false,true,true,false","マーケティング検定,Certified Market Research Professional (CMRP)","false,false","インテージ,マクロミル","論理的思考力,分析力,コミュニケーション能力,継続力,市場トレンドの理解力","true,true,false,false,false","データ分析,最新技術への関心,消費者行動への興味,競合分析への関心","true,false,true,false",マーケットリサーチャーは、消費者の嗜好や市場の動向を分析する専門家です。企業が新製品を開発したり、販売戦略を立てたりする際に必要な情報を提供します。データ収集、アンケート調査、統計分析を通じて、顧客のニーズや市場のトレンドを理解し、それを基に提案や報告書を作成します。,32,19:30,85,2,31,15,45,550,4.5,法律・会計・コンサルティング業
192,タクシー配車オペレーター,1945,この職業は、顧客からの配車依頼を効率的に処理し、適切なドライバーへ指示を出すための通信技術が発達したことで確立されました。特に、双方向無線（ツーウェイラジオ）による配車システムがタクシー業界で本格的に導入され始めたのが1945年頃であり、これによりオペレーターは運行中の車両とリアルタイムで連絡を取り、配車指示や運行管理を行う現代の「タクシー配車オペレーター」としての役割が明確になりました。,,1,,"コミュニケーションスキル,地理的知識,問題解決能力","true,true,false","普通自動車免許,基本情報技術者試験","true,false","トヨタ自動車,日本交通","論理的思考力,コミュニケーション能力,ストレス耐性,継続力,柔軟な対応力","true,true,false,false,false","データ分析,コミュニケーションへの興味,地理や地図への興味","false,true,true",タクシー配車オペレーターとして働く場合、主な業務はお客様からの配車依頼に基づいてタクシーを手配することです。多くの場合、電話やオンラインシステムを通じて依頼を受け、適切なドライバーへ迅速に配車指示を送る必要があります。加えて、運行管理システムを使用して車両の位置管理や、乗務員の稼働状況をモニターし、お客様に迅速かつ正確なサービスを提供することが求められます。また、時には顧客からの苦情対応や特別なリクエストにも対応することがあります。,48,19:00,70.5,2,32,10,45.3,350,6.2,運輸・物流・倉庫業
193,WEBコンテンツプランナー,2000,ウェブサイトの商用利用が広がり、企業がオンラインでの存在感を確立し始めた時期です。特に、検索エンジンの普及とSEO（検索エンジン最適化）の重要性が認識され始めたことで、単にウェブサイトを制作するだけでなく、市場動向や顧客ニーズに基づいた戦略的なコンテンツの企画・管理が必須となりました。これにより、WEBコンテンツの専門的なプランニングと戦略立案を行う独立した職種として「WEBコンテンツプランナー」が確立され始めました。,,1,,"コミュニケーションスキル,Python,SQL,デジタルマーケティング,SEO,HTML/CSS,UX/UIデザイン知識","true,false,false,true,true,true,false","Web解析士,ウェブデザイナー技能検定,基本情報技術者試験","false,false,false","リクルートホールディングス,サイバーエージェント,DeNA,GMOインターネットグループ,Google,Microsoft","論理的思考力,継続力,クリエイティブな発想力,コミュニケーション能力","true,false,true,true","最新技術への関心,創造性,コミュニケーション能力,データ分析","false,true,true,false",WEBコンテンツプランナーは、ウェブサイトやオンラインメディアのコンテンツを企画・計画する職種です。市場動向や顧客のニーズを分析し、それに基づいたコンテンツ戦略を立案します。また、コンテンツの品質管理や進行管理、新たなコンテンツの創出、SEO対策なども担当します。クリエイティブな発想力と高いコミュニケーション能力が求められます。,32,19:30,85,2,31,15,45,550,4.5,情報通信業（IT・ソフトウェア・通信）
194,ブックデザイナー／装丁家,1890,本の装丁や外観を総合的にデザインし、内容を反映しつつ読者の目を引くという専門職としてのブックデザイナー（装丁家）は、19世紀後半に確立されました。特に、ウィリアム・モリスとそのケルムスコット・プレス（1891年設立）に代表されるアーツ・アンド・クラフツ運動の影響を受け、書籍全体を芸術作品として捉える包括的なデザインアプローチが発展しました。この時期から、単なる製本や挿絵画家とは異なる、タイポグラフィ、レイアウト、挿絵、装丁を一貫して手がける専門職としての認識が広まりました。,,1,,"コミュニケーションスキル,Creativity,Graphic Design Software (e.g., Adobe InDesign, Photoshop),Typography,Attention to Detail","true,true,true,true,true","Adobe Certified Professional,Graphic Design Certification","false,false","竹尾,藤原書店,平凡社,実業之日本社,アートヴィレッジ","論理的思考力,クリエイティビティ,美的感覚,コミュニケーション能力","false,true,true,true","最新技術への関心,データ分析,美術への関心,創造力,視覚的デザインへの興味","false,false,true,true,true",ブックデザイナー（装丁家）は、本の表紙や外観をデザインする職業です。本の内容やテーマを反映するカバーを作成し、読者の目を引くデザインを追求します。印刷技術や素材選びにも精通し、出版社や著者と緊密に連携して一貫したデザインを提供します。クリエイティブなセンスとグラフィックデザインのスキルが求められます。,,18:00,,,,,,550,4.5,広告・出版・マスコミ・エンタメ業
195,研究員,1850,研究員という職業の起源は、19世紀中盤に科学研究がより組織化され、専門職として確立され始めた時期に求められます。特にドイツの大学改革（例：1810年のベルリン大学創設と「研究と教育」の重視）は、研究を学術活動の中心に据え、研究に従事する専門職としての研究員の基礎を築きました。ユストゥス・フォン・リービッヒが1824年にギーセン大学に設立した化学研究所のように、専門的な研究室が整備され、系統的な科学的探求と人材育成が行われるようになりました。産業革命の進展も、企業における体系的な研究開発の必要性を高めました。1850年頃には、大学、研究所、または初期の産業界において、新しい知識や技術の発展を目的として組織的に調査・実験を行う専門的な役割が明確化し、研究が単なる学問的興味から、専門的なキャリアパスへと発展し始めたと言えます。,,1,,"Python,SQL,コミュニケーションスキル,データ分析,論文執筆能力","true,false,true,true,true","博士号（PhD）,研究倫理研修証明書","true,false","理化学研究所,国立研究開発法人科学技術振興機構","論理的思考力,分析能力,継続力,専門知識,独創性","true,true,true,true,false","最新技術への関心,データ分析,科学的探究心","true,false,true",研究員は、特定の分野において調査や実験を行い、新しい知識や技術の発展を目指す職業です。通常、大学や研究所、企業などで組織的に研究プロジェクトに従事し、この過程でデータの収集や分析、実験の計画と実施、成果の報告などを行います。また、学会や論文発表を通じて研究成果を共有し、新たな研究の基礎を築く役割を担っています。研究の分野は非常に多岐にわたり、科学技術、人文科学、社会科学など様々な領域があります。研究員は高度な専門知識と、継続的な学習能力が求められます。,32,19:30,85,2,31,15,45,550,4.5,研究開発・学術機関
196,土地家屋調査士,1950,土地家屋調査士は、1950年（昭和25年）に「土地家屋調査士法」が制定・施行されたことにより、法的にその職務が定められ、専門職として正式に発足しました。この法律により、不動産の表示に関する登記の専門家として、土地の測量や建物の調査を行うことが明確化されました。,,1,日本,"コミュニケーションスキル,測量技術,土地家屋調査士資格,SQL,Python","true,true,true,false,false",土地家屋調査士資格,TRUE,"株式会社大和土地家屋調査,株式会社ケンコムメニックス,株式会社測量コンサルタント","論理的思考力,継続力,法的な専門知識,空間認識能力,コミュニケーション能力","true,true,true,false,false","データ分析,法律への関心,不動産への関心","true,true,false",土地家屋調査士は、土地や建物の測量・調査を行い、その結果を基に不動産の登記をする専門職です。具体的には、土地の境界線の確認や建物の配置測量、分割や合併に伴う測量などを行い、そのデータを使って法務局に申請を行います。建物の新築や改築、土地の売買や相続などの場面で必要とされる専門知識を活かします。,49.6,19:20,95.4,1.5,30.1,10.5,68,550,15.3,不動産業
197,広報スタッフ,1904,"広報スタッフという職業の起源は、現代の広報活動の基礎を築いたとされるアイビー・リーが、米国で初の広報専門会社（""publicity bureau""）を設立した1904年に遡るとされています。これは、企業や組織が専門的なアプローチでメディアや公衆との関係を構築し、情報を発信するようになった画期的な出来事でした。",,1,,"コミュニケーションスキル,コンテンツ作成スキル,ソーシャルメディア運営スキル,メディアリレーション能力","true,true,false,false","広報検定,PRプランナー資格","false,false","電通,博報堂,トヨタ自動車","論理的思考力,コミュニケーション能力,クリエイティブな発想,調整能力,ソーシャルメディア戦略の理解","false,true,false,true,false","最新技術への関心,コミュニケーション能力,社会動向への関心","false,true,true",広報スタッフは、企業や団体のイメージを向上させるために、さまざまな媒体を通じて情報を発信します。主な業務には、プレスリリースの作成や配信、メディアとの関係構築、イベントの企画や運営、ソーシャルメディアの管理などが含まれます。広報の役割は、組織のブランド力を高め、業績をサポートすることです。,32,19:30,85,2,31,15,45,550,4.5,広告・出版・マスコミ・エンタメ業
198,WEBマスター,1992,ティム・バーナーズ＝リーが1992年に公開した「Style Guide for Online Hypertext」の中で、「webmaster」という用語を提唱し、ウェブサイトの管理と維持を担当する役割として定義したことが起源であるため。,,1,,"コミュニケーションスキル,Python,SQL,HTML/CSS,SEO,Content Management Systems","true,false,false,true,true,true",基本情報技術者試験,FALSE,"株式会社サイバーエージェント,株式会社ディー・エヌ・エー (DeNA),クックパッド株式会社","論理的思考力,継続力,技術的スキル,問題解決能力,コミュニケーション能力","true,true,true,false,false","最新技術への関心,データ分析,SEOへの理解,デジタルマーケティング","true,false,true,false",WEBマスターは、ウェブサイトの管理や維持を担当する職種です。具体的な業務には、ウェブサイトの更新やコンテンツの管理、ユーザーアクセスの分析、サイトのセキュリティ対策、トラブルシューティング、サーバー管理などが含まれます。WEBマスターは、サイトのパフォーマンスを最適化し、ユーザーエクスペリエンスを向上させる役割を果たします。また、新しい技術やトレンドを取り入れ、サイトの改善や新しい機能の提案も行います。,32,19:30,85,2,31,15,45,550,4.5,情報通信業（IT・ソフトウェア・通信）
199,行政書士,1951,行政書士という専門職は、1951年（昭和26年）に「行政書士法」が制定・施行されたことにより、日本の法律に基づいた国家資格として正式に成立しました。,,1,日本,"コミュニケーションスキル,SQL,法律知識,文章作成能力","true,false,true,true",行政書士試験,TRUE,"日本行政書士会連合会,東京都行政書士会,大阪府行政書士会","論理的思考力,コミュニケーション能力,法律知識,継続力","true,true,true,false","最新技術への関心,法制度と法律への関心","false,true",行政書士は、日本の法律に基づき、官公署に提出する許認可や届出の書類の作成を行う専門職です。主な業務として、企業や個人から依頼を受けて、官公署へ提出する書類の作成や相談を受け付けます。また、法律や制度の知識を活かして、顧客の法的な手続きを支援します。建設業許可や入管手続き、会社設立など広範な分野での業務があり、法律や倫理に関する深い知識が求められます。国家資格であり、各都道府県の行政書士会に登録し、独立して業務を行うことができるのが特徴です。,44.5,18:30,82.1,1.8,31.1,10.5,45.2,620,8.2,法律・会計・コンサルティング業
200,CADオペレーター,1982,CADオペレーターという職種が広く普及し始めたのは、パーソナルコンピュータ向けCADソフトウェアの登場と密接に関連しています。特に、1982年にリリースされたAutoCADは、高価なメインフレームやミニコンピュータでしか利用できなかったCADシステムを、一般的な企業や個人でも導入可能なレベルにまで普及させました。これにより、CADソフトウェアを操作して設計図面を作成・修正する専門職として、CADオペレーターの需要が大幅に増加し、職種として確立されるきっかけとなりました。,,1,,"AutoCAD,図面読解力,コミュニケーションスキル,3Dモデリング,設計変更対応能力","true,true,false,false,false",CAD利用技術者試験,FALSE,"オートデスク株式会社,株式会社リコー,ダッソー・システムズ株式会社","論理的思考力,継続力,空間認識力,ソフトウェアの専門知識","true,false,true,true","データ分析,デザインへの興味,3Dモデリングへの関心,最新技術への関心","false,true,true,false",CADオペレーターは、コンピュータ支援設計（CAD）ソフトウェアを使って、建築、機械部品、電気回路などの設計図を作成・修正する職業です。図面をもとに精密な設計を行い、設計者やエンジニアと協力してプロジェクトを進めます。正確さと詳細さが求められ、多くの場合、専門的な知識とスキルが必要とされます。,32,19:30,85,2,31,15,45,550,4.5,機械製造業
201,OA機器インストラクター,1985,1980年代半ばには、IBM PCやApple Macintoshなどのパーソナルコンピューター、ワードプロセッサー、表計算ソフトなどのOA機器が企業のオフィスに普及し始めました。これにより、多くの従業員が新しい機器やソフトウェアの操作方法を学ぶ必要が生じ、専門的な知識と指導スキルを持つ「OA機器インストラクター」という職種が確立されました。この時期は「OAブーム」と呼ばれ、企業の生産性向上には従業員への適切なトレーニングが不可欠であるという認識が広まったため、インストラクターの需要が急速に高まりました。,,1,,"コミュニケーションスキル,OA機器の操作および指導スキル,技術的なトラブルシューティング能力","true,true,false",OAインストラクター資格,FALSE,"トヨタ自動車,リコー株式会社,株式会社キャノン,株式会社富士ゼロックス","継続力,論理的思考力,コミュニケーションスキル,技術的専門知識","false,true,true,true","最新技術への関心,教育や指導への興味","false,true",OA機器インストラクターは、オフィスオートメーション（OA）機器、例えばコンピューターやプリンター、ファクシミリ、スキャナーなどの使用方法を指導する仕事です。これには、機器の操作だけでなく、ソフトウェアの使い方、メンテナンスの方法、トラブルシューティングなども含まれます。顧客や企業の要望に応じたトレーニングプログラムを作成し、実際の操作指導を行います。技術的な知識はもちろんのこと、指導力やコミュニケーション能力も必要とされる職業です。,38.4,19:18,75.3,1.9,30.8,22.5,55.1,520,5.2,情報通信業（IT・ソフトウェア・通信）
202,地方公務員,1888,日本の地方公務員の基礎は、明治時代に制定された「市制」（1888年公布、1889年施行）および「町村制」（1888年公布、1889年施行）によって確立された地方自治体の設立に遡ります。これらの法律により、近代的な市町村が制度として確立され、それぞれの自治体に事務を執行するための職員が必要となり、現在の地方公務員につながる職務が明確化されました。,,1,日本,"コミュニケーションスキル,法律知識,地域の理解","true,true,false",地方公務員試験,TRUE,"東京都庁,大阪市役所","論理的思考力,コミュニケーション能力,地域社会への理解と関心,公共政策の知識,継続力,多様な業務に柔軟に対応できる能力","false,true,true,false,false,false","公共サービスへの関心,コミュニティへの貢献意欲,データ分析,地域社会の理解","true,true,false,true",地方公務員とは、地方自治体に勤務し、行政サービスの提供や地域の発展に貢献する職員を指します。具体的には、市町村や都道府県の役所で働くことが一般的で、業務内容は多岐にわたり、住民のための窓口業務、都市計画、社会福祉、教育、環境政策などがあります。給料や福利厚生が安定していることが特徴で、地域社会の一員として公共の利益に寄与することが求められます。,42.6,17:30,52.3,2,30.7,21.5,68.2,530,11.7,官公庁・行政・自治体
203,医療事務,1961,1961年に国民皆保険制度が確立され、全国民が医療保険に加入することになりました。これにより、医療機関における診療報酬請求（レセプト）業務が普遍的かつ複雑化し、専門的な知識と技術を必要とする医療事務の需要が急速に高まり、独立した専門職として確立されました。,,1,,"コミュニケーションスキル,基礎的な医療知識,医療ソフトウェアの操作スキル","true,true,true","医療事務技能認定試験,医療秘書技能検定試験,診療報酬請求事務能力認定試験","false,false,false","日本医療事務センター,メディカル・データ・ビジョン,T-Systems Japan","論理的思考力,コミュニケーション能力,細部への注意力,医療用語の知識,スケジュール管理能力,データ入力スキル","true,true,true,true,false,false","データ分析,医療に関する興味,正確な書類管理への興味","false,true,false",医療事務は、医療機関での受付業務、会計処理、診療報酬請求（レセプト）業務などを担当する職業です。患者の予約管理やカルテの整理、医師や看護師との連携を図り、円滑な診療のサポートを行います。専門的な知識を必要とし、正確かつ迅速な業務が求められます。,32,19:30,15,2,31,15,45,550,4.5,医療・福祉・介護業
204,国家公務員Ⅰ種,1949,国家公務員I種試験は、1949年に制定された国家公務員法に基づき、それまでの高等文官試験等に代わる形で開始されました。この法律により、国家公務員の採用制度が確立され、その中で高度な専門知識と能力を持つ幹部候補生を選抜する目的で「I種試験」が設けられました。,2011年 (制度改正のため),0,日本,"コミュニケーションスキル,SQL,法律の知識,政策の企画・立案能力,Python","true,false,true,true,false",国家公務員総合職試験,TRUE,"内閣府,財務省,文部科学省,外務省,経済産業省","論理的思考力,継続力,政策立案能力,コミュニケーション能力","true,false,false,true","データ分析,公共政策への関心,社会貢献意欲","false,true,true",国家公務員�T種は、日本の国家公務員試験の一つで、国の行政機関や関連施設で高度な専門知識を要する職務に従事する職員を採用するための試験です。主に国の政策策定や行政運営における中核的な役割を担うポジションを目指す人向けの試験とされ、特に政策形成や法律、経済に関する知識を活かした職場での活躍が期待されます。この試験に合格すると、各省庁の幹部候補として採用されることが一般的です。,32,19:30,85,2,31,15,45,550,4.5,官公庁・行政・自治体
205,ソフトウェア開発技術者,1957,高水準プログラミング言語FORTRANの登場（1957年リリース）や、「ソフトウェア」という言葉がジョン・テューキーによって提唱された年（1957年）は、ハードウェアの設計者とは異なる専門家がプログラムの設計、開発、テストを行う必要性が高まったことを示しています。これにより、現代のソフトウェア開発技術者の職務が明確になり始めました。,,1,,"Python,SQL,コミュニケーションスキル,Java,C++,ソフトウェア設計,デバッグスキル","true,false,true,true,false,true,true",基本情報技術者試験,FALSE,"Google,Microsoft,株式会社リクルートホールディングス","論理的思考力,プログラミングスキル,問題解決能力,コミュニケーション能力","true,true,false,false","最新技術への関心,データ分析,コーディングへの情熱,問題解決への興味","true,false,true,true",ソフトウェア開発技術者は、コンピュータープログラムやアプリケーションの設計、開発、テスト、保守を行う専門家です。プログラミング言語や開発ツールを駆使して、クライアントやユーザーのニーズに応じたソフトウェアソリューションを提供します。また、プロジェクトマネージメントスキルや、チームでの協調力が求められることが多い職業です。,32,19:30,85,2,31,15,45,550,4.5,情報通信業（IT・ソフトウェア・通信）
206,一般事務,1880,一般事務の業務内容を構成する文書作成（タイプライターの普及）、電話応対（電話の発明と普及）、文書管理（ファイリングシステムの発展）といった主要な要素が、19世紀後半、特に1870年代から1880年代にかけて、企業の拡大と技術革新（タイプライターの商業化、電話の発明）に伴いオフィス業務の中心となりました。これにより、これらの複数の業務を担う「一般事務」という専門職が明確に確立され始めました。,,1,,"コミュニケーションスキル,Microsoft Officeスキル,文書管理能力","true,true,false",秘書技能検定,FALSE,"株式会社パソナ,リクルートホールディングス,株式会社スタッフサービス,株式会社マイナビ,アデコ株式会社","継続力,コミュニケーション能力,基本的なPCスキル,時間管理能力,注意力","true,true,true,false,false","組織能力,データ分析","true,false",一般事務は、企業や組織の日常業務を円滑にするためのサポート役を担います。典型的な業務には、文書作成、ファイリング、電話応対、来客対応、メールの管理、データ入力、スケジュール管理などがあります。業務内容は勤務先によって異なる場合がありますが、基本的にはオフィス内でのサポート業務が中心です。,32,19:30,15,2,31,15,45,400,4.5,法律・会計・コンサルティング業
207,ショコラティエ,1847,1847年、イギリスのJ.S. Fry & Sonsが世界初の固形チョコレートバーを製造したことが、チョコレートが飲料から固形菓子へと変化する大きな転換点となりました。これにより、チョコレートを専門とする菓子職人（ショコラティエ）が、多様なチョコレート製品を開発・製造する基盤が確立され、現代のショコラティエの職業が実質的に始まったと考えられます。それ以前にもチョコレートを扱う職人はいましたが、固形チョコレートを主軸とした専門職としてのショコラティエは、この時期から発展していきました。,,1,,"チョコレートの製菓技術,味覚の繊細さ,コミュニケーションスキル,創造力（クリエイティビティ）,衛生管理知識","true,true,true,false,false","製菓衛生師,ショコラティエ専門資格","false,false","Pierre Herme Paris,ゴディバジャパン株式会社,株式会社メリーチョコレートカムパニー,株式会社ロイズコンフェクト,株式会社辻口スイーツガーデン","味覚の鋭敏さ,継続力,美的センス,創造力,顧客対応能力","true,true,false,false,false","チョコレートの製造やデザインへの興味,最新技術への関心","true,false",ショコラティエは、チョコレートを専門に取り扱う菓子職人のことです。チョコレートの原料を選び、加工し、多種多様なチョコレート製品を製作します。レシピの開発やデザインにも関与し、バレンタインデーやクリスマスなどの特別なイベントに向けた製品も手掛けます。味だけでなく、見た目にもこだわり、芸術的な要素を取り入れた商品を提供します。通常、製菓学校での訓練や経験を積むことでスキルを磨きます。,35.5,19:00,70,1.5,32,20,50,450,6.2,食料品製造業
208,テーブルコーディネーター,1983,テーブルコーディネーターという職業が明確に確立され始めたのは1980年代とされており、特に日本において、専門職としての認知度が高まったきっかけの一つとして、1983年に日本テーブルデザイナー協会（JTDA）が設立されたことが挙げられます。これにより、テーブルコーディネートが単なる趣味の領域を超え、専門的な知識と技術を要する職業として位置づけられるようになりました。,,1,,"コミュニケーションスキル,テーブルセッティング,色彩センス,デザイン力,フラワーアレンジメント,SQL","true,true,false,false,false,false",テーブルコーディネート技能士,FALSE,"CLASKA Gallery & Shop ""DO"",Perch by Woodberry Coffee Roasters","美的感覚,論理的思考力,コミュニケーション能力,細部への気配り,流行やトレンドの理解","true,false,true,true,false","最新技術への関心,美意識とデザインセンス","false,true",テーブルコーディネーターは、食事の際のテーブルの装飾や配置を担当する職業です。美しい食卓を演出することで、食事の雰囲気をより一層引き立て、視覚的な楽しみを提供します。イベントやパーティー、レストランでのサービスなどで、特定のテーマやスタイルに合わせたテーブルセッティングを行います。顧客の希望に応じて、食器、カトラリー、グラス、ナプキン、センターピース、花の配置などを選択し、統一感のある空間を作り上げます。美的センスと調整能力が求められる職業です。,,18:00,,,,,,450,5.23,飲食・フードサービス業
209,レストア技術者,1950,"レストア技術者という職業の幅広い定義（機械、車両、オブジェ、建築物など多岐にわたる対象を専門的に修理・保存する）が専門職として確立し、国際的な認知を得たのは20世紀半ば、特に1950年代であると考えられます。この時期に、国際保存修復学会（International Institute for Conservation of Historic and Artistic Works, IIC）が1950年に設立されるなど、保存修復が単なる職人技から、科学的根拠に基づいた専門的な学際分野として確立し、世界的な専門家コミュニティが形成され始めました。これにより、多様な対象に対する専門的なレストア技術者の役割が明確に認識されるようになりました。",,1,,"機械修理技術,電気基礎知識,コミュニケーションスキル","true,true,false","自動車整備士,自動車修理技術講習","false,false","株式会社ディノスセシール,株式会社ボンフォーム,株式会社ナカノ,株式会社オートモーティブリージョナルショップ","継続力,手先の器用さ","false,true","古い車や機械への興味,手先の器用さに対する興味,最新技術への関心","true,true,false",レストア技術者は、古い機械や車両、オブジェ、建築物などをもとの状態に戻すための修理や保存を行う専門家です。彼らは、歴史的価値のあるアイテムを修復し、その独自性と美しさを回復させる役割を担っています。多くの場合、技術者は部品の交換や補修、塗装の再現、素材の保護処理などを行います。動力機械から美術品まで多岐に渡る対象とし、幅広い知識とスキルを駆使します。,35.2,19:00,92.5,2,30.5,22.3,48.1,420,6.2,デザイン・アート・クリエイティブ業
210,パン職人,-168,古代ローマにおいて、史上初のパン職人組合である「Collegium Pistorum」が設立された年であるため、職業としてのパン職人が公的に確立された時期と考えられます。パンの製造自体はそれ以前から存在しましたが、専門職として組織化されたのはこの頃からです。,,1,,"パン作りの技術,生地発酵の知識,食品衛生の知識,コミュニケーションスキル,時間管理能力","true,true,true,false,false",製パン技能士,FALSE,"シェルビー,ドンク,ブーランジェリー エリックカイザージャポン,サンジェルマン,ジョエル・ロブション（ベーカリー部門）","継続力,手先の器用さ,味覚のセンス,時間管理能力","true,true,true,false","料理や食品への情熱,手先の器用さ,最新技術への関心","true,true,false",パン職人は、さまざまな種類のパンや焼き菓子を作る専門技術を持つ職業です。主に小麦粉、イースト、砂糖、塩、乳製品などの原材料を使用し、生地を練り、発酵させ、焼成する一連の工程を管理して、美味しく焼き上げることを目指します。パン職人は製造技術だけでなく、レシピ開発や職場の衛生管理にも精通している必要があります。また、顧客の好みや需要に応じて、新しいパンの種類を試行錯誤しながら提供するクリエイティブな側面も求められます。,42.4,18:43,79.2,1.6,31.7,18.3,61.7,407.5,7.6,食料品製造業
211,標題書士,1872,司法代書人規則が制定され、現在の司法書士の源流となる「司法代書人」の制度が確立されたためです。,,1,日本,"法律知識,コミュニケーションスキル,文書作成能力","true,true,true",司法書士試験,TRUE,日本司法書士会連合会,"法律知識,文書作成能力,論理的思考力,継続力","true,true,true,false","法令遵守に関する興味,最新技術への関心","true,false",標題書士は、日本における不動産の登記や供託などを専門に行う法律専門職です。土地や建物の所有権を法的に正確に記録するための手続きを行い、権利の保護に寄与します。また、会社設立に関わる登記や成年後見業務も手がけることがあります。必要な司法登記手続きを迅速かつ正確に行うことで、不動産売買や相続に伴う紛争を未然に防ぐ役割を果たします。,42.7,18:48,63.8,2,30.3,15.6,65.8,430,10.8,法律・会計・コンサルティング業
212,漆器製造工,-4000,福井県の鳥浜貝塚から出土した約6000年前の漆塗りの櫛など、縄文時代早期の高度な漆器が発見されており、この時期にはすでに専門的な技術を持つ職人が存在していたことを示唆しています。これは漆器製造工の存在を示す最も古い根拠の一つです。,,1,日本,"漆塗り技術,木工技術,デザインスキル,コミュニケーションスキル","true,true,false,false","漆工技能士,伝統的工芸品産業技士","false,false",輪島塗,"芸術的センス,継続力,指先の器用さ,色彩感覚,論理的思考力","true,true,true,false,false","伝統工芸への興味,最新技術への関心","true,false",漆器製造工は、伝統的な手法で漆器を製造する職人です。漆器は、木や竹などの天然素材を下地とし、その上に漆という天然の樹液を塗布して作られます。作業は通常、下地作り、漆塗り、装飾といった複数の工程に分かれ、非常に細かい技術と経験が必要とされます。漆器はその美しい光沢と耐久性が特徴であり、日本の伝統工芸品として高く評価されています。,45.5,18:30,80,2,30.8,12.5,40.2,350,8.2,木材・紙・印刷業
213,金属プレス工,1795,ジョセフ・ブラマによる水圧プレスの発明（1795年）が、金属板を高い圧力で加工する現代的なプレス機械の基礎を築きました。これにより、専用のプレス機械を操作し、金属の成形、型抜き、曲げ加工を行う「金属プレス工」という職種が誕生する土台が形成されました。,,1,,"機械の操作能力,コミュニケーションスキル","true,false",フォークリフト運転技能講習修了証,FALSE,"アマダホールディングス,トヨタ自動車,ブリヂストン","継続力,体力,ミスを避ける注意力","true,true,true","機械の操作への興味,金属加工への興味,最新技術への関心","true,true,false",金属プレス工は、金属を加工するための専用のプレス機械を操作し、金属板を希望の形に整える職業です。具体的には、金属板を機械にセットし、プレスをかけることで、曲げや型抜き、穴あけなどの加工を行います。多くの場合、製造業や加工業の工場で勤務し、安全に機械を操作するスキルと、作業の精度を高める能力が求められます。安全装置の使用や、機械のメンテナンスも重要な業務の一部です。,42.3,17:53,88.7,1.9,31.7,18.7,47.9,430,11.7,鉄鋼・金属製品製造業
214,機械組立工,1780,産業革命が本格化した18世紀後半に、蒸気機関や織機といった複雑な機械が工場で製造されるようになり、これらの機械を部品から組み立てる専門的な作業が生まれました。熟練工が図面に基づいて部品を接合し、機能する機械製品を完成させる役割は、この時期に「機械組立工」としての職務として確立され始めたと考えられます。,,1,,"コミュニケーションスキル,図面の理解,工具の取り扱い","false,true,true","技能士,機械保全技能士","false,false","トヨタ自動車,日立製作所","継続力,論理的思考力,運動能力,手先の器用さ","true,false,true,true","最新技術への関心,機械に対する興味","false,true",機械組立工は、工場や製造現場で機械や装置の組み立てを行う職業です。手作業や工具、場合によっては専用の機械を使用して部品を接合し、最終的な機械製品を完成させます。工程では図面を参照しながら作業を進め、品質や安全に対する厳しい基準に従います。熟練した技術が求められ、しばしばチームでの協力が必要です。,,18:00,,,,,,457,4.7,機械製造業
215,内装工,1500,内装工の主要な作業の一つである「クロス貼り」（壁紙の貼り付け）は、16世紀初頭にヨーロッパで壁紙が普及し始めたことを契機に専門職として確立されました。現存する最古の壁紙の断片は1509年のイギリスで発見されており、これを貼る専門的な技術を持つ職人が登場したと考えられます。これにより、建物の構造とは別に、内装の表面仕上げを専門的に行う職種が形成されたと見なされます。,,1,,"コミュニケーションスキル,材料・道具の知識,空間デザインの理解,手先の器用さ","true,true,false,true",内装仕上げ施工技能士,FALSE,"大和ハウス工業,積水ハウス,住友林業,清水建設,竹中工務店","継続力,手先の器用さ,インテリアデザインのセンス,問題解決能力","false,true,false,true","データ分析,空間デザイン,最新技術への関心","false,true,false",内装工は、建物の内装に関する工事を行う職業です。具体的には、壁や天井のクロス貼り、床の張替えや設置、照明や家具の取り付けなど、インテリアに関連する作業を担当します。専門的な技術とセンスが要求されるため、経験や資格があると有利です。住宅だけでなく、オフィスや商業施設の内装工事も行います。,32,19:30,85,2,31,15,45,550,4.5,建設・土木業
216,金型工,1872,金型工という職業は、プラスチック、金属、ゴムなど様々な材料に対応する精密な金型を設計・製造・保守管理する技能を指します。金属の鋳造用型枠は古くから存在しますが、現代の「金型工」が扱う材料の多様性と、精密な工業生産を支えるという側面から見ると、19世紀後半の産業革命以降にその専門性が確立されました。特に、プラスチック成形用の金型製造の必要性が高まったのは、ジョン・ウェスリー・ハイアットが1872年に世界初の商業用プラスチック射出成形機を発明したことが契機となります。これにより、新たな材料であるプラスチックに対応した精密な金型を専門に手掛ける技術者が必要とされ、金属加工技術の進歩と相まって、現代につながる金型工の役割が確立され始めました。,,1,,"コミュニケーションスキル,機械加工技術,CADソフトウェアの操作スキル,品質管理知識,3Dプリンティング技術","true,true,true,false,false",基本情報技術者試験,FALSE,"三菱重工業,牧野フライス製作所,坂崎精器工業","論理的思考力,継続力","true,true","ものづくりへの興味,精密作業への興味,機械の操作と保守に対する興味","true,true,true",金型工は、製品を製造するための金型を作成し、保守・管理する仕事です。金型はプラスチック、金属、ゴムなどの材料を一定の形状に成形するための型枠として機能します。金型工は、設計図を基に金属などの素材を機械で加工し、精密な金型を作り上げます。金型の正確さや耐久性は生産効率に大きく影響するため、高度な技能や精密な作業が求められます。また、金型の修理や改造も行い、製品の品質維持に貢献します。,42,17:48,96.8,2,31,21,45,420,10,鉄鋼・金属製品製造業
217,鉄骨工,1885,鉄骨造りの高層建築が始まり、専門の作業員が必要とされた時期。シカゴのホームインシュアランスビル（1885年竣工）が世界初の鉄骨造り（一部鋳鉄含む）の高層ビルとされ、この建設手法の登場により、鉄骨の組み立てや設置を専門とする職種が確立され始めたと考えられます。,,1,,"コミュニケーションスキル,安全管理スキル,建築図面の読解力,溶接技術","true,true,true,false",鉄骨製作管理技術者資格,TRUE,"トヨタ自動車,安藤ハザマ","体力,高所での作業に対する恐怖心,手先の器用さ","true,true,false","物理的な作業への情熱,安全への意識","true,true",鉄骨工とは、主に建設現場で鉄骨を使った構造物の組み立てや設置を行う作業員のことです。仕事内容には、鉄骨の加工、溶接、設置、そして建物の骨組みを組み立てる業務が含まれます。高所での作業も多く、安全対策が非常に重要です。体力と技術が求められる職業であり、施工計画に基づき正確かつ迅速に作業を行います。,42.7,17:52,98.6,1.1,30.9,7.1,75.5,487,11.3,建設・土木業
218,ＮＣフライス盤工,1952,NCフライス盤工の職業は、1952年に米国マサチューセッツ工科大学（MIT）が米国空軍の資金援助を受けて世界で初めて数値制御（NC）フライス盤を実演・稼働させたことに始まります。この最初のNCフライス盤の運用には専門的な知識と技術を持つオペレーターが必要とされ、これがNCフライス盤工という職業の原型となりました。,,1,,"図面読解力,機械操作技術,CAD/CAMソフトウェア,コミュニケーションスキル","true,true,true,false",NCフライス盤技術者資格,FALSE,"オークマ株式会社,ヤマザキマザック株式会社,ファナック株式会社,DMG森精機株式会社,ブラザー工業株式会社","論理的思考力,継続力,機械操作技術,精密さ,問題解決能力","true,true,true,false,false","最新技術への関心,機械工学,データ分析","true,true,false",NCフライス盤工は、数値制御装置（NC）を使用してフライス盤を操作し、金属やその他の素材を加工する職業です。主に、自動車部品や機械部品の製造に関わることが多く、高精度の加工を行うためにNCプログラムの設定や機械の調整、メンテナンスが求められます。また、加工された製品の品質チェックや生産効率の向上に努めることも重要な仕事です。技術的な知識と経験が必要で、プログラミングスキルも持っていると有利です。,48,17:40,99.6,2,31,10,75,422,13.9,鉄鋼・金属製品製造業
219,タイル工・レンガ工,3600,メソポタミアのウルクにあるエアンナ神殿で、装飾に釉薬レンガが使用された例が紀元前3600年頃に確認されており、これはタイル状の素材を用いた専門技術が存在したことを示唆しています。,,1,,"コミュニケーションスキル,手先の器用さ,物理的強さ,正確な測量技術,セラミックや石材の知識","true,true,false,true,false","建築施工管理技士,タイル張り技能士","false,false","INAX,ニッタイ","継続力,物理的な持久力,空間認識能力,論理的思考力","true,true,false,false","建築に関する興味,物理的作業に対する興味,細部への注意,創造的なデザイン","true,true,true,false","タイル工は、建物の内外装にタイルを貼り付ける専門職です。具体的な作業は壁や床の下地を平らにし、適切な接着剤を用いてタイルを正確に配置します。この職業は美観を追求するための視覚的なセンスと、持続する質感を提供するための技術力が求められます。耐久性のある仕上がりを実現するため、細心の注意を払ってタイルを貼る必要があります。

レンガ工は、レンガやブロックを用いて建物や構造物を構築する職業です。主なタスクは、正確なレベルと配置でレンガを積み上げることや、モルタルを使用してレンガを接合することです。この仕事では、特に建築物の安定性を確保するために、耐久性と精度が求められます。また、設計図を理解し、それに基づいてレンガを配置する能力が必要です。強靭で美しい仕上がりを実現するための専門知識と技術が重要です。",,18:00,,,,,,450,10.5,建設・土木業
220,圧延工,1783,圧延工という専門職が明確に存在し始めたのは、イギリスでヘンリー・コートが1783年に溶解炉と圧延機を組み合わせた製鉄法を発明し、工業的な規模での鉄の生産に圧延が不可欠な工程となって以降と考えられます。これにより、大規模な圧延機を操作し、金属の温度や形状を正確に管理する専門知識と技術を持った職種が確立されました。,,1,,"機械操作の知識,安全管理,コミュニケーションスキル,チームワーク,Python,SQL","true,true,false,true,false,false","プレス機械作業主任者,フォークリフト運転技能講習修了証","true,false","新日本製鐵,JFEスチール,トヨタ自動車","継続力,機械操作技能,安全管理意識,論理的思考力,チームワーク","true,true,true,false,false","最新技術への関心,工業製品の製造過程に対する興味","true,true",圧延工は製鉄所やその他の製造業において金属を薄く延ばしたり、形状を整えたりするために、熱や圧力を用いて金属の板や棒を加工する職種です。通常、大きな圧延機を操作し、材料の温度や厚み、形状を正確に管理しながら作業を行います。安全管理と精密な操作が求められるため、専門知識や技術が必要とされます。,43.1,17:55,93.3,2,31.5,10.3,63.1,436,13.5,鉄鋼・金属製品製造業
221,浄化槽設備士,1985,浄化槽設備士は、1983年に制定され1985年に施行された「浄化槽法」により創設された専門職です。この法律の施行により、浄化槽の設置や保守管理に関する専門的な知識と技術を持つ者の資格制度が確立されました。,,1,日本,"コミュニケーションスキル,浄化槽の設置・メンテナンス知識,環境衛生に関する知識","true,true,true",浄化槽設備士講習（国土交通大臣指定）修了証,TRUE,"トヨタ自動車,クボタ","論理的思考力,技術的な知識,施工管理能力,環境への配慮,コミュニケーション能力","true,true,true,false,false","最新技術への関心,データ分析,環境保護への関心,保守・点検への関心","false,false,true,true",浄化槽設備士は、建物や施設の浄化槽システムの設計、設置、保守管理を行う専門職です。この職業は、浄化槽を適切に設置し、正常に機能させることで、環境への影響を最小限に抑えることを目的としています。浄化槽設備士は、環境保護に関心がある人にとって魅力的な職業といえます。,43.5,18:10,95.5,2,31.3,10.5,52.1,510,8.2,環境・リサイクル・サステナビリティ関連業
222,左官,607,左官職は、飛鳥時代（592年～710年）に仏教伝来とともに大陸から高度な建築技術が伝わったことで存在が明確になりました。この時代の代表的な建築物である法隆寺の創建（伝統的には607年）において、壁や土台に漆喰（しっくい）などの塗り材を塗布する専門技術が用いられており、これが現在の左官職の源流とされています。この時期には既に高度な技術を持つ専門職として確立されていたと考えられます。具体的な「左官」という呼称の成立は、後の律令制（7世紀後半〜8世紀初頭）の中で、朝廷に仕える職人制度が整備される過程であったとされますが、その専門技能と職業としての存在は、この法隆寺創建の時期まで遡ることができます。,,1,日本,"コミュニケーションスキル,左官技術,体力","false,true,true",技能士（左官）,FALSE,"大成建設株式会社,清水建設株式会社,鹿島建設株式会社,大林組株式会社,竹中工務店株式会社","継続力,手作業の器用さ,空間認識能力,体力,耐久力","true,true,false,true,false","手先の器用さ,建築デザインへの興味","true,false",左官職人は、建築物の壁や床などに塗り材を塗布する専門職です。セメント、石膏、漆喰などの材料を使用し、美しい仕上がりを追求します。日本では伝統的な家屋の壁塗りや現代建築の内装仕上げなど、幅広い作業を行います。細かな技術と美的センスが求められますが、手に職をつけることができる職業です。また、独立して自営業を営むことも可能です。,,18:00,,,,,,450,15.5,建設・土木業
223,建築ブロック工,1897,中空コンクリートブロックの発明者であるハーモン・S・パーマーが、ニューヨークで彼の考案したブロックを用いた最初の家を建設した年であるためです。この出来事は、コンクリートブロックが建築材料として本格的に導入され、それを専門的に扱う職種が誕生するきっかけとなりました。,,1,,"建築基準法の知識,工事現場での安全管理,コミュニケーションスキル,建築材料の知識,作業指導スキル,作業工程の管理","true,true,true,true,false,false","一級建築士,二級建築士","true,false","トヨタ自動車,清水建設,大成建設","論理的思考力,空間認識力,創造力,耐久力","true,true,false,false","ものづくり,空間デザインへの興味,最新技術への関心","true,true,false",建築ブロック工は、建築現場で使用するコンクリートブロックの製造や組み立てを行う職人です。この職業は、建築の基礎から外構工事に至るまで、さまざまな工程で重要な役割を担います。具体的な作業内容としては、ブロックの成形、順序良く組み上げる作業、耐久性を確保するための補強などがあります。精度の高い作業が求められ、建物の安全性や品質に直接影響を与えるため、注意深さと経験が重要です。,32,19:30,85,2,31,15,45,550,4.5,建設・土木業
224,建築大工,-9000,建築大工という職業は、人類が定住生活を始め、農業が発展した新石器時代（Neolithic period）にその原型が形成されたと考えられます。この時代、人々は一時的なシェルターから、より恒久的で複雑な木造建築物（住居、公共施設など）を建てる必要が生じました。紀元前9000年頃には、中東のレバント地域などで初期の定住集落が形成され始め、木材を加工し構造物として組み立てる専門的な技術を持つ人々が現れたと推測されます。例えば、トルコのアナトリア地方にあるチャタル・ヒュユク（紀元前7500年頃から存在）のような初期の都市遺跡では、泥レンガと合わせて木材を構造材として利用した建築が確認されており、専門的な木工技術者の存在を示唆しています。この時期が、現代の建築大工のルーツである「木材を加工し構造物を建設する専門家」が誕生したおおよその時期とされています。,,1,,"コミュニケーションスキル,建築技術,木材加工技術","false,true,true",建築大工技能士,FALSE,"大和ハウス工業,積水ハウス,旭化成ホームズ","継続力,空間認識力,手先の器用さ,物理的な体力,図面を読み解く力,コミュニケーション能力,問題解決能力","true,true,true,true,true,false,false","物理的な作業への興味,空間設計への関心,最新技術への関心","true,false,false",建築大工は、建物の建設や改修に関与する職業です。具体的には、木材を使った構造体の組み立て、屋根や壁の設置、内装や外装の仕上げ作業を行います。大工は、図面を読み取り材料を選定し、工具を駆使して高精度に作業を進める能力が求められます。また、安全性を考慮した作業を行うことも重要です。この職業では、物理的な強靭さと細やかな技術力が要求されます。,59,17:48,95.5,1.2,29,11.3,71.3,441,15.7,建設・土木業
225,彫金家,-4500,ブルガリアのヴァルナ墳墓で発見された金製品が、紀元前4500年頃に遡る世界最古の加工された金として知られています。これは、この時期にはすでに高度な金属加工技術を持つ彫金家が存在していたことを示しています。,,1,,"コミュニケーションスキル,芸術的センス,金属加工の技術,デザイン能力","false,true,true,true","ジュエリーデザイン認定資格,金細工技能士","false,false","Tiffany & Co.,カルティエ,MIKIMOTO,ヴァンクリーフ＆アーペル,田中貴金属工業","継続力,美的感覚,手先の器用さ,注意力,素材知識","true,true,true,false,false","芸術的センス,最新技術への関心","true,false",彫金家は金属を加工して美しいアートやジュエリーを制作する専門職です。さまざまな金属を用い、技術や創造力を駆使してデザインを形にします。,42,19:00,70,2,35,25,50,500,10,デザイン・アート・クリエイティブ業
226,プラント設計技術者,1908,プラント設計技術者という専門職は、化学工学が独立した学問分野として確立され、複雑な産業プラントの設計・構築が本格化した時期に誕生しました。1908年は、アメリカ化学工学会（AIChE）が設立された年であり、この学会は化学プロセスの設計と最適化に携わる技術者の専門性を確立する上で重要な役割を果たしました。この頃、石油化学、発電、基礎化学品などの分野で大規模で複雑なプラントが建設され始め、構造、機器配置、配管、電気系統、安全性、効率性、規制順守を統合的に設計する専門家が不可欠となりました。これにより、プラント設計技術者という職種が明確に認識され、専門性を確立していったと考えられます。,,1,,"プロセス設計の知識,コミュニケーションスキル,CADソフトの使用スキル,エネルギー効率と安全基準の知識,品質管理の知識,Python,SQL","true,true,true,true,false,false,false","技術士（機械部門）,エネルギー管理士,環境計量士","false,false,false","トヨタ自動車,日揮株式会社,千代田化工建設株式会社","論理的思考力,継続力,工学的知識,プロジェクト管理スキル,コミュニケーション能力","true,false,true,false,false","データ分析,工業プロセスに対する興味,持続可能エネルギーへの関心","false,true,false",プラント設計技術者は、発電所、石油化学工場、製薬工場などの産業プラントの設計、構築を専門に行う技術者です。彼らはプロジェクトの要求に基づいてプラントの構造、装置の配置、配管システム、電気システムなどを設計します。安全性、効率性、環境への影響を考慮しつつ、規制基準に沿った設計を行うことが求められます。さらに、プロジェクトの進捗を監視し、必要に応じて設計の修正を指導することもあります。,38,18:45,92.5,2,32,18.5,65.2,620,7.8,建設・土木業
227,土木施工管理技士,1968,建設業法に基づき、施工管理技士制度が1968年（昭和43年）に創設され、その資格の一つとして「土木施工管理技士」が定められました。,,1,日本,"コミュニケーションスキル,施工管理,プロジェクトマネジメント,安全管理","true,true,false,true","1級土木施工管理技士,2級土木施工管理技士,技術士（建設部門）","true,false,false","トヨタ自動車,大成建設株式会社,清水建設株式会社,鹿島建設株式会社,竹中工務店","論理的思考力,継続力,施工管理能力,コミュニケーション能力,工事安全管理の知識,チームワーク,問題解決能力","true,true,true,true,true,false,false","最新技術への関心,建設プロジェクトへの情熱","false,true",土木施工管理技士は、主に土木工事の現場において施工管理を行う専門職です。この職業は、道路、橋、ダム、トンネルなどの公共事業を中心に、工事の進捗管理、安全管理、品質管理を担当します。施工管理技士は、プロジェクトが計画通りに進むように調整し、必要な資材や人員の手配を行う役割を担います。さらに、施工に関連する技術的な指導や業務の効率化のための提案を行うこともあります。この職業には、現場での実務経験が求められることが多く、適切な資格を取得することが求められます。,45.2,18:45,95.2,1.8,32.5,25.5,75.3,620,10.1,建設・土木業
228,とび工,1600,とび職の起源は、江戸時代初期に城郭や寺社の建設・修復に携わっていた「飛騨の匠」などの職人集団にまで遡るとされています。特に、江戸幕府が開かれた17世紀初頭（1600年代）に、都市の発展とともに高層建築物や大規模な木造建築が増加し、高所作業を専門とする技術者が求められるようになったことが、現在のとび職の礎となりました。足場を組む技術や重量物を運ぶ技術が専門化し、職業として確立されていったと考えられます。,,1,,"コミュニケーションスキル,安全管理の知識,重機操作の技術,図面の理解力","false,true,false,true",とび技能士,FALSE,"株式会社大林組,鹿島建設株式会社,清水建設株式会社","身体的強靭さ,高い空間認識能力,継続力","true,true,false","最新技術への関心,手先の器用さ,高所作業への恐怖感がない,チームワーク","false,true,true,true",とび工（鳶職）は、建設現場で足場を組んだり、鉄骨を組み立てたりする専門職です。高所での作業が多く、安全性が重要視されます。力仕事が多いですが、チームで協力しながら建物の骨組みを作り上げる責任感のある職業です。建設業界の中でも、特に腕力と技術が求められる仕事です。,38,17:40,95.6,1,30,10,70,450,10,建設・土木業
229,モデラー,1993,1993年の映画『ジュラシック・パーク』が、フォトリアリスティックなCGI恐竜を登場させ、デジタルモデル作成の新たな基準を打ち立てました。これにより、高精度な3Dモデルを専門的に作成する「モデラー」という職務の需要が飛躍的に高まり、この分野の専門職としての存在が確固たるものになったと考えられます。この映画は、アニメーション、ゲーム、映画産業におけるデジタルモデリングの可能性を大きく広げました。,,1,,"コミュニケーションスキル,3Dモデリングソフトウェア,アートデザインの知識,スカルプティング技術","false,true,false,false","基本情報技術者試験,3DCGデザイナー認定試験","false,false","バンダイナムコエンターテインメント,スクウェア・エニックス,コーエーテクモゲームス,CAPCOM,セガ","論理的思考力,3Dモデリングスキル,クリエイティブな発想力","true,true,false","データ分析,視覚芸術への興味","true,true",モデラーは、製品、建物、人物などの三次元モデルを設計・作成する専門職です。この職業はさまざまな業界で必要とされており、特にアニメーション、ゲーム開発、映画制作、建築、工業デザインなどで重要な役割を果たしています。モデラーはデジタルツールを駆使して、対象物の形状、質感、動きなどを精密に再現することが求められます。クリエイティブと技術的なスキルが必要で、チームでの効果的なコミュニケーション能力も求められます。,32,19:30,85,2,31,15,45,550,4.5,デザイン・アート・クリエイティブ業
230,ガラス食器製造工,-50,紀元前1世紀頃、現在のシリアの地域でガラスの宙吹き技法が発明されました。この技術により、薄く、耐久性があり、かつ多様な形状のガラス容器を効率的に製造することが可能となり、カップやボウルなどのガラス食器が日用品として普及し始めました。これに伴い、ガラス食器の製造を専門とする職人が現れ、職業として確立されたと考えられます。,,1,,"コミュニケーションスキル,ガラス製品成形技術,安全管理知識,品質管理スキル,機械操作スキル","false,true,true,true,true","ガラス製造技能士,危険物取扱者乙種第4類","false,false","アデリア株式会社,佐々木硝子株式会社,石塚硝子株式会社","継続力,手先の器用さ,注意深さ,論理的思考力","true,true,true,false","最新技術への関心,美術的なデザインへの興味","false,true",ガラス食器製造工は、主にガラスを材料にして、さまざまな食器や家庭用品を製造する職業です。具体的には、ガラスの溶解、成形、装飾、仕上げなどの工程を通じて製品を作り上げます。技術と芸術的なセンスを活かし、デザインや機能性に優れた食器を作成することが求められます。工場での大量生産から、職人的な技術を活かした手作り製品まで、さまざまな製造方法が存在します。,46.3,17:53,69.6,1.9,30.6,12.8,42.9,374.7,9.3,セラミックス・ガラス・土石製品製造業
231,照明デザイナー,1969,照明デザイナーが独立した専門職として認知され始めたのは20世紀中頃ですが、その専門性を確立し、国際的に認知された職業として定義する目的で国際照明デザイナー協会（IALD）が設立されたのが1969年です。この設立は、照明デザインが建築家や電気技術者とは異なる専門分野として確立された重要な節目とされています。,,1,,"コミュニケーションスキル,照明設計スキル,3Dデザインソフトウェアの操作能力,建築およびインテリアデザインの知識","true,true,false,false","インテリアコーディネーター資格,照明学会認定資格,照明設計士","false,false,false","コイズミ照明,大光電機,オーデリック","論理的思考力,創造力,ヴィジュアルセンス,継続力","true,true,true,false","照明設計への情熱,最新技術への関心,色と光に対する理解","true,false,true",照明デザイナーは、建築物、イベント、舞台、インテリアなどの空間における光の配置と設計を担当する職業です。その目的は、光を使用して空間の美しさ、雰囲気、機能性を向上させることです。具体的には、照明計画の策定、照明器具の選定、視覚効果のデザインなどを行います。環境やテーマに応じた光の色温度や明るさ、陰影などを調整し、空間全体の調和を図ります。技術的知識に加え、創造力や芸術的センスも求められる職業です。,41.3,19:08,79.8,1.5,34.7,20.2,55.4,550,8.2,デザイン・アート・クリエイティブ業
232,NC旋盤工,1952,NC旋盤工という職業は、数値制御（NC: Numerical Control）技術の登場によって生まれました。NC技術は、1952年にマサチューセッツ工科大学（MIT）が米国空軍の資金援助を受けて、初めて実用的な数値制御フライス盤を公開したことでその存在が確立されました。この技術は瞬く間に他の工作機械、特に旋盤にも応用され、プログラムされた指示に基づいて精密な加工を行う新たな職種が求められるようになりました。したがって、NC技術の誕生年である1952年が、NC旋盤工という職業の開始時期とみなすことができます。,,1,,"機械加工スキル,コミュニケーションスキル","true,false","NC旋盤作業主任者,NC工作機械作業者登録資格","false,false","トヨタ自動車,オークマ株式会社,DMG森精機","論理的思考力,継続力,機械操作の知識とスキル,精密な作業能力","false,true,true,false","最新技術への関心,機械操作の興味,データ分析","false,true,false",NC旋盤工は、数値制御（NC: Numerical Control）技術を活用して金属や他の材料を加工し、精密部品を製造する職業です。コンピュータ制御の旋盤機を操作し、通常は事前にプログラムされた指示に従いながら、材料を削る、切断する、穴を開けるなどの作業を行います。必要な技能には、NC旋盤の操作技術、加工プログラムの理解、図面の読解力、および製造精度を確保するための品質管理能力が含まれます。,44,17:48,96.8,2,31,7,45,450,12.2,精密機器・光学機器製造業
233,自動車整備士,1900,自動車整備士という専門職は、自動車が一般に普及し始めた20世紀初頭に誕生しました。1886年にカール・ベンツが最初のガソリン自動車を発明して以来、車両の数が増加し、その複雑さも増したため、車両の点検、修理、整備を専門とする技術者の必要性が高まりました。1900年頃には、自転車修理工や汎用機械工から専門化する形で、独立した自動車修理工場や専門家が出現し始め、職業としての「自動車整備士」が形成され始めました。,,1,日本,"コミュニケーションスキル,車両知識,問題解決能力,工具の使用スキル,電気系の知識,コンピュータ使用能力","true,true,true,true,false,false","国家自動車検査資格,三級自動車整備士,二級自動車整備士,ガス溶接技能講習修了証","true,true,false,false",トヨタ自動車,"論理的思考力,継続力,機械的センス,問題解決能力","false,true,true,true","最新技術への関心,機械や工具に対する興味,問題解決への興味","false,true,true",自動車整備士は、車両の点検、修理、整備を担当する専門職です。エンジン、トランスミッション、ブレーキ、空調システムなど、車両のメカニカルおよび電気的な部分を診断し、問題を解決します。安全性と性能を確保するために、予防的なメンテナンスも行います。最新の技術とツールを使用し、車両の状態を把握して適切な整備を提供します。整備技術者資格（国家資格）を持っていることが一般的です。,32,19:30,85,2,31,15,45,550,4.5,自動車・輸送機器製造業
234,鋳物工,-3200,メソポタミアで紀元前3200年頃に作られたとされる銅製のカエルが、現存する最古の金属鋳造品として知られています。この発見は、この時期に金属を溶融し鋳型に流し込む技術、すなわち鋳物工の仕事が存在していた強力な証拠となります。,,1,,"原材料の知識,鋳造プロセスの専門知識,品質管理の技術,コミュニケーションスキル,機械操作の能力","true,true,true,false,true",鋳物技能士,FALSE,"アツタ鋳造株式会社,トヨタ自動車","継続力,手先の器用さ,観察力,チームワーク","true,true,false,false","最新技術への関心,データ分析,素材や加工技術への興味","false,false,true",鋳物工は、金属や合金を溶融し、鋳型に流し込んで固めることで製品を作り出す職業です。仕事内容には、鋳造するための準備、溶解炉の操作、金属を鋳型に流し込む作業、固化後の仕上げ作業などが含まれます。鋳物製品は、機械部品、車両部品、建築用素材など幅広い分野で利用されます。物理的な労力を必要とするほか、高温の金属や機械を扱うため、安全管理が重要です。また、材料や鋳造技術に関する専門知識の理解も求められます。,53,17:51,97.6,2,29,12,68,418,15.3,鉄鋼・金属製品製造業
235,IC生産オペレーター,1960,集積回路（IC）は、1958年にジャック・キルビーによって発明され、ロバート・ノイスも独自の改良を行いました。商用生産が始まったのは1960年代初頭で、テキサス・インスツルメンツが1960年に最初のICを市場に投入し、フェアチャイルドセミコンダクターも1961年には初の商用論理ICをリリースしました。この商業生産の開始に伴い、ICの製造装置の操作、品質管理、検査といった業務を担う専門のオペレーターが必要となりました。したがって、この職種はICの商業生産が始まった1960年頃から存在したと考えられます。,,1,,"精密機器取り扱いスキル,品質管理知識,コミュニケーションスキル","true,true,false",基本情報技術者試験,FALSE,"トヨタ自動車,ソニーセミコンダクタソリューションズ,ルネサスエレクトロニクス","継続力,機械操作能力,注意深さ,チームワーク力","true,true,true,false","最新技術への関心,生産プロセスへの関心,精密作業への興味","false,true,true",IC（集積回路）生産オペレーターは、半導体工場においてICの製造を担当する職種です。この役割には、製造装置の操作、品質管理、製品の検査、トラブルシューティングなどが含まれます。生産プロセスでは、高度な自動化がなされており、機械操作と製品の正確な管理が求められます。また、クリーンルーム環境での作業が一般的であり、細心の注意が必要です。この職種は、技術と細部に対する強い焦点が要求されるため、技術的なトレーニングや経験が有利に働きます。,38,19:13,75.3,2,32,22.5,61.3,450,8.2,電気・電子・半導体製造業
236,キッチンスペシャリスト,1953,1953年にキッチンおよびバスの専門家を対象とした業界誌『Kitchen & Bath Business』が創刊されたことは、この時期にはキッチンのデザイン、計画、施工に関連する専門職が確立されつつあった強力な証拠です。第二次世界大戦後の住宅建設ブームと家電製品の進化により、機能的で美的なキッチン空間を専門的に提案・設計・コーディネートするニーズが高まり、キッチンスペシャリストという専門職が明確に認識され始めたと考えられます。,,1,日本,"コミュニケーションスキル,料理技術,食材知識,衛生管理,時間管理能力","true,true,true,true,false","インテリアコーディネーター,キッチンスペシャリスト資格","false,true","クリナップ株式会社,パナソニックキッチンアプライアンス株式会社,株式会社LIXIL","論理的思考力,継続力,コミュニケーション能力,創造力,空間認識能力","true,true,true,false,false","最新技術への関心,料理と食材の知識","false,true",キッチンスペシャリストは、キッチン空間のデザイン、計画、アドバイスを行う専門職です。顧客のニーズやライフスタイルに合わせた機能的で美しいキッチンを提案し、設計図面の作成や素材の選定、設備の配置などを手掛けます。また、施工会社や職人との連携を通じて、計画を実際の形にするためのサポートも行います。建築の知識やインテリアデザイン、最新の調理設備についての知識が求められます。,38.2,18:45,15.5,2,31.7,12.3,48.2,450,6.8,建設・土木業
237,木工工芸家,-10600,"木工工芸家は、木材を材料として家具や装飾品、彫刻などの作品を製作する職業と定義されます。日本においては、縄文時代早期の鳥浜貝塚（福井県）から、約12,600年前（紀元前10,600年頃）の漆塗りの木製櫛や装飾品が発見されています。これは世界最古級の漆器であり、非常に高度な木工技術と芸術性を示すものです。この時期には、既に専門的な技術を持つ職人が存在し、装飾的な木製品を製作していたと考えられ、木工工芸家の起源と見なすことができます。",,1,,"コミュニケーションスキル,木工技術,デザインセンス,道具のメンテナンス能力","false,true,false,false","木材加工技能士,木工芸技能士","false,false","飛騨産業株式会社,カリモク家具株式会社","継続力,創造力,空間把握能力,手先の器用さ,素材知識","true,true,false,true,false","木材への興味,最新技術への関心","true,false",木工工芸家は、木材を材料として家具や装飾品、彫刻などの作品を製作する職業です。多くの木工工芸家は、自らデザインを考え、手作業で木材を加工し、独自の技術と芸術性を活かして作品を作り上げます。伝統的な技法を用いることもあれば、現代的な技術や材料を組み合わせることもあります。職人としての専門的なスキルが求められる他、市場のニーズに応じたデザイン性と実用性のある作品作りも重要です。,45.5,18:30,75,2,33,10.5,60,500,15.5,デザイン・アート・クリエイティブ業
238,造園施工管理技士,1983,造園施工管理技士は、建設業法に基づく国家資格として、1983年（昭和58年）に創設されました。これにより、造園工事の計画、施工、管理を行う専門職としての役割と資格が明確に定義されました。,,1,日本,"コミュニケーションスキル,造園設計スキル,施工管理スキル,植物知識,SQL,Python","true,true,true,true,false,false",造園施工管理技士資格,TRUE,"大成建設,清水建設,鹿島建設","論理的思考力,植物と環境への深い理解,継続力,施工現場での実地経験,コミュニケーション能力","true,true,false,true,true","自然や植物への興味,空間デザインへの興味","true,false",造園施工管理技士は、造園工事の計画、施工、管理を行う専門職です。庭園や公園、都市緑化などの造園プロジェクトにおいて、工事の進行を監督し、品質や安全を確保するための役割を担います。具体的には、施工計画の作成、資材の手配、作業員の管理、建設現場の安全確保、関係者との調整など、多岐にわたる業務を行います。また、国家資格である造園施工管理技士資格を持つことで、一層の信頼性と責任を持った業務が可能になります。,38,19:00,95,2,32,20,50,550,10.5,建設・土木業
239,ホームエレクトロニクス技術者,1950,ホームエレクトロニクス技術者という職業は、第二次世界大戦後の経済成長と技術革新により、家庭用電化製品と電子機器が急速に普及し始めた1950年代にその需要が本格化したと考えられます。この時期には、テレビが一般家庭に広く浸透し始め、テレビ修理工という専門職が確立されました。また、冷蔵庫、洗濯機、エアコンなどの大型家電も普及し、より複雑な電気的・初期の電子的制御システムを搭載するようになり、専門的な設置、修理、保守のスキルが求められるようになりました。ラジオ修理工はそれ以前から存在しましたが、テレビの登場と各種家電の電子化により、より広範な「ホームエレクトロニクス」を扱う技術者という職種が明確に形成されたと判断されます。,,1,,"コミュニケーションスキル,電子機器の修理とメンテナンス,電気回路の知識,Python,SQL","false,true,true,false,false","第二種電気工事士,家電製品総合アドバイザー","true,false","トヨタ自動車,パナソニック株式会社,ソニー株式会社,シャープ株式会社,日立製作所,三菱電機株式会社","論理的思考力,電子機器の専門知識,問題解決能力","true,true,true","最新技術への関心,電気工学への興味,データ分析","true,true,false",ホームエレクトロニクス技術者は、家庭用電化製品や電子機器の設置、修理、保守を担当する専門職です。具体的には、エアコン、冷蔵庫、洗濯機、電子レンジなどの調整やトラブルシューティング、故障の診断と修理を行います。普通は製造元や専門の修理会社、または家電量販店に勤務し、顧客の自宅へ出向くことが多い職種です。また、新製品のセットアップや旧製品からのデータ移行も担当することがあります。良好なコミュニケーションスキルと、迅速かつ的確な問題解決能力が求められます。,38,18:48,82.7,2,31,24.4,45.2,620,8.9,電気・電子・半導体製造業
240,船舶機関士,1807,船舶機関士の存在は、実用的な蒸気船の登場と密接に関わっています。ロバート・フルトンが開発した蒸気船「クラーモント号」が1807年にニューヨークのハドソン川で定期運航を開始した際、その蒸気機関の操作と保守を担当する専門の技術者が必要とされました。これが、船舶機関士という職業の事実上の始まりとされています。,,1,,"船舶機械の知識,メンテナンス技術,安全管理,海上運行の基本知識,コミュニケーションスキル","true,true,true,true,false","ボイラー技士免許,第一級・第二級海技士（機関）免許","true,true","三菱重工業,川崎重工業,ジャパン マリンユナイテッド","技術的知識,論理的思考力,チームワーク,継続力","true,true,true,false","最新技術への関心,機械工学への興味,海洋技術への興味","false,true,true",船舶機関士は、船舶のエンジンやその他の機械設備の運転及び保守を担当します。主な仕事には、エンジンの操作、機械設備の点検、保守整備、故障発生時の修理対応などがあります。燃料や油の管理、エンジンの動作監視を行い、安全で効率的な航行をサポートします。通常は海技士の免許が必要で、大型船舶の場合は複数の機関士がチームで作業を行います。,49.3,18:00,97.8,2,31.4,5.5,70.2,747,15.5,運輸・物流・倉庫業
241,溶接工,1904,近代的な溶接技術、特にアーク溶接において、安定した溶接を可能にする被覆アーク溶接棒がOscar Kjellbergによって発明され、特許を取得した年です。これにより溶接が産業規模で実用化され、専門的な「溶接工」という職業が確立される土台が築かれました。,,1,,"コミュニケーションスキル,溶接技術,図面の理解","false,true,true","溶接技能者資格,ガス溶接作業主任者資格","true,false","日立製作所,トヨタ自動車,住友重機械工業,IHI","継続力,精密な手先の器用さ,空間認識能力,安全管理意識","true,true,false,true","手先の器用さ,最新技術への関心,安全意識","true,false,true",溶接工は金属の部品や構造物を溶接機を用いて接合する職業です。溶接は金属部分を強固に結びつけるために必要で、自動車、造船、建設などの多くの産業で重要な役割を果たします。溶接工は、溶接を行うための技術的なスキルと安全基準を守ることが求められます。また、多くの場面で物理的な強さと注意力が必要です。,44.4,17:52,98.1,1.7,29.8,7.5,45,454.3,11.5,鉄鋼・金属製品製造業
242,マシニングセンタ・オペレーター,1958,マシニングセンタ・オペレーターの職業は、マシニングセンタという機械の登場と共に始まりました。世界初の真のマシニングセンタとされる「Kearney & Trecker Milwaukee-Matic II」が1958年に発表されたのがその起源です。この機械は、自動工具交換機能を持ち、フライス、穴あけ、ボーリング、タッピングといった複数の加工を単一の機械で連続して行うことができ、これがマシニングセンタの定義となりました。この革新的な機械の登場により、これを操作し、プログラムを設定し、メンテナンスを行う専門職が必要となり、マシニングセンタ・オペレーターという職業が誕生しました。,,1,,"機械操作スキル,図面の理解力,機械メンテナンス,コミュニケーションスキル","true,true,false,false","数値制御工作機械オペレーター技能士,機械加工技能士","true,false","トヨタ自動車,オークマ株式会社,DMG森精機株式会社","論理的思考力,機械操作スキル,図面理解能力,継続力","false,true,true,false","最新技術への関心,機械操作への関心","false,true",マシニングセンタ・オペレーターは、コンピュータ制御の工作機械を操作して、金属部品の加工作業を行う専門職です。具体的には、設計図に基づいて機械の設定を行い、金属素材を切削加工して製品を作ります。この作業には、高度な計算能力と技術的な理解が必要です。注意深いチェックと微調整を通じて、高い精度と効率性を持った生産を達成します。安全基準を常に守りながら作業を行うことが求められます。また、メンテナンスやトラブルシューティングの能力も重要です。,32,19:30,85,2,31,15,45,550,4.5,機械製造業
243,パタンナー,1858,パタンナーという職種は、19世紀中頃にファッション産業の工業化とオートクチュールの誕生と共に明確に確立されたと考えられます。特に、1858年にシャルル・フレデリック・ウォルトがパリで初のファッションハウスを設立した時期は、現代のファッションデザイナーの概念と、そのデザインを実際の衣服にするための専門職としてのパタンナーの必要性が高まった転換点です。この時代には、工業用ミシンの普及と既製服産業の萌芽により、衣服の大量生産と標準化が求められ、デザイナーの意図を正確に型紙に落とし込む専門技術を持つパタンナーが不可欠となりました。,,1,,"コミュニケーションスキル,立体裁断技術,服装設計ソフトウェアの使用,ファッショントレンドの理解","true,true,true,false","パタンナー技能士資格,ファッションデザイン関連資格","false,false","UNIQLO,三陽商会,島精機製作所","論理的思考力,創造力,テクニカルスキル,継続力","true,true,true,false","最新技術への関心,ファッションへの興味","false,true",パタンナーはファッションデザインの分野で、衣服の製作過程において重要な役割を果たします。デザイナーが作成したスケッチやデザイン図に基づいて、衣服の型紙（パターン）を作成するのが主な仕事です。この職種には、デザインの意図を理解し、正確なサイズや形をパターンに反映させる技術と経験が求められます。また、他のスタッフと協力してサンプル服の作成やフィッティングを通じて、パターンの調整・修正を行うこともあります。,32,19:30,15,2,31,15,45,550,4.5,繊維・衣服・皮革製造業
244,カスタマーエンジニア,1930,カスタマーエンジニア（Customer Engineer）という職種は、特にIBMのような企業が複雑な事務機械や後にコンピューターを販売する過程で、顧客に対する技術サポートの必要性から確立されました。1930年代には、電気機械式のタビュレーティングマシンなどのビジネス機器が広く普及し、これらの機器の設置、保守、トラブルシューティング、そして顧客への操作説明を行う専門職が不可欠となりました。この時期にIBMは「Customer Engineer」という呼称を使用し始め、現代のカスタマーエンジニアの役割とほぼ一致する顧客対応と技術サポートを組み合わせた職務を体系化しました。この役割は、顧客の要望や問題を理解し、製品やサービスの使用方法を説明し、顧客満足度を高めるという現在の職務内容の基礎を築きました。,,1,,"コミュニケーションスキル,SQL,Python,技術的な問題解決能力","true,false,false,true",基本情報技術者試験,FALSE,"Google,Microsoft,富士通","論理的思考力,継続力,コミュニケーション能力,技術的知識,問題解決能力","true,false,true,true,true","最新技術への関心,コミュニケーションスキル,データ分析","true,true,false",カスタマーエンジニアとは、顧客に対する技術サポートやサービスを提供する職種です。この職業では、顧客の要望や問題を理解し、製品やサービスの使用方法を説明したり、トラブルシューティングを行って顧客満足度を高める役割を担います。また、新しい技術の導入や設定、保守などを行うこともあります。基本的には、顧客対応が主であり、コミュニケーション能力や技術知識が重要です。,,18:00,,,,,,600,5.2,情報通信業（IT・ソフトウェア・通信）
245,義肢装具士,1948,"義肢装具士という専門職の現代的な存在は、第二次世界大戦後の負傷兵増加に伴う需要の高まりを受けて大きく発展しました。この時期に専門的な技術と知識が体系化され、医療チームの一員としての役割が確立され始めました。特にアメリカ合衆国では、義肢装具士の専門性を確立するための「American Board for Certification in Orthotics, Prosthetics & Pedorthics (ABC)」が1948年に設立されたことが、この職業の正式な認定と専門化を示す重要な節目となります。これにより、患者一人ひとりのニーズに合わせたカスタムメイドの製品提供、医師や理学療法士との連携、リハビリテーション支援といった現代の義肢装具士の定義に合致する専門職としての存在が明確になりました。",,1,日本,"コミュニケーションスキル,義肢装具の製作技術,人体解剖学の知識,Python,SQL","true,true,true,false,false",義肢装具士国家試験,TRUE,"長田製作所,オットーボック・ジャパン株式会社,日本シグマックス株式会社","論理的思考力,技術的技能,細部への注意力,継続力,コミュニケーション能力","true,true,true,false,false","義肢装具への興味,データ分析,最新技術への関心","true,false,true",義肢装具士は、事故や病気で手足を失った人や身体の機能が低下した人に対して、義肢や装具を製作・適合させる専門職です。患者一人ひとりの身体の特徴やニーズに合わせてカスタムメイドの製品を提供し、日常生活の質を向上させる支援を行います。医師や理学療法士と連携し、患者のリハビリテーションや社会参加をサポートします。技術力とコミュニケーション能力が求められる職業です。,32,18:30,70,2,31,10.5,45,550,4.5,医療・福祉・介護業
246,フレグランスコーディネーター,1980,"The role of a 'Fragrance Coordinator,' which involves not only providing expert advice on perfumes but also planning promotional events and enhancing the overall customer experience, became distinctly established and professionalized during the boom of the beauty and fragrance market in the 1980s. This era saw a significant increase in the diversity of fragrances and a heightened focus on in-store marketing and personalized service within department stores and specialty shops.",,1,,"コミュニケーションスキル,香りの知識,販売スキル,商品ディスプレイ能力","true,true,false,false",日本フレグランス協会認定フレグランスコーディネーター資格,FALSE,"資生堂,花王,小林製薬","論理的思考力,継続力,嗅覚の鋭敏さ,美的感覚","false,true,true,false","香りへの興味,最新技術への関心","true,false",フレグランスコーディネーターは、お客様に適切な香水や香りを提案する専門職です。主にデパートや香水店、ファッションブランドのショップなどで働きます。顧客の好みや目的に応じて最適なフレグランスを選び、香水に関する豊富な知識を活かしてアドバイスを行います。また、新製品のプロモーションや香りの体験イベントの企画・運営なども行うことがあります。センスやコミュニケーション能力が求められる仕事です。,38,19:00,10,2,32,10,60,400,5,小売業・EC・流通業
247,フードスペシャリスト,1994,日本フードスペシャリスト協会が設立され、「フードスペシャリスト」資格制度が開始された年であるため。,,1,日本,"食品安全の知識,栄養学の理解,食品加工技術,コミュニケーションスキル,品質管理の経験","true,true,false,true,false",フードスペシャリスト資格,FALSE,"味の素株式会社,キッコーマン株式会社,エスビー食品株式会社,ヤマサ醤油株式会社,ハウス食品株式会社","料理の専門知識,継続力,味覚感覚,論理的思考力","true,false,true,false","最新技術への関心,料理への情熱,食材の探求心,栄養知識への興味","false,true,false,false",フードスペシャリストは食品に関する専門的な知識と技術を持つ職業であり、食品の製造、品質管理、商品開発、栄養相談などを行う。食品に関する幅広い知識を持ち、食品の安全性、栄養価、調理における工夫などのアドバイスを提供する。食品関連業界や健康産業での活躍が期待される職種である。,32,19:30,15,2,31,15,45,550,4.5,食料品製造業
248,染色工,-2499,染色技術自体は新石器時代（紀元前6000年頃）まで遡りますが、専門職としての「染色工」の存在を示す最も古い明確な証拠の一つは、インダス文明（紀元前2500年頃）の都市遺跡（モヘンジョ・ダロなど）から見つかる大規模な染色槽や工房の跡です。ここでは、藍などの複雑な染料を用いた高度な染色技術が用いられており、これは家庭内での作業を超え、専門的な知識と技術を持つ職人集団、すなわち染色工が組織的に存在していたことを示唆しています。古代エジプトや中国の同時期の文明においても、洗練された染色技術と、それを担う専門職がいたと考えられています。,,1,,"染色技術,コミュニケーションスキル","true,false",色彩検定,FALSE,"堺化学,花王,住友化学","継続力,視覚芸術センス,繊細な手先の器用さ,色彩調和能力,論理的思考力","true,false,true,true,false","最新技術への関心,色や美術への興味,手作業への興味","false,true,true",染色工とは、布や衣類、衣服の素材等を染める専門職です。伝統的な技法を用いて、特定の色や模様を布地に染めつける作業が中心となります。染色工は、自然素材や化学染料を使用し、顧客の要求に応じた色やデザインを実現するための染色技術を駆使します。また、染色の工程における素材の選定や手順の計画、染料の調合、温度管理など、細かな調整が求められる職業です。日本の伝統工芸品の製作や、ファッション業界などで活躍することが多い職種です。,48,18:30,75,2,31,10,45,450,15,繊維・衣服・皮革製造業
249,和裁士,1603,和裁士（日本の伝統的な和服を作る職人）としての職業の明確な成立は、江戸時代初期にさかのぼると考えられます。この時代、日本の都市文化が発展し、着物が単なる衣服から高度なファッションアイテムへと進化しました。複雑な生地の柄合わせ、緻密な縫製技術、そして顧客の体型や要望に合わせた仕立ては、専門的な技術と経験を持つ職人を必要とし、和裁が独立した職業として確立されました。それ以前にも衣類を縫う技術は存在しましたが、高度な専門性と職業としての和裁士が明確になったのは江戸時代に入ってからです。,,1,日本,"着物の技術知識,コミュニケーションスキル,裁縫技術","true,false,true",和裁士技能検定,FALSE,"京都友禅製造,株式会社津亀,株式会社石塚和裁","継続力,手先の器用さ,色彩感覚,集中力,細部への注意力","true,true,false,true,true","和服デザインへの関心,伝統文化への興味","true,false",和裁士は、日本の伝統的な和服を作る職人です。着物や浴衣などの和服を、布の裁断から縫製までを行い、注文者の体型や要望に合わせて仕立てます。多くの場合、手縫いで丁寧に作業を進めるため、高い技術と経験が求められます。また、生地の特性や柄の配置など、デザイン面でもセンスが問われる職業です。,32,19:30,85,2,31,15,45,350,4.5,繊維・衣服・皮革製造業
250,商品バイヤー,1852,商品バイヤーという専門職は、大規模な小売店舗である百貨店の登場とともに本格的に形成され始めました。1852年にパリで開業したル・ボン・マルシェは、しばしば最初の近代的な百貨店とされており、多種多様な商品を計画的に仕入れるための専門家の必要性が高まったことが、この職種の起源と考えられます。,,1,,"コミュニケーションスキル,交渉スキル,市場分析スキル,SQL,Python","true,true,true,false,false",商品バイヤー認定資格,FALSE,"イオン株式会社,株式会社セブン＆アイ・ホールディングス,株式会社しまむら","論理的思考力,市場分析能力","true,true","データ分析,最新技術への関心,マーケットトレンドへの関心","true,false,true",商品バイヤーは、小売業や卸売業において、顧客のニーズを満たすために商品の仕入れを担当する職種です。市場の動向や消費者の嗜好を分析し、適切な商品を適切な価格で調達することで販売戦略をサポートします。取引先との交渉や新商品の開拓、在庫管理なども重要な業務に含まれます。,32,19:30,85,2,31,15,45,550,4.5,小売業・EC・流通業
251,雑貨デザイナー,1980,「雑貨デザイナー」という専門職は、1970年代後半から1980年代にかけて日本で本格化した「雑貨ブーム」と「雑貨文化」の台頭とともに確立されました。この時期には、デザイン性の高い日用品に特化した店舗やブランドが急増し、それらの商品を専門的にデザインする人材の需要が高まりました。1980年に創業した無印良品（Muji）のように、デザインを重視した日用品を提供する企業の出現は、この職種の専門化を裏付けるものです。,,1,,"プロダクトデザイン,コンセプト構築能力,コミュニケーションスキル,Adobe Illustrator,Adobe Photoshop,マーケットトレンド理解,クラフト技術,カラースキーム理解,3Dモデリング","true,true,true,true,true,false,false,false,false",プロダクトデザイン技能士,FALSE,"株式会社ニトリ,無印良品,Francfranc,アフタヌーンティー・リビング,株式会社ロフト","論理的思考力,創造力,継続力,美的センス","false,true,false,true","最新技術への関心,ファッション・トレンド,美術・デザインへの情熱","false,true,true",雑貨デザイナーは、日常生活で使用される雑貨やアクセサリー、インテリア用品などの製品をデザインする仕事です。各プロジェクトにおいて、市場のトレンドや顧客の要望を考慮してクリエイティブなアイデアを出し、商品化に向けて具体的なデザインを作成します。プロトタイプの製作、素材選定、生産ラインへの指示など、製造工程にも関わることがあります。美術やデザイン関連のスキル、色彩感覚、商品開発やマーケティングの知識が求められます。,32,19:30,55,2,31,15,45,550,4.5,デザイン・アート・クリエイティブ業
252,ソーイングスタッフ,1851,ソーイングスタッフという職業は、ミシンの発明と普及、そしてそれに伴う縫製産業の工業化によって確立されました。1851年にアイザック・シンガーが特許を取得し、ミシンの商業生産を本格化させたことで、工場での大量生産が可能になり、専門的に縫製を行う「ソーイングスタッフ」の需要が生まれました。,,1,,"コミュニケーションスキル,裁縫技術,パターンメイキング,ファブリックの知識","false,true,false,false",洋裁技術認定試験,FALSE,"株式会社ジャノメ,ブラザー工業株式会社,株式会社ジューキ,トヨタ自動車","手先の器用さ,継続力,色彩感覚","true,false,false","縫製技術への関心,最新技術への関心","true,false",ソーイングスタッフは、衣類や布製品を縫製する専門職です。主に工場や縫製会社、アトリエで働くことが多く、デザイン図に基づいて生地を裁断し、ミシンや手縫いで製品を仕上げます。精密な技術と経験が求められる職業であり、新しい技術やファッションの動向も重要です。また、品質管理や納期の管理、他スタッフとのコミュニケーションも大切です。,42,18:30,30,2,31,10,45,350,5.2,繊維・衣服・皮革製造業
253,カーデザイナー,1927,自動車のデザインを専門とする「カーデザイナー」という職業が確立されたのは、1920年代後半にゼネラルモーターズ（GM）が「Art and Colour Section」（後にStyling Sectionと改称）を設立し、ハーレー・アールがその責任者に就任したことが大きいとされています。1927年に設立されたこの部門は、車の外観や色彩を専門的に扱う世界初の組織であり、これにより車両のスタイルを重視したデザインが、エンジニアリングとは独立した専門職として認識されるようになりました。,,1,,"デザインソフトウェアの操作能力,コミュニケーションスキル,自動車デザインの知識,クリエイティブな思考力,技術的な知識","true,true,true,false,false","Automotive Design Diploma,Industrial Design Engineering Degree","false,false","トヨタ自動車,本田技研工業,日産自動車","論理的思考力,継続力,創造力,美的センス,技術的な理解","false,true,true,true,true","最新技術への関心,自動車への情熱","false,true",カーデザイナーは、車両の外観やインテリアデザインを担当する職業です。美しいデザインだけでなく、機能性や安全性を考慮しながら、車の形状やスタイルを考えます。市場のトレンドや顧客のニーズを把握しつつ、さまざまなデザインコンセプトを提案し、実現可能な形に落とし込んでいきます。,38,19:30,88,2,32,18,45,600,7.5,自動車・輸送機器製造業
254,宇宙飛行士,1961,1961年4月12日、ソビエト連邦のユーリ・ガガーリンが人類初の宇宙飛行に成功し、宇宙飛行士という職業が具体的に成立しました。この出来事により、宇宙船に搭乗し宇宙へ行くことを専門とする職務が確立されました。,,1,,"体力とフィットネス,危機管理能力,コミュニケーションスキル,チームワーク,科学と工学の知識,忍耐力とストレス管理能力","true,true,true,true,true,false","宇宙飛行士適性試験,医師免許","true,false","宇宙航空研究開発機構(JAXA),NASA,スペースX","論理的思考力,継続力,身体的な健康とフィットネス,ストレス耐性,チームワークの才能","true,true,true,true,true","最新技術への関心,宇宙科学への興味,身体能力の向上に対する関心,データ分析","true,true,false,false",宇宙飛行士は、宇宙船に搭乗し、宇宙へ行くための訓練を受けた専門職です。彼らは宇宙での実験や観測を行い、有人ミッションの目的を達成するために働きます。宇宙飛行士は、科学者、パイロット、エンジニアなどのバックグラウンドを持つことが多く、高度な技術知識と身体的・精神的な能力が求められます。,45.3,19:00,88.2,2,35.5,12.5,55,1200,10.2,宇宙・航空・先端科学産業
255,陶芸家,-18000,"陶芸家という職業の起源は、粘土を焼いて器を作る陶器の製造の始まりに遡ります。世界で最も古いとされる陶器の証拠は、中国江西省の仙人洞遺跡（Xianrendong Cave）で発見されており、約18,000年前（紀元前18,000年頃）のものとされています。これは、陶芸が人類の歴史において重要な技術となり、後に専門職へと発展する基礎を築きました。",,1,,"コミュニケーションスキル,陶芸技術,デザインセンス,素材の知識","false,true,true,true",陶芸技能士,FALSE,萩焼窯元,"継続力,創造力,手先の器用さ,美的センス","true,true,true,false","芸術と創造性,粘土の性質と素材への興味,手作業と実験への興味,美学への興味","true,true,true,false",陶芸家は、粘土を使って手作業や電動ろくろを用いて器や彫刻を作成する職業です。作品の制作過程には、形を整える成形、暖炉で焼き固める焼成、色合いを加える釉薬の工程が含まれます。創造性と技術が求められる分野であり、伝統的な技巧と現代的なデザインの融合を図ることがしばしばです。,,18:00,,,,,,550,4.5,セラミックス・ガラス・土石製品製造業
256,小学校教員,1872,日本で近代的な学制が公布され、全国に小学校が設置された年。これにより、小学校教員という職業が制度として確立されました。同年には教員養成のための師範学校も設立されています。,,1,日本,"コミュニケーションスキル,教育学習指導能力,クラスルームマネジメント,児童心理学の理解,ICT活用能力","true,true,true,false,false",教員免許状（小学校）,TRUE,"文部科学省,東京都教育委員会,大阪府教育委員会","教育スキル,継続力,共感力,論理的思考力","true,false,true,false","教育と指導に対する情熱,子どもと関わることへの興味","true,true",小学校教員は、小学生に対して基礎的な教育を行う職業です。主に、算数、国語、理科、社会科などの教科を教える役割を担います。また、クラスの担任として生徒の生活面や成長をサポートし、保護者とのコミュニケーションを図ることも求められます。授業の計画、教材の準備、テストの作成・実施、成績評価などの日々の業務に加え、生徒の多様なニーズに対応しながら、社会性やコミュニケーション能力の育成を目指します。,32,19:30,15,2,31,15,45,550,4.5,教育・学習支援業
257,大学教授,1088,大学教授の職務は、ヨーロッパで最も古い大学の一つとされるボローニャ大学が1088年に設立された時点で既に存在していました。当時、専門の学者（ドクトル）が学生に講義を行い、研究を指導する役割を担っており、これが現代の大学教授の職務の起源と考えられています。,,1,,"コミュニケーションスキル,Research Skills,Teaching Skills,Curriculum Development,Grant Writing,Academic Writing","true,true,true,false,false,true","博士号（PhD）,専攻分野に関連する学歴や資格","true,false","東京大学,京都大学,大阪大学,名古屋大学","論理的思考力,コミュニケーション能力,専門知識,研究能力,教育能力,継続力","true,true,true,true,true,false","データ分析,教育への情熱,研究への探究心,学問への好奇心","false,true,true,true",大学教授は、大学や短期大学で教育と研究を担当する職業です。彼らは専門分野の講義を行い、学生の指導やカウンセリングを行うほか、国際的な学会や論文発表を通じて研究活動を推進します。また、大学や学部の運営に関わることもあります。,48.7,19:00,80.8,1.5,36.1,25.5,70.2,1050,15.3,教育・学習支援業
258,航海士,1418,ポルトガルのエンリケ航海王子がサグレスに航海術の研究機関と学校を設立し、地図製作、造船、航海術の知識を集約・発展させた時期です。これにより、航海士は専門的な訓練と知識を必要とする職業として確立され、特に長距離航海のための精密な航海計画と技術が求められるようになりました。,,1,,"船舶操縦,コミュニケーションスキル,航海計画,緊急時対応,気象の知識","true,true,true,true,false","海技免状,海上無線技士","true,false","日本郵船株式会社,商船三井,川崎汽船株式会社","海図読解力,論理的思考力,天候判断力,船舶運行管理,異文化コミュニケーション能力,安全対策知識","true,true,false,true,false,true","海洋学への関心,航海術への関心,気象学への関心,最新技術への関心,データ分析","true,true,false,false,false",航海士は、船舶の安全で効率的な航行を計画、指揮、監督する職業です。彼らは船の航路を設定し、気象情報や海図を使って最適な航行ルートを選択します。また、航行中の監視を行い、船が安全に目的地に到達するための調整を行います。航海士は通常、船長や他の船員と密接に連携し、船舶の運航業務を支援します。必要な資格や訓練を受けた専門職であり、海上での経験が求められることが多いです。,42.1,18:30,98.5,2,32.5,25.3,55.1,620,8.2,運輸・物流・倉庫業
259,ビオトープ管理士,1996,ビオトープ管理士資格制度は、公益社団法人日本生態系協会によって1996年（平成8年）に設立されました。,,1,日本,"生物多様性知識,コミュニケーションスキル,ランドスケープデザイン知識,環境法規制知識","true,true,false,false",ビオトープ管理士資格,TRUE,"株式会社プレーリードッグ,BIOTOP","論理的思考力,継続力,生態系に関する専門知識,自然保護への情熱","true,false,true,false","最新技術への関心,環境保護への関心,自然観察や生物多様性への関心","false,true,true",ビオトープ管理士は、人間と自然環境とが調和した共生環境の創出と維持を目的に、ビオトープ（生物多様性に富んだ生態系の限られた地域）を計画、設計、管理する専門家です。彼らは自然保護のための調査や、生物多様性の保全活動、そして教育活動なども行います。ビオトープ管理士は、生態学や環境学の知識を活かし、持続可能な環境を維持するための重要な役割を果たします。,42.7,18:30,70.1,1.8,32.5,10.5,55.2,480,8.2,環境・リサイクル・サステナビリティ関連業
260,理学療法士,1918,第一次世界大戦中に、負傷兵のリハビリテーションを目的として、米国で「リコンストラクション・エイド（Reconstruction Aide）」と呼ばれる専門職が創設されたことが、現代の理学療法士の専門職としての起源とされています。彼らは体系的な訓練を受け、身体機能の回復を支援しました。,,1,日本,"コミュニケーションスキル,解剖学の知識,リハビリテーション技術,倫理とプロフェッショナリズム","true,true,true,true",理学療法士免許,TRUE,"株式会社ニチイ学館,株式会社メディカル・ケア,日本福祉大学,株式会社ワタミ","論理的思考力,コミュニケーション能力,チームワーク力,問題解決能力,継続力,人間理解力","true,true,false,true,false,false","医療・健康に対する関心,最新技術への関心","true,false",理学療法士は、病気やけが、障害を持つ人々の身体機能の回復を支援する専門職です。患者個々の症状や生活環境を考慮し、リハビリテーションプランを作成・実施します。主な業務には、患者の運動能力評価、運動療法の指導、日常生活動作のサポート、患者やその家族への指導や教育が含まれます。整形外科、神経学、呼吸器科、 geriatrics (高齢者医療) において特に重要な役割を果たします。,32,19:30,85,2,31,15,45,550,4.5,医療・福祉・介護業
261,自動車組立工,1913,自動車の大量生産を可能にしたヘンリー・フォードによる可動式組立ラインがフォードのハイランドパーク工場に導入された年です。これにより、自動車の部品取り付け、ボルト締め、配線設置などを専門的に行う組立工という職種が確立され、効率的なライン作業として認識されるようになりました。,,1,,"コミュニケーションスキル,組立技術,品質管理,機械操作スキル","false,true,true,true",,FALSE,トヨタ自動車,継続力,TRUE,"機械学への興味,最新技術への関心,手先の器用さへの興味","true,false,false",自動車組立工は、自動車の製造工程において、自動車を組み立てるための作業を行う職種です。具体的な作業には、部品の取り付け、ボルト締め、配線の設置、ドアや窓の装着などが含まれます。この職種は通常、工場のライン作業として行われ、効率性と精度が求められます。自動車の品質に直接影響を与える重要な役割を担っており、手作業と機械の操作を組み合わせて作業を進めます。身体的な強さと手先の器用さが重要なスキルです。,43,17:35,95.4,2,30,7.2,60,480,12.3,自動車・輸送機器製造業
262,ネイリスト,1878,近代的なネイリストの職業は、1878年にメアリー・E・コブがニューヨーク市でアメリカ初のマニキュアサロンを開業したことに始まるとされています。これにより、爪のケアと美化が専門的な商業サービスとして確立されました。彼女は、医者であった叔父が開発したオレンジウッドスティックを元に、爪のケアを専門とする技術を提供しました。,,1,,"コミュニケーションスキル,ネイルアート技術,衛生管理知識,ネイルケアの知識","true,true,true,true",ネイリスト技能検定,FALSE,"ネイルクイック,ネイルサロン マジックティンク","創造力,継続力,美的センス,コミュニケーション能力","true,false,true,false","ファッションや美容への興味,手先の器用さに対する興味,最新技術への関心","true,true,false",ネイリストは、手や足の爪を美しく整えるプロフェッショナルです。一般的な業務には、爪の切りそろえ、ネイルアート、ジェルネイルの施術、マニキュアやペディキュアの提供が含まれます。また、衛生管理や顧客のニーズに応じた提案力も求められます。ネイリストは美容サロン、スパ、または独立して働くことが多いです。,32,19:30,15,2,31,15,45,550,4.5,家事・個人サービス業（家政・美容・清掃など）
263,DTPオペレーター,1985,DTPオペレーターという職業は、デスクトップパブリッシング（DTP）技術の誕生と共に始まりました。1985年にApple MacintoshがAldus PageMakerソフトウェアとApple LaserWriterプリンターと組み合わされることで、個人や小規模企業がプロフェッショナルな印刷物を自社で制作できるようになり、この新しいシステムを操作する専門職が生まれたとされています。特にAldus PageMakerの登場は、それまで専門的な印刷工場でしかできなかった複雑なレイアウト作業を、デスクトップ上で行えるようにした画期的な出来事であり、DTPオペレーターという職種が確立されるきっかけとなりました。,,1,,"コミュニケーションスキル,DTPソフトウェアの知識,デザインの基本知識,印刷工程の理解","true,true,false,false",DTPエキスパート認証,FALSE,"大日本印刷,凸版印刷,共同印刷","論理的思考力,デザインセンス,DTPソフトウェアの専門知識,タイムマネジメント,注意力","false,false,true,false,true","最新技術への関心,デザインソフトウェアの興味","false,true",DTPオペレーター（Desktop Publishing Operator）は、デジタルデスクトップパブリッシング技術を用いて印刷物のレイアウトやデザインを行う職業です。主に、コンピュータソフトウェアを使用して出版物や印刷物の作成、編集、デザインを行います。具体的な業務には、広告、雑誌、新聞、カタログ、ポスターなどの制作が含まれます。クライアントの要求に応じたデザインの調整や、色やフォントの選定、画像の加工なども行います。印刷所や広告代理店、出版会社などで働くことが多く、グラフィックデザインの知識やソフトウェアスキルが求められます。,,18:00,,,,,,450,5.23,広告・出版・マスコミ・エンタメ業
264,セールスエンジニア,1913,"セールスエンジニアという職種が正式に認識されていたことを示す重要な証拠として、1913年にアメリカセールスエンジニア協会（American Society of Sales Engineers, ASSE）が設立されたことが挙げられます。この協会の設立は、当時すでにこの職種が確立され、専門職として認知されていたことを強く示唆しています。",,1,,"コミュニケーションスキル,技術知識,SQL","true,true,false","基本情報技術者試験,セールスエンジニアの専門資格","false,false","Microsoft,富士通,日立製作所,ソフトバンク","論理的思考力,継続力,コミュニケーション能力,技術的知識,顧客ニーズの理解","true,false,true,true,true","最新技術への関心,データ分析,顧客サポートへの興味","true,false,true",セールスエンジニアは、技術的な知識と営業のスキルを組み合わせた職種です。製品やサービスに関する専門的な知識を持っており、それを活用して顧客の要望を理解し、最適なソリューションを提供します。主な業務には、クライアントとの技術的な打ち合わせ、製品のデモンストレーション、技術的な疑問に対するサポート、提案書の作成などがあります。また、営業チームと緊密に連携し、特定の顧客のニーズに応じたカスタマイズや提案を行います。,32,19:30,85,2,31,15,45,550,4.5,情報通信業（IT・ソフトウェア・通信）
265,バイオ技術者,1976,現代のバイオ技術者という専門職は、組換えDNA技術の確立と、それを応用した製品開発を目的とするバイオテクノロジー企業の設立によって本格的に始まりました。特に、1976年に設立された世界初のバイオテクノロジー企業の一つであるジェネンテック社は、この新しい分野での専門職の誕生を象徴しています。,,1,,"分子生物学,バイオインフォマティクス,遺伝子操作技術,細胞培養,コミュニケーションスキル","true,false,true,true,false","バイオ技術認定試験,分子生物学技術資格,バイオセーフティ認定資格","false,false,false","武田薬品工業,アステラス製薬,第一三共","論理的思考力,生物学の知識,研究開発能力,実験デザイン能力","true,true,false,false","最新技術への関心,生物学への関心,データ分析,環境問題への関心","true,true,false,false",バイオ技術者は、生物学的プロセスを利用して新しい製品や技術を開発する専門家です。彼らは通常、研究所で働き、医薬品、農業、食品科学、環境保護などの分野で応用される技術の開発や改良に携わります。実験を設計し、データを分析し、研究の成果を実用化につなげる役割を果たします。,34,18:30,70,2,31,12,45,550,4.5,化学工業（医薬品・化粧品含む）
266,管理美容師,1960,管理美容師の制度は、美容師法の改正により1960年（昭和35年）に導入されました。これは、一定数以上の美容師が勤務する美容所において、衛生管理や業務の監督を行う責任者として管理美容師の配置を義務付けるものでした。,,1,日本,"コミュニケーションスキル,美容技術,経営スキル,在庫管理,スタッフ教育,マーケティング","true,true,true,false,false,false","美容師免許,管理美容師資格","true,false","アジュバンコスメジャパン,資生堂,コーセー,花王,資生堂","継続力,美容技術,接客スキル,マネジメントスキル,美容トレンドの知識,論理的思考力,コミュニケーション能力","true,true,true,true,false,false,false","最新技術への関心,美容トレンドへの興味","false,true",管理美容師は、美容室やヘアサロンにおいて、スタッフの管理やサロンの経営、サービス提供の品質を保障する役割を担います。顧客への施術だけでなく、スタッフのシフト管理、教育、仕入れや在庫管理など、多岐にわたる業務があります。管理職としてのスキルや美容業界の知識が求められます。,32,19:30,85,2,31,15,45,550,4.5,家事・個人サービス業（家政・美容・清掃など）
267,リフォーマー,1517,「リフォーマー（改革者）」という言葉と、組織や制度の改善・改革を主導する役割が歴史上最も明確かつ大規模に現れたのは、マルティン・ルターが「95ヶ条の論題」を提示したとされる1517年に始まったプロテスタントの宗教改革です。ルターを始めとする改革者たちは、当時の最も強大な組織であったカトリック教会とその制度（神学、慣行、権力構造）の抜本的な改革を生涯の任務としました。彼らは既存のシステムの分析、新しい教義や組織構造の戦略的策定、そして改革に伴う多大なリスクの評価と対処に従事し、その行動は広範な公共政策（当時の教会の規範）の変革と、新たな組織（プロテスタント教会）の創設につながりました。これは、組織や制度の改善・改革を主な職務とする役割の、最も初期でかつ世界的に影響を与えた事例の一つです。,,1,,"コミュニケーションスキル,Python,問題解決能力,プロジェクト管理","true,false,true,false",美容師免許,TRUE,株式会社サンドヴィック,"論理的思考力,継続力,創造力,身体の柔軟性と強さ","true,false,true,true","最新技術への関心,データ分析,UX/UIデザインへの関心","true,false,true",リフォーマーは、組織や制度の改善・改革を主に担当する職業です。具体的には、公共政策の分析、戦略の策定、実施に伴うリスクの評価や解消に取り組みます。政府機関、非営利団体、企業などで働くことが多く、社会的な課題を解決することで組織や地域の持続的な発展を目指します。コミュニケーション能力、分析力、戦略的思考が求められる職業です。,37.2,19:15,88.5,2,32.8,22.5,55.3,750,6.1,法律・会計・コンサルティング業
268,ルポライター,1902,ルポライターの活動内容は、事件や社会問題について現地に赴き、取材を行って記事を書く、ジャーナリズムの中でも特に調査報道や現場主義を重視するものです。この種の専門的なジャーナリズムが確立された時期として、20世紀初頭のアメリカにおける「マックレーカー」（Muckrakers）運動が挙げられます。特に1902年頃から、アイダ・ターベルによる「スタンダード・オイル社の歴史」やリンカーン・ステフェンズによる「都市の恥辱」などの代表作が発表され、企業や社会の不正を徹底的に調査し、その実態を暴く報道が盛んになりました。これらのジャーナリストは、まさにルポライターが担う役割の先駆者であり、その活動が職業としてのルポライターの存在を明確にしました。,,1,,"コミュニケーションスキル,ライティングスキル,調査能力,クリティカルシンキング,ストーリーテリング","true,true,true,true,false",新聞記者資格,FALSE,"文藝春秋社,光文社,日経BP","継続力,文章力,調査スキル,コミュニケーション能力,好奇心","true,true,true,false,false","調査ジャーナリズムへの興味,データ分析,人とのコミュニケーション","true,false,true",ルポライターとは、事件や社会問題、文化やライフスタイルなど、現実に起きている出来事について現地に赴き、取材を行って記事を書くジャーナリストの一種です。彼らは通常、新聞、雑誌、またはオンラインメディアに記事を寄稿します。現場の情報を読者に伝えるため、正確な情報収集とインタビュー能力が求められます。緊迫した現場や危険な状況での取材が必要な場合もあり、高い危機管理能力と倫理観が求められます。,45.3,18:45,78.2,1.8,33.5,22.1,55.7,620,7.8,広告・出版・マスコミ・エンタメ業
269,貴金属宝石細工工,2500,メソポタミアのウル王墓（紀元前2500年頃）から出土した豪華な装飾品は、金や銀といった貴金属と、ラピスラズリやカーネリアンといった宝石が高度な技術で組み合わされて製作されており、この時代にはすでに貴金属と宝石を専門に扱う熟練した職人が存在していたことを示しています。これは、貴金属宝石細工工という職業が成立していた最も古い明確な証拠の一つとされています。,,1,,"コミュニケーションスキル,手先の器用さ,デザインのセンス,貴金属および宝石に関する知識,石のカット技術,金属加工技術,品質管理能力","true,true,true,true,false,true,false","ジュエリーコーディネーター資格,宝石鑑定士資格","false,false","田崎真珠,ミキモト,スタージュエリー","継続力,手先の器用さ,美的感覚,論理的思考力","true,true,false,false","創造的デザイン,最新技術への関心,データ分析","true,false,false",貴金属宝石細工工は、金、銀、プラチナなどの貴金属やダイヤモンド、ルビー、サファイアといった宝石を用いてジュエリーや装飾品を製作します。この職業では、デザインの考案から材料の選定、加工、組み立てまで多岐にわたる工程を担当します。高度な技術と繊細な手作業が要求され、美術的な感性と職人的なスキルが重要です。また、顧客の要望に応じたオーダーメイドの製品を提供することもあります。,44.6,18:00,67.1,2,32.1,7.3,43.7,376,6.2,鉄鋼・金属製品製造業
270,理容師,-5000,理容師の職業は、古代エジプトにおいて紀元前5000年頃には存在していたとする考古学的証拠や歴史的記録が多数存在します。当時の壁画や遺跡から、ファラオや高位の司祭のために髪や髭の手入れを行う専門職がいたことが示されています。彼らは単に髪を切るだけでなく、宗教的な儀式の一環として剃毛を行ったり、衛生的な役割も担っていたと考えられています。この時期は、理容師が単なる日々の行為を超え、専門的な技能と社会的役割を持った職業として確立された最古の記録とされています。,,1,日本,"コミュニケーションスキル,ヘアカットスキル,カラーリング技術,パーマスタイル技術","true,true,false,false",美容師免許,TRUE,"TONI&GUY,資生堂サロン・アンド・スパ,アデランス","継続力,手先の器用さ,コミュニケーション能力,美的センス","false,true,false,false","美容への興味,人とのコミュニケーション,最新技術への関心","true,true,false",理容師は、男性の髪や髭の手入れを専門とする職業であり、カット、シャンプー、シェービングなどのサービスを提供します。日本では多くの場合、理髪店で働いています。理容師は顧客の希望に応じて髪型を提案し、顔や頭の形に合ったスタイルを提供します。また、衛生管理も重要で、道具の消毒や作業スペースの清潔さを維持することが求められます。理容師になるためには、専門的な訓練を受け、国家資格の取得が必要です。,32,19:30,85,2,31,15,45,350,4.5,家事・個人サービス業（家政・美容・清掃など）
271,グリーンアドバイザー,1989,「グリーンアドバイザー」という名称と専門資格は、公益社団法人日本家庭園芸普及協会（旧: 社団法人日本家庭園芸普及協会）が1989年に創設しました。これにより、庭園、パーク、屋外空間の緑化や美化に関する専門知識とアドバイスを提供する専門職が体系的に確立されました。,,1,日本,"コミュニケーションスキル,環境サステナビリティ知識,環境法と規制の知識,プロジェクト管理スキル,SQL,Python","true,true,true,false,false,false",グリーンアドバイザー資格,TRUE,"三井物産株式会社,住友商事株式会社","論理的思考力,環境問題への理解,継続力,コミュニケーション能力","true,true,false,true","環境保護に対する興味,最新技術への関心,持続可能性への関心","true,false,true",グリーンアドバイザーは、庭園、パーク、屋外空間の緑化や美化に関する専門的な知識とアドバイスを提供する職業です。彼らは植物の選定、植栽計画、環境に優しいガーデニング技術などに関する提案を行い、持続可能な景観設計を促進します。また、地域に適した植生の選定や土壌の改良、植栽のメンテナンス方法に関するアドバイスなども行います。,38.4,18:54,75.8,2,31.5,21.2,55.3,520,6.1,環境・リサイクル・サステナビリティ関連業
272,チューニングエンジニア,1950,プロのモータースポーツの発展（F1世界選手権の開始など）と、第二次世界大戦後の自動車産業およびアフターマーケットでの高性能部品の需要増加が、車両性能最適化に特化した専門職の出現を促しました。この時期から、レースチームや専門ショップにおいて、エンジン、サスペンション、排気システムなどを体系的に調整し、性能向上を図る「チューニングエンジニア」としての役割が明確に確立され始めました。初期には「エンジンビルダー」や「パフォーマンススペシャリスト」などと呼ばれていましたが、その専門性と体系的なアプローチは現代のチューニングエンジニアの基礎を築きました。,,1,,"コミュニケーションスキル,SQL,Python,診断ツールの使用スキル,パフォーマンス最適化技術,システムアーキテクチャの理解","true,true,false,true,true,false",基本情報技術者試験,FALSE,"トヨタ自動車,本田技研工業,日産自動車","論理的思考力,継続力,専門的な技術知識,トラブルシューティング能力,最新技術への興味","true,false,true,false,false","データ分析,メカニカルなシステムへの関心,最新技術への関心","true,true,false",チューニングエンジニアは、自動車やオートバイのエンジンやサスペンション、排気システムなどを最適化して性能を向上させる専門家です。彼らはお客様のニーズや希望に応じて、車両の設定を調整し、エンジンの出力や燃費効率を高めます。主に自動車関連の業界で働き、スポーツカーやレースカーのパフォーマンスを向上させるためのカスタマイズを行います。,32,19:30,85,2,31,15,45,550,4.5,自動車・輸送機器製造業
273,経営コンサルタント,1886,世界初の経営コンサルティングファームの一つとされるArthur D. Little Inc.が設立された年です。同社は当初、技術研究を専門としていましたが、その後、企業経営や組織に関するコンサルティングサービスを提供するようになり、現代の経営コンサルタント業の基礎を築きました。,,1,,"SQL,コミュニケーションスキル,分析能力,ビジネス戦略の知識,問題解決能力,プロジェクト管理能力","false,true,true,true,true,false","MBA,基本情報技術者試験","false,false","株式会社野村総合研究所,株式会社日立製作所,PwC Japan,デロイトトーマツコンサルティング株式会社","論理的思考力,継続力,コミュニケーション能力,問題解決能力,分析力","true,false,true,true,false","データ分析,最新技術への関心,ビジネス知識,クリティカルシンキング","true,false,true,true",経営コンサルタントは、企業や組織が抱える課題を分析し、解決策を提案する専門職です。経営戦略の立案、業務プロセスの改善、コスト削減、新規事業の開発など、幅広い分野でクライアントを支援します。専門的な知識や分析力が求められるほか、クライアントとのコミュニケーション能力や提案力も重要です。様々な業種に対応できるため、多様な経験を積むことが可能です。,32,19:30,85,2,31,15,45,550,4.5,法律・会計・コンサルティング業
274,パティシエ,1566,フランスで菓子職人のギルド（Corporation des Pâtissiers）が設立され、パン職人から独立した専門職として正式に認められた年であるためです。これにより、菓子作りが独自の技術と専門性を持つ職業として確立されました。,,1,,"コミュニケーションスキル,ケーキのデコレーション技術,衛生管理知識,レシピ開発能力,時間管理能力","true,true,true,false,false","製菓衛生師,フランス国家資格CAP（Certificat d'Aptitude Professionnelle）","true,false","株式会社フォション,株式会社ノリエット,株式会社Toshi Yoroizuka","継続力,創造性,味覚の鋭敏さ,論理的思考力,美的センス","true,true,true,false,false","料理やお菓子作りに対する情熱,最新技術への関心,芸術的センス","true,false,false",パティシエは、菓子やデザートを専門に作る調理専門職です。主にケーキ、クッキー、チョコレート、タルトなどの製菓製品を開発し、製作します。また、新しいレシピの開発や、食材の選定、デザインを担当することもあります。飲食店、ホテル、ベーカリー、専門店などで働くことが多く、イベントや特別な注文に応じて特別なデザートを提供することもあります。視覚的な美しさと味覚的な満足を提供するために、技術と創造性が求められます。,,18:00,,,,,,450,4.5,飲食・フードサービス業
275,弁護士,450,古代ローマの十二表法が制定された紀元前450年頃には、訴訟を助けるための「弁護人」の概念が既に存在していました。彼らは現代の弁護士とは異なり、報酬を得てはいませんでしたが、他者のために法的助言を提供し、法廷で弁論を行う役割を担っていました。これが専門職としての弁護士の原形とされています。,,1,日本,"コミュニケーションスキル,法律知識,分析力","true,true,false","司法試験合格,実務修習修了","true,true","西村あさひ法律事務所,長島・大野・常松法律事務所,アンダーソン・毛利・友常法律事務所","論理的思考力,交渉力,法的知識,倫理観,コミュニケーション能力,継続力","true,true,true,true,false,false","データ分析,法律への興味,倫理と正義感","false,true,true",弁護士は、法的問題に関する専門知識を持ち、法律相談や裁判での代理、契約書の作成・確認、法的紛争の解決などを行う専門職です。,32,19:30,85,2,31,15,45,550,4.5,法律・会計・コンサルティング業
276,美容師,1905,顧客の髪をカット、スタイリングするだけでなく、パーマやカラーリングといった化学的処理を施す現代の美容師の原型が確立されたのは、20世紀初頭です。特に1905年にドイツのシャルル・ネスラーがパーマネントウェーブの機械を発明し、その後技術が普及したことで、美容師が提供できるサービスの範囲が大きく広がり、現在の専門性の高い職業としての美容師が確立されました。この時期から、単なる結髪や調髪を超えた、多様な技術と美的センスが求められる専門職としての美容師の存在が明確になりました。,,1,日本,"コミュニケーションスキル,ヘアカット技術,カラーリング技術,スタイリング技術,最新のトレンド知識","true,true,false,false,false",美容師国家試験,TRUE,"TAYA,PEEK-A-BOO,EARTH","継続力,クリエイティビティ,コミュニケーション能力,サービス精神,手先の器用さ","false,true,true,false,true","ファッションと美容への興味,最新技術への関心,データ分析","true,false,false",美容師は、主に顧客の髪をカット、スタイリング、カラーリングする専門家です。美容師は髪型の提案や美容に関する相談なども行い、顧客の希望に合わせたヘアスタイルを提供します。また、トリートメントやシャンプー、パーマなどの技術も必要とされることが多く、美容に関する最新のトレンドや技術を常に学ぶことが重要です。,32,19:30,15,2,31,15,45,300,4.5,家事・個人サービス業（家政・美容・清掃など）
277,家具職人,-3000,古代エジプトにおいて、紀元前3000年頃には木製の家具が作られ始め、高度な技術を持つ職人たちが王侯貴族のために精巧な家具を制作していた記録が残っているため、この頃には専門的な家具職人が存在していたと考えられます。,,1,,"木工技術,コミュニケーションスキル,デザインセンス,家具の組み立てスキル,安全管理知識","true,false,true,true,false","木工技能士,建築大工技能士,インテリアコーディネーター検定","false,false,false","カリモク家具,飛騨産業株式会社,天童木工","継続力,手先の器用さ,デザインセンス,細部に注意を払う能力","true,true,false,false","最新技術への関心,データ分析,木材や素材への興味,デザインへの興味","false,false,true,true",家具職人は、木材や金属、布などを用いて家具を制作する職業です。家具職人は、設計図に基づいて材料を切断、成形、組み立てを行い、美しくて機能的な家具を作り出すことを目指します。また、仕上げや装飾も行い、顧客の要望に応えたオーダーメイド家具の制作も行います。創造力と技術力が問われる職種です。,41,18:00,90.5,1.5,31,20,45.8,450,15.5,木材・紙・印刷業
278,栄養士,1947,1947年に「栄養士法」が制定され、栄養士が法的に定められた専門職として確立されました。これにより、栄養士という職種が正式に定義され、その役割と資格要件が明確になりました。,,1,日本,"コミュニケーションスキル,栄養学の知識,食事計画と管理,分析スキル","true,true,true,false","栄養士免許,管理栄養士免許","true,false",日清食品株式会社,"論理的思考力,栄養に関する専門知識","false,true","食品と栄養に対する興味,データ分析","true,false",栄養士は、個人または集団に対して健康的な食事を促進し、健康維持や病気予防のサポートを行う専門職です。食品の選択や調理方法を指導し、特定の健康状態や栄養ニーズに基づいて栄養計画を立てます。学校、病院、福祉施設、企業等、さまざまな場所で活躍しています。,32,19:30,85,2,31,15,45,550,4.5,医療・福祉・介護業
279,写真・映像処理オペレーター,1995,Adobe Photoshop（1990年リリース）とAdobe Premiere（1991年リリース）といった主要なデジタル画像・映像編集ソフトウェアが普及し始め、1990年代半ばにはその機能が成熟し、実用的なツールとして確立されました。この時期、デスクトップコンピューターの処理能力が向上し、デジタルコンテンツ制作の需要がインターネットの普及とともに高まったことで、写真と映像の両方をデジタルで編集・加工する専門職としての「写真・映像処理オペレーター」が明確に認識され始めました。これにより、従来のフィルムやアナログテープによる作業からデジタルワークフローへの本格的な移行が始まりました。,,1,,"コミュニケーションスキル,画像編集ソフトウェアのスキル,映像編集ソフトウェアのスキル,写真撮影技術,色調整技術","true,true,true,false,false","Photoshop認定エキスパート資格,Adobe Premiere Pro認定資格","false,false","キヤノン,ソニー,ニコン,富士フイルム,パナソニック","論理的思考力,クリエイティブセンス,技術的なスキル,ソフトウェアの習熟度","false,true,true,true","最新技術への関心,データ分析","true,false",写真・映像処理オペレーターは、主に写真や映像の編集・加工を行う職種です。これには、画像の色調整、トリミング、レタッチ、映像のカット編集やエフェクトの追加などが含まれます。デジタルコンテンツを制作する企業や広告代理店、撮影スタジオなどで働くことが多く、Adobe PhotoshopやAdobe Premiere Pro、Final Cut Proなどのソフトウェアを使用するスキルが求められます。クリエイティブなセンスと技術力を兼ね備えた職業です。,32,19:30,85,2,31,15,45,550,4.5,デザイン・アート・クリエイティブ業
280,検察事務官,1947,1947年に施行された検察庁法により、検察庁の職員として「検察事務官」の職位が明確に定められました。これにより、検察官の補佐業務を行う専門職としての「検察事務官」が法的に確立されました。,,1,日本,"コミュニケーションスキル,法的知識,オフィスソフトウェア操作,SQL","true,true,false,false","基本情報技術者試験,法学検定試験","false,false","法務省,東京地方検察庁,大阪地方検察庁","論理的思考力,継続力,法律知識,コミュニケーション能力,注意力","true,false,true,true,true","法的システムへの興味,データ分析","true,false",検察事務官は、検察庁において検察官の補佐業務を行う職員です。主な業務は、訴訟に関する書類作成や管理、証拠の整理、関係者への連絡及び調整、裁判所への書類提出などです。また、事件の捜査や立証のサポートも行い、法務省や他の司法機関との連携を図ります。司法試験合格者ではあるが、検察官任官を希望しない場合や検察事務を主にしたい場合に選ばれる職種です。,32,19:30,85,2,31,15,45,550,4.5,官公庁・行政・自治体
281,NC研削盤工,1965,数値制御（NC）技術は1950年代初頭に開発され、当初はフライス盤に応用されました。その後、NC技術は汎用的な工作機械へと拡大し、1960年代半ばまでには研削盤にも適用されるようになりました。これにより、NC研削盤を操作し、プログラムに基づいて高精度な研削加工を行う専門職として「NC研削盤工」が登場しました。1965年頃には、NC研削盤が産業界で導入され始め、その操作を専門とする職業が確立されたと考えられます。,,1,,"コミュニケーションスキル,機械操作スキル,精密測定能力,問題解決能力","false,true,true,true","研削盤技能士,職業訓練指導員免許","false,false","日立精機,アマダホールディングス,マザック","論理的思考力,継続力,機械操作能力,精密測定技術,安全管理意識","true,true,true,false,true","最新技術への関心,機械操作への興味","false,true",NC研削盤工は、数値制御（NC: Numerical Control）技術を用いて研削盤を操作する職業です。研削盤は主に金属やその他の素材を非常に高い精度で削るための設備であり、機械部品や工具を製造する際に重要な役割を果たします。NC研削盤工は、プログラムによって機械の操作を制御し、指定された寸法や形状に仕上げるために、生産計画や仕様書に基づいて研削プロセスを遂行します。また、機械のメンテナンスやトラブルシューティングを行うことも必要です。高い技術力と精度が求められる作業であり、安全に配慮しながら効率よく作業を進めることが重要です。,42,17:30,96.3,2,31,10,55.4,470,12.3,機械製造業
282,画家,-35000,画家の起源は、人類が絵画を制作し始めた旧石器時代に遡ります。スペインのアルタミラ洞窟やフランスのショーベ洞窟などで発見された洞窟壁画は、約3万5千年前から存在しており、これは当時の人類が高度な視覚表現を行っていたことを示しています。これらの絵画を制作した人々は、現代的な意味での「職業」画家ではなかったかもしれませんが、専門的な技能を持つ「絵を描く者」として存在していたと考えられます。この年代は、アルタミラ洞窟の壁画が制作された最古の時期とされています。,,1,,"コミュニケーションスキル,色彩感覚,絵画技術,創造力","false,true,true,true","芸術学士,色彩検定","false,false","チームラボ,アートフロントギャラリー","継続力,創造力,色彩感覚,美的感覚,論理的思考力","true,true,false,false,false","最新技術への関心,芸術への興味","false,true",画家は、視覚芸術の分野で活動し、絵画を制作する職業です。様々なスタイルや技法を駆使し、キャンバスや紙、壁画などあらゆる表面に絵を描きます。画家は通常、自分の個性やメッセージを作品に込め、展覧会やギャラリーで作品を展示・販売します。また、美術教師や挿絵画家としても活動することがあります。,,18:00,,,,,,550,4.5,デザイン・アート・クリエイティブ業
283,エクステリアデザイナー,1863,「エクステリアデザイナー」という特定の職種名がいつから使われ始めたかという明確な記録は見当たりませんが、その職務内容である建物の外装や庭園、外構部分を総合的にデザインする専門職のルーツは、ランドスケープアーキテクチャー（造園建築）の専門職化に深く関係しています。フレデリック・ロー・オルムステッドとカルバート・ヴォーが1863年に自らの事務所名を「ランドスケープアーキテクツ」としたことが、この分野の専門職としての明確な始まりとされています。彼らはニューヨークのセントラルパーク（1857年着工）をはじめとする大規模な公園や都市計画を手がけ、景観と機能性を統合したデザインの重要性を確立しました。エクステリアデザイナーの役割は、このランドスケープアーキテクチャーの系譜の中で発展し、より建築物に近い外構や住環境のデザインに特化した形として確立されたと考えられます。,,1,,"コミュニケーションスキル,CADソフトの操作スキル,造園の知識,色彩感覚,プロジェクト管理能力","true,true,false,false,false","エクステリアプランナー資格,造園施工管理技士","false,false","LIXIL,三共アルミ,三協立山","継続力,論理的思考力,創造力,視覚デザインセンス,コミュニケーション能力","true,true,true,true,false","最新技術への関心,空間デザインの興味,植栽や庭園設計の興味","false,true,false",エクステリアデザイナーは、建物の外装や庭園、外構部分のデザインを専門とする職種です。住宅や商業施設のエクステリアの設計・提案を行い、美観や機能性を高める役割を担います。クライアントの要望を基に、景観や使用する素材、照明等を考慮してプランニングを行い、外観全体の統一感を持たせることを目指します。,32,19:30,85,2,31,15,45,550,4.5,建設・土木業
284,メイクアップアーティスト,1914,Max Factorがハリウッドで自身のメイクアップスタジオを開設し、特に映画産業向けのメイクアップ製品と技術を開発し始めた年。これにより、映画俳優のための専門的なメイクアップの必要性が高まり、メイクアップアーティストという職業の現代的な基礎が築かれました。,,1,,"メイク技術,コミュニケーションスキル,色彩センス,美容製品知識","true,true,false,false","メイクアップ関連の民間資格,美容師免許","false,false","資生堂,コーセー,カネボウ,マックスファクター","継続力,芸術的センス,色彩感覚,コミュニケーション能力","false,true,true,false","最新技術への関心,美的センスと美の表現に対する興味","false,true",メイクアップアーティストは、顧客の要求に合わせてメイクを施す専門家です。映画、テレビ、劇場、ファッションショー、ブライダル、特別イベントなど、さまざまな状況で活動します。顔の特徴を引き立てるための技術と、トレンドに応じたスタイルや色彩を提案するセンスが求められます。また、化粧品や美容に関する豊富な知識を持ち、特定のテーマやキャラクターに合わせたメイクをデザインすることもあります。,,18:00,,,,,,400,5.2,家事・個人サービス業（家政・美容・清掃など）
285,WEBビデオディレクター,2008,WEBビデオディレクターは、ウェブプラットフォームに特化したビデオコンテンツの企画、制作、編集を行う職種です。この職種が確立されたのは、YouTubeの登場（2005年）によってウェブビデオコンテンツが爆発的に普及し、ブロードバンドの普及とともにウェブ動画のプロフェッショナル化が進んだ2000年代後半と考えられます。特に2008年頃には、ウェブ専用のオリジナルコンテンツ制作や、ブランドのオンライン動画マーケティングが活発化し、従来のテレビや映画のビデオディレクターとは異なる、ウェブプラットフォームの特性と視聴者のニーズを理解した専門のディレクターの必要性が顕著になりました。,,1,,"コミュニケーションスキル,ビデオ編集ソフトウェアの知識,プロジェクト管理能力,ウェブビデオのトレンド理解,クリエイティブな思考","true,true,true,false,false","基本情報技術者試験,オンラインメディア制作関連資格","false,false","AOI Pro.,東北新社,TYO Inc.","論理的思考力,継続力,クリエイティブな発想力,コミュニケーション能力,技術的な知識","false,true,true,true,true","最新技術への関心,クリエイティブ思考,ビジュアルストーリーテリングへの関心","false,true,true",WEBビデオディレクターは、ウェブプラットフォーム用のビデオコンテンツの企画、制作、編集を担当する職業です。彼らはビデオ制作プロジェクトの全体的なビジョンを設定し、撮影や編集の管理、クリエイティブな発案、制作スケジュールの管理、チームとの調整を行います。また、視聴者のニーズやプラットフォームの特性に応じたコンテンツを制作する能力が求められます。マーケティングチームやクライアントと密接に協力して、ビデオが目的を達成するよう手助けする役割も果たします。,35,19:00,70,1.5,30,20,50,600,5,広告・出版・マスコミ・エンタメ業
286,インテリアプランナー,1905,アメリカのエルシー・デ・ウルフが、世界で初めてインテリアデコレーターとして事業を立ち上げた年であると広く認識されています。これにより、インテリア空間の設計・デザインが独立した専門職として確立されました。,,1,,"コミュニケーションスキル,空間デザイン,インテリアスタイルの知識,プロジェクト管理能力,顧客ニーズの分析力","true,true,true,false,false","インテリアプランナー資格,インテリアコーディネーター資格","true,false","IKEA,ニトリ,カリモク家具","論理的思考力,継続力,創造力,コミュニケーション能力,デザインセンス,空間認識力","true,false,true,true,true,false","空間デザイン,コミュニケーションスキル,顧客のニーズを理解する能力,トレンドの理解,最新技術への関心","true,true,true,false,false",インテリアプランナーは、建物の内部空間を利用者のニーズや好みに応じて設計・デザインする職業です。彼らはレイアウトプラン、色彩計画、生地や家具の選定、照明計画などを担当します。また、クライアントと密にコミュニケーションを取りながら、予算や機能性を考慮しつつ、美しく快適な空間を創造することを目指します。建築やインテリアに関する専門知識とデザインセンスが求められる職業です。,38,18:45,30.5,1.9,31.2,12.5,45.3,480,5.2,デザイン・アート・クリエイティブ業
287,ゲームプログラマー,1972,1972年にAtariがリリースした商業的に成功したビデオゲーム『Pong』の開発者であるアラン・アルコーンは、現在のゲームプログラマーの役割（ビデオゲームのソフトウェアプログラムの設計、構築、テスト、保守）を実質的に果たした最初の人物の一人と言えます。この時期から、ゲーム開発は専門職として確立され始めました。,,1,,"Python,SQL,コミュニケーションスキル,C++,ゲームエンジンの理解（例：Unreal Engine, Unity）,グラフィックスプログラミングスキル","false,false,true,true,true,false",基本情報技術者試験,FALSE,"Microsoft,任天堂,スクウェア・エニックス","論理的思考力,継続力,プログラミングスキル,コミュニケーション能力,クリエイティブな発想力","true,false,true,false,false","最新技術への関心,ゲームデザインへの興味,データ分析","true,false,false",ゲームプログラマーは、ビデオゲームの開発においてソフトウェアプログラムを設計、構築、テスト、および維持する専門家です。彼らは通常、ゲームの物理エンジン、AI（人工知能）、ネットワーク機能、グラフィカルインターフェースの開発を担当します。必要なスキルには、C++やUnity、Unreal Engineなどのプログラミング言語やプラットフォームの知識があります。,,18:00,,,,,,500,4.5,情報通信業（IT・ソフトウェア・通信）
288,アートディレクター,1920,アートディレクターという職種は、特に広告業界と雑誌業界でその役割が確立されました。1920年には、アメリカでArt Directors Club（ADC）が設立され、これは商業美術の地位向上と、アートディレクターという職種の専門化・標準化を目的としていました。この組織の設立は、アートディレクターが単なる美術制作者ではなく、視覚的コミュニケーションのコンセプト立案と統括を行う専門職として認識され始めたことを示しています。,,1,,"コミュニケーションスキル,クリエイティブディレクション,ビジュアルデザイン,プロジェクト管理","true,true,true,false",基本情報技術者試験,FALSE,"電通,博報堂,ADK","論理的思考力,継続力,創造力,コミュニケーション能力,リーダーシップ,美的センス","false,false,true,true,false,true","最新技術への関心,美的センス","false,true",アートディレクターは、映画、テレビ、広告、雑誌、ウェブサイト、その他のメディアプロジェクトの視覚的スタイルとイメージを開発および監督する責任を持つ職業です。彼らはデザインコンセプトを策定し、プロジェクトの視覚的要素が対象とする観客に最適に伝わるように努めます。通常、デザイナーやイラストレーター、写真家などのチームを指導し、プロジェクトの統一感と美的品質を保つ役割を担います。,32,19:30,85,2,31,15,45,550,4.5,広告・出版・マスコミ・エンタメ業
289,WEBテクニカルディレクター,1998,ワールドワイドウェブが商用利用で普及し始めたのは1990年代中盤ですが、大規模で複雑なウェブプロジェクトが増加し、専門的な技術戦略の立案や開発チームの統括が必要とされたのは、特にドットコムバブル期の1990年代後半からです。この時期、企業はオンラインプレゼンスに莫大な投資を行い、単なるウェブサイトの作成を超えた戦略的な技術的リーダーシップを求めるようになり、「WEBテクニカルディレクター」のような役職が明確に確立されました。1998年は、このトレンドが顕著になった時期と言えます。,,1,,"Python,SQL,コミュニケーションスキル,プロジェクトマネジメント,ウェブデザイン,クラウドサービス（AWS, GCP, etc.）,HTML/CSS/JavaScript,SEOの知識","false,false,true,true,false,true,true,false",基本情報技術者試験,FALSE,"楽天株式会社,サイバーエージェント,株式会社ディー・エヌ・エー（DeNA）,株式会社ミクシィ,Google,Microsoft,ヤフー株式会社","論理的思考力,技術的知識,コミュニケーション能力,継続力,プロジェクトマネジメントスキル,クリエイティブ思考","true,true,true,false,false,false","最新技術への関心,データ分析","true,true",WEBテクニカルディレクターは、主に企業やプロジェクトのインターネット上でのプレゼンスを強化し、技術的な戦略を立案し、プロジェクトの成功に寄与する役職です。彼らは、WEB開発チームをリードし、最新の技術を駆使して高品質のウェブサイトやオンラインプラットフォームを構築します。また、クライアントの要求を理解し、技術仕様に落とし込み、デザイナーやデベロッパーとの連携を図ります。テクノロジーのトレンドに敏感であり、革新的なソリューションを提供するための技術的指導も行います。,,18:00,,,,,,700,5.5,情報通信業（IT・ソフトウェア・通信）
290,インテリアコーディネーター,1983,日本のインテリア産業協会が「インテリアコーディネーター資格制度」を設立し、専門職として正式に認知された年であるためです。,,1,日本,"コミュニケーションスキル,デザインセンス,空間デザインの知識,インテリアトレンドの知識","true,true,false,false",インテリアコーディネーター資格試験,FALSE,"カリモク家具,大塚家具,ハウスコム,ニトリ","論理的思考力,デザインセンス,継続力","true,true,false","最新技術への関心,空間デザインへの興味","false,true",インテリアコーディネーターは、住宅や商業施設の内装を美しく、機能的にデザインする専門職です。クライアントの要望やライフスタイルに合わせて家具、カーテン、照明、色彩などを提案し、空間をトータルコーディネートします。創造性が求められる一方で、日程や予算管理などの実務的なスキルも必要です。,32,19:30,15,2,31,15,45,550,4.5,デザイン・アート・クリエイティブ業
291,CGデザイナー,1982,CGデザイナーという職業の直接的な前身は、1980年代初頭の映画製作においてコンピュータグラフィックス（CG）が本格的に導入され始めた時期にその源流が見られます。特に、1982年に公開された映画『トロン（Tron）』は、CGが物語の主要な要素として大規模に使用された初期の作品であり、デジタル環境内で視覚コンテンツを設計・制作する専門家の必要性を強く示しました。この頃から、単なるプログラミングを超えて、芸術的な視点からコンピュータを用いてビジュアルを作り出す役割が専門職として認識され始めました。,,1,,"コミュニケーションスキル,3Dモデリングソフトウェア,デジタルアート技術,デザインセンス,アニメーション知識","false,true,true,true,false","CGクリエイター検定,Adobe Certified Professional,Autodesk Certified Professional","false,false,false","オムニバス・ジャパン,デジタル・フロンティア,ポリゴン・ピクチュアズ","論理的思考力,クリエイティビティ,3Dモデリングスキル,ソフトウェアの専門知識（例：Adobe Creative Suite, Blender）,美的センス","false,true,true,true,false","最新技術への関心,3Dモデリングへの興味,芸術的なセンス,細部へのこだわり,コンピュータプログラミングへの興味","true,true,true,false,false",CGデザイナーはコンピュータグラフィックスの設計と制作を行う職業です。主に映画、テレビ、ゲーム、広告などの分野でキャラクターや背景、エフェクトなどをデジタルでデザインし、ビジュアルコンテンツを制作します。デジタルツールやソフトウェアを駆使して、リアルで魅力的なビジュアルを作り出すことが求められます。創造力と技術力が必要で、プロジェクトに合わせたスタイルや表現を追求することが求められます。,32,19:30,85,2,31,15,45,550,4.5,広告・出版・マスコミ・エンタメ業
292,WEBイラストレーター,1995,「WEBイラストレーター」という職業は、World Wide Webが一般に普及し始め、企業や個人がウェブサイトを構築し始めた時期に誕生しました。具体的には、1990年代半ば、特に1995年頃からインターネットが商業利用され、ウェブブラウザ（Netscape Navigatorなど）の登場によりウェブサイトの需要が急増しました。これに伴い、ウェブサイト上で使用されるイラストやアイコン、グラフィックを専門に制作するニーズが高まり、従来のイラストレーターがウェブ向けに特化したスキルを磨き始めた、あるいは新たな専門職として認識され始めたのがこの時期と考えられます。,,1,,"コミュニケーションスキル,Adobe Photoshop,Adobe Illustrator,デジタルペインティング,色彩理論,ポートフォリオ制作,トレンド調査","false,true,true,false,false,true,false",Adobe Certified Expert (ACE),FALSE,"株式会社Cygames,KLab株式会社,グリー株式会社,株式会社ミクシィ,コロプラ株式会社","継続力,芸術的センス,デジタルツールのスキル,クライアントとのコミュニケーション能力,時間管理能力","true,true,true,true,false","アートとデザインへの情熱,最新技術への関心,自己表現への興味","true,false,true",WEBイラストレーターは、インターネット上で使われるイラストを専門に描く職業です。主にウェブサイトやソーシャルメディア、オンライン広告におけるビジュアルコンテンツの制作を担当します。仕事内容には、クライアントの要望に合わせたオリジナルイラストのデザインや商品コンセプトに基づくキャラクター作成などが含まれます。,,18:00,,,,,,420,4.5,デザイン・アート・クリエイティブ業
293,インダストリアルデザイナー,1907,インダストリアルデザインという言葉が普及する以前から、その職務を担っていた人物として、ドイツの建築家ペーター・ベーレンスが挙げられます。彼は1907年にAEG（ドイツ総合電力会社）の芸術顧問に就任し、工場建築から製品（ケトル、ランプなど）、グラフィックデザインまで、企業のあらゆるデザインを一貫して手がけました。これは、現代のインダストリアルデザイナーの役割を初めて具体的に示した例として広く認識されています。,,1,,"コミュニケーションスキル,CADソフトウェア,創造力,工業デザインの知識,プロトタイピング","true,true,true,true,false","色彩検定,プロダクトデザイン関連の専門資格,デザイン思考に関するトレーニング","false,false,false","トヨタ自動車,株式会社ニコン","論理的思考力,創造力,デザインセンス,コミュニケーション能力,継続力","true,true,true,false,false","最新技術への関心,デザインへの情熱,データ分析","false,true,false",インダストリアルデザイナーは、消費者向け製品や商業用製品のデザインを担当する職業です。美的かつ機能的で使いやすい製品を生み出すため、しばしばデザインとエンジニアリングの橋渡し役を務めます。プロジェクトに応じて市場調査やコンセプト開発、プロトタイピングを行い、最終的な製品の形状、色彩、仕上げを決定します。,,18:00,,,,,,550,4.5,デザイン・アート・クリエイティブ業
294,建築士,1420,イタリアのルネサンス期において、フィリッポ・ブルネレスキがフィレンツェ大聖堂のドーム建設に着手した年です。このプロジェクトは、単なる職人技を超え、高度な設計知識、革新的な工法、美的センスを統合したものであり、現代の建築家が持つ「設計と技術を統括する専門家」としての役割が明確に確立された画期的な事例とされています。,,1,日本,"コミュニケーションスキル,建築設計の知識,CADソフトウェアの使用能力,建築法規の理解,プロジェクト管理スキル","true,true,true,true,false","二級建築士,一級建築士","false,true","鹿島建設,大成建設,清水建設,竹中工務店,大林組","論理的思考力,創造力,空間デザインスキル,継続力","true,true,false,false","最新技術への関心,建築デザインへの興味,空間デザインへの興味,環境への配慮","false,true,false,false",建築士は、建物の設計や施工管理を行う専門職です。都市計画から住宅、商業施設など、多岐にわたる建造物のデザインを担当します。建築基準法や安全基準を遵守し、美しさと機能性を兼ね備えた建築物を提案する役割を担います。資格取得が必要で、多くは建築学を専攻した後、必要な実務経験を積んで資格試験に合格します。,,18:00,,,,,,550,4.5,建設・土木業
295,WEBデザイナー,1995,ウェブサイトが商業利用され始め、Netscape Navigatorなどのグラフィカルブラウザが普及したことで、単なる情報の羅列から視覚的に魅力的で使いやすいウェブサイトの需要が急速に高まりました。これにより、HTMLコーディングだけでなく、色彩、フォント、画像、レイアウトといったデザイン要素に特化した専門職としての「WEBデザイナー」が明確に認識され、確立され始めたのが1995年頃とされています。この時期に、初期のウェブデザイン関連の書籍やツールも登場し始めました。,,1,,"コミュニケーションスキル,Adobe Photoshop,HTML/CSS,Responsive Design,User Experience (UX) Design","true,true,true,false,false","基本情報技術者試験,Webデザイン技能検定","false,false","株式会社CARTA HOLDINGS,株式会社ミクシィ,株式会社サイバーエージェント,株式会社オプトホールディング,株式会社カカクコム","論理的思考力,デザインセンス,継続力","false,true,false","最新技術への関心,デザインへの興味,データ分析","false,true,false",WEBデザイナーは、ウェブサイトのデザインとレイアウトを作成する職業です。ユーザーエクスペリエンス（UX）やインターフェース（UI）のデザインを考慮し、視覚的に魅力的で使いやすいウェブページを設計します。具体的には、色彩、フォント、画像、グラフィック、レスポンシブデザインなどを用いて、ブランドやクライアントの要求に沿ったデザインを提供します。最新のデザインソフトウェアとツールを使用し、HTMLやCSSの基礎知識も必要とされることがあります。,32.5,19:15,70,2,30.8,18.2,48.5,480,4.2,情報通信業（IT・ソフトウェア・通信）
296,エディター,1455,活版印刷の発明により、大量の書物を正確に制作する必要が生じ、グーテンベルク聖書が刊行された頃、原稿の準備や校正を専門とする「編集者」の役割が確立されたためです。それ以前にも手書きの写本を修正する役割は存在しましたが、印刷技術の登場により、誤りのないテキストを効率的に生産するための専門職として明確に分化しました。,,1,,"コミュニケーションスキル,タイピングスキル,文章校正能力,編集ソフトウェアの知識,クリエイティブライティングスキル","true,true,true,false,false","日本語文章能力検定,校正技能試験","false,false","デンソー,パナソニック","論理的思考力,編集技術,語彙力,継続力","true,true,false,false","最新技術への関心,データ分析","true,false",エディターとは、文章や映像、音声などのコンテンツを編集する職業です。文章編集の場合、ライターが書いた原稿の内容をチェックし、誤字脱字や文法ミスを修正するほか、文章の流れや構成を改善します。映像や音声のエディターは、撮影された素材をカットし、音楽や効果音を追加して映像作品や音声作品を完成させます。クリエイティブな側面と緻密な校正能力が求められます。,32,19:30,85,2,31,15,45,550,4.5,広告・出版・マスコミ・エンタメ業
297,診療情報管理士,1997,日本病院会と日本医療情報学会が共同で「診療情報管理士」の認定試験を開始した年であり、この専門職が体系的に確立され、広く認知されるようになった起点であるため。,,1,日本,"コミュニケーションスキル,医療情報管理知識,法的知識","true,true,false",診療情報管理士,TRUE,"日本赤十字社,メディカルシステムネットワーク","論理的思考力,継続力,医療知識,データ管理と分析能力","true,true,true,true","データ分析,医療系データの管理やセキュリティへの関心,最新技術への関心","true,true,false",診療情報管理士は、医療機関において、患者の診療情報を効果的に管理する専門職です。この職業の主な役割は、診療記録の収集、分析、保管、セキュリティ管理を行うことです。また、電子カルテシステムや医療情報システムの運用、データの統計解析、医療情報のコンプライアンス管理にも関与します。医療の質を向上させるために、診療情報の正確さを保証し、医療チームに情報を提供する重要な役割を担っています。,32,19:30,85,2,31,15,45,550,4.5,医療・福祉・介護業
298,パソコン組立･調整工,1985,IBM PCのオープンアーキテクチャが1981年に導入された後、PCクローン市場が急速に拡大しました。1980年代半ばには、モジュール化されたPCパーツが広く利用可能になり、よりカスタマイズされた手頃な価格のパーソナルコンピュータに対する需要が高まりました。これにより、クライアントの要望に応じて最適なPCの選定、組み立て、設定、トラブルシューティング、サポートを行う専門職としての「パソコン組立･調整工」が明確に確立されました。これは、工場での大量生産や趣味での自作とは異なる、専門的なサービスとしての役割の始まりを示します。,,1,,"コミュニケーションスキル,PCハードウェアの知識,組立および調整技術,問題解決能力","false,true,true,true","エレクトロニクス組立作業主任者,基本情報技術者試験","false,false","Microsoft,NEC,富士通","論理的思考力,継続力","true,false","最新技術への関心,手先の器用さ","false,true",パソコン組立･調整工は、コンピュータを構成する各部品を選定し、組み立て、動作が正常であることを確認する職業です。この職業では、ハードウェアの知識が求められ、クライアントの要望に応じて最適なパソコンを構築します。具体的には、マザーボード、CPU、メモリ、ストレージ、電源、ケース、冷却システムなどを選び、正確に取り付けます。また、ソフトウェアのインストールやシステムの設定も行います。技術的なトラブルシューティングやサポートもこの職業の重要な役割です。,41,17:45,78.6,1.9,31,20,45.2,420,10.5,電気・電子・半導体製造業
299,保健師,1941,保健師（当時の名称は保健婦）という職種は、1941年（昭和16年）に「保健婦規則」が制定されたことで、その役割と資格制度が初めて法的に明確に定義されました。これにより、公衆衛生の専門職として確立されました。,,1,日本,"コミュニケーションスキル,健康教育の知識,公衆衛生の知識,臨床経験,心理カウンセリングスキル","true,true,true,false,false","保健師免許,看護師免許","true,true","日本赤十字社,国立国際医療研究センター,国立感染症研究所","コミュニケーション能力,論理的思考力,健康管理能力,継続力,人への共感力,チームワーク","true,false,true,false,true,false","最新技術への関心,人々の健康と福祉への関心","false,true",保健師は公衆衛生に関する専門的な知識と技術を持ち、地域や企業などで人々の健康を守るための活動を行う職業です。彼らは健康診断や保健指導を通じて、病気の予防や健康の維持・増進を支援します。また、健康教育や保健計画の策定、健康相談を行うこともあります。保健師になるためには、看護師資格を取得した後、保健師養成課程を修了し、国家試験に合格する必要があります。,42.1,17:47,3.7,2,30.8,3.1,65.9,451,7.5,医療・福祉・介護業
300,ＯＡ機器販売員,1980,オフィスオートメーション（OA）という概念が広く普及し始めたのは1980年代初頭です。日本では「OAブーム」が到来し、パーソナルコンピューター、ワープロ、ファクシミリ、複合機などのOA機器がオフィスに急速に導入され始めました。これにより、これらの多岐にわたる機器を総合的に提案・販売し、顧客のオフィス環境を自動化・効率化する専門の販売員の需要が高まり、この職種が確立されました。,,1,,"コミュニケーションスキル,営業スキル,SQL,製品知識","true,true,false,true","基本情報技術者試験,ITパスポート","false,false","株式会社リコー,富士ゼロックス","論理的思考力,コミュニケーション能力,営業スキル,製品知識","false,true,true,true",最新技術への関心,TRUE,OA機器販売員は、オフィスオートメーション（OA）機器、たとえばプリンター、コピー機、ファクシミリ、スキャナーなどのオフィス機器を企業や個人に販売する職業です。顧客のニーズを聞き取り、最適な商品を提案・販売しながら、保守契約などの提案も行うことがあります。また、新製品の紹介や使い方の説明、定期点検なども担当することが多いです。市場調査や販売戦略の立案、営業ノルマの達成など営業的なスキルも求められる職業です。,41,18:30,70,2,30,10,50,450,5,小売業・EC・流通業
301,通訳ガイド,1650,ヨーロッパにおけるグランドツアーの興隆と共に、若い貴族の子弟に同行し、異文化や歴史、観光地について説明・通訳を行う「ベアリーダー（tutor）」と呼ばれる専門職が登場しました。彼らは外国人旅行者に対して案内と通訳の両方を提供する役割を担い、現代の通訳ガイドの原型となりました。,,1,日本,"コミュニケーションスキル,語学能力,文化知識","true,true,false","全国通訳案内士,通訳案内士登録証","true,true","近畿日本ツーリスト,JTB,HIS","言語力,文化理解力,コミュニケーション能力,柔軟性,忍耐力","true,true,true,false,false","コミュニケーション能力,文化への理解,最新技術への関心","true,true,false",通訳ガイドは、外国人観光客に対して観光地を案内し、その地の歴史、文化、観光スポットなどを説明する専門職です。言語能力だけでなく、地元の知識や文化に関する深い理解と共に、コミュニケーション能力が求められます。また、日本では通訳案内士資格を取得することが一般的です。,38.7,19:00,70,1.5,32.1,10.5,50.2,450,7.2,宿泊・観光業
302,ホテルレストランスタッフ,1830,ホテル内のレストランサービスを提供する「ホテルレストランスタッフ」という職種は、近代的なホテルが大規模かつ多様なサービスを提供し始めた時期に確立されたと考えられます。特に、19世紀初頭に登場した豪華なホテル（例：1829年に開業したボストンのトレモント・ハウスなど）は、宿泊客のために専用のダイニングルームやレストランを併設し、そこでサービスを提供する専門スタッフを必要としました。これにより、従来の宿屋の番頭や使用人とは異なる、専門的なホテルレストランスタッフという職種が確立されました。,,1,,"コミュニケーションスキル,接客スキル,チームワーク能力,柔軟な対応能力","true,true,false,false","基本情報技術者試験,接客サービス検定","false,false","ホテルオークラ,帝国ホテル,ザ・リッツ・カールトン東京","継続力,コミュニケーション能力,チームワーク能力,時間管理能力,忍耐力","true,true,true,false,false","最新技術への関心,コミュニケーション能力,おもてなしの心","false,true,true",ホテルレストランスタッフは、ホテル内のレストランでのサービスを提供する職種です。主な業務には、ゲストの案内、オーダーの受付、食事や飲み物の提供、テーブルの片付けなどが含まれます。ゲストに快適で満足のいく食事体験を提供することが求められます。また、サービス業務だけでなく、時にはレストランの清掃や簡単な調理補助を行うこともあります。,37.2,19:05,48.8,1.8,30.8,13.5,45.2,380,4.2,宿泊・観光業
303,土地活用プランナー,1988,土地活用プランナーの役割は、不動産市場の動向、法規制、税務などを考慮して土地の最適な活用法を提案する専門職です。この包括的な不動産コンサルティングの必要性が高まったことを背景に、1988年に「不動産コンサルティング技能登録制度」が創設されました。この制度は、国土交通大臣の登録を受け、不動産に関する専門的な知識と経験を持つ者に、土地の有効活用を含む多岐にわたるコンサルティング業務を行う資格を与えるものであり、実質的に「土地活用プランナー」の職能が専門職として確立した時期と判断できます。,,1,日本,"コミュニケーションスキル,市場調査分析,法律知識,プロジェクト管理,地域開発の知識","true,true,true,false,false","宅地建物取引士,ファイナンシャルプランナー（FP）,不動産コンサルティングマスター,建築士","false,false,false,false","三井不動産,住友不動産,三菱地所","論理的思考力,継続力,コミュニケーション能力,市場分析力","true,false,true,false","データ分析,最新技術への関心,都市計画や不動産市場への興味","true,false,true",土地活用プランナーとは、土地を有効に活用するための提案や計画を行う専門職です。この職業では、不動産市場の動向や地価の変動、地域の条例などを踏まえて、最適な土地活用を提案します。例えば、賃貸物件を建設すること、自社物件を運用すること、土地を売却すること、あるいは農地転用や駐車場経営など、多岐にわたる選択肢を考慮し、クライアントにとって最も利益を得られる方法を見つけ出します。土地活用プランナーは、不動産会社や建設会社に勤めることが多く、法律や税務の知識も必要とされます。,38,18:30,80,2,32,10,50,550,5,不動産業
304,オプティシャン,1629,「オプティシャン」の専門職の起源は、眼鏡の発明（13世紀後半）にまで遡りますが、職業として明確に認識され、組織化されたのは17世紀以降です。特に、1629年にロンドンで「眼鏡職人組合（The Worshipful Company of Spectacle Makers）」が設立されたことは、眼鏡の製造、販売、調整を専門とする職人が社会的に認められ、独自の専門職として確立された重要な根拠となります。この組合は、眼鏡職人の技能の標準化と職務の監督を行いました。,,1,,"コミュニケーションスキル,眼鏡の加工技術,視力測定の技能","true,true,true",視能訓練士国家資格,TRUE,"メガネスーパー,パリミキ,JINS,Zoff,アイメガネ","論理的思考力,継続力,視覚分析能力,手先の器用さ,コミュニケーションスキル","true,false,true,true,false","最新技術への関心,視力ケアと光学機器への興味","false,true",オプティシャンは、眼鏡やコンタクトレンズ、その他の視力矯正用具を提供する専門職です。顧客の視力処方箋をもとに、最適な視力矯正器具を選び、調整する役割を担います。視力検査やフレームのフィッティング、レンズの加工などを行い、顧客に最適な視覚補助を提供します。,32,19:30,85,2,31,15,45,550,4.5,医療・福祉・介護業
305,リフレクソロジスト,1938,リフレクソロジーは古代エジプトや中国にも類似の概念が見られますが、現代のリフレクソロジーの専門職としての起源は、ユーニス・インガムの功績に大きく起因します。彼女はウィリアム・フィッツジェラルドの「ゾーンセラピー」をさらに発展させ、足の各反射区と体内の臓器との関連性を詳細にマッピングしました。1938年に彼女の著書『Stories The Feet Can Tell』が出版され、この技術が広く知られるようになり、彼女の指導を通じてリフレクソロジストという専門職が確立されていきました。,,1,,"コミュニケーションスキル,リフレクソロジーの専門知識,解剖学の知識,顧客サービススキル","true,true,false,true",リフレクソロジー認定資格,FALSE,REFLE株式会社,"継続力,コミュニケーション能力,解剖学の知識,共感力,ストレス管理能力","true,true,true,false,false","人間の身体や健康への興味,最新技術への関心","true,false",リフレクソロジストは、足裏や手のひらにある特定の反射ゾーンをマッサージし、体のバランスを整え、健康を促進しようとする専門職です。この技術は、ストレス軽減やリラクゼーション、痛みの軽減、内臓機能の改善を目指しています。リフレクソロジーの考え方では、特定のゾーンが体の特定の部分や臓器に対応しているとされています。リフレクソロジストは通常、リラクゼーションサロンや健康センターなどで働いています。,,18:00,,,,,,350,5.5,家事・個人サービス業（家政・美容・清掃など）
306,神職,701,西暦701年に制定された大宝律令により、国家による祭祀を司る最高機関である神祇官が設置されました。これにより、神祇官に属する官職として神道祭祀や神社行政を担う専門的な役割が制度的に確立され、後の神職の基礎となりました。,,1,日本,"コミュニケーションスキル,宗教的知識,伝統文化の理解","true,true,false","神職資格,神社検定","true,false","神社本庁,伊勢神宮,出雲大社","宗教的知識,継続力,コミュニケーション能力,精神的安定性,文化的理解,論理的思考力","true,true,true,false,false,false","宗教的信念,最新技術への関心,伝統文化への関心","true,false,true",神職とは、神社において神事や祭祀を司り、神々を祀る役割を担う職業です。主に、神事の準備や進行、参拝者への対応、社務所での業務などを行います。神道に関する知識や伝統的な礼儀作法が求められ、文化財や自然の保護にも関わることがあります。,52.3,17:48,92.7,1.6,30.8,9.9,65.8,486,15.4,宗教・非営利・NPO・NGO
307,僧侶,-528,仏教の開祖であるゴータマ・ブッダ（釈迦）が悟りを開き、最初の説法を行い、仏教の教えを広めるための僧侶集団（サンガ）を形成し始めた時期とされています。これは紀元前6世紀、特に紀元前528年頃から始まります。,,1,日本,"コミュニケーションスキル,宗教知識,儀式や法要の知識,瞑想の指導能力","true,true,true,false",僧侶資格,TRUE,"浄土真宗本願寺派本願寺,高野山真言宗総本山金剛峰寺,曹洞宗大本山永平寺","継続力,宗教的理解,他者への共感,精神的安定","true,true,false,true","精神性への興味,宗教的儀式への興味,人々を支援したりカウンセリングすることへの興味","true,true,false",僧侶は、宗教的・精神的な修行を通じて、仏教の教えを広め、実践する専門職です。彼らは寺院での儀式の主催や、信者への相談や指導、社会福祉活動を行うなど、多岐にわたる役割を担っています。僧侶としての生活は、仏教の戒律に従い、瞑想や勉学を続けることが求められます。,55.2,17:00,80,1,31.5,0,45,300,20,宗教・非営利・NPO・NGO
308,巫女,712,『古事記』（712年完成）や『日本書紀』（720年完成）などの初期の歴史書に、神に奉仕し、神意を伝える女性の存在が記されており、これが現代の巫女の起源と考えられます。これらの記述は、古代日本における女性シャーマンや祭祀者の役割が、後の巫女へと発展していったことを示しています。,,1,日本,"コミュニケーションスキル,伝統文化理解,祈祷および儀式の知識,神社での実務,神楽や舞の技術","true,true,true,false,false",巫女認定資格,FALSE,"京都の神社,伊勢神宮,出雲大社","継続力,コミュニケーション能力,霊的な感受性,儀式の理解と実践力","false,true,false,true","宗教的または文化的伝統への興味,神道に関する知識と理解","true,true",巫女とは神社に奉仕する女性のことです。主に神社の儀式や祭祀に関わる仕事をしており、神聖な職務として尊重されています。巫女は神事を行う際の補助や、社殿の清掃、参拝者の案内を担当することが多いです。また、正月や祭礼の際などには、巫女装束を身にまとっての奉仕も行います。,32,19:30,85,2,31,15,45,550,4.5,宗教・非営利・NPO・NGO
309,ナニー,1600,ナニーという職業の概念は、特に富裕層の家庭において、子供の世話を専門とする役割が明確になり始めた17世紀に遡ります。それ以前にも家庭内で子供の世話をする者はいましたが、多くは一般的な家事使用人の一部であり、特定の専門職として認識されていませんでした。17世紀に入ると、教育や育児に特化した役割を持つ専門職が徐々に確立され始め、後のナニーの原型となりました。,,1,,"コミュニケーションスキル,児童心理学の知識,応急処置のスキル","true,false,true","保育士資格,幼児教育資格","false,false","CareFinder,ベビーシッター24","継続力,コミュニケーション能力,柔軟性,子供に対する理解,安全管理能力","true,true,false,true,true","子供への関心,安全への責任感,教育と発達に対する興味","true,true,false",ナニーは、家庭で子供の世話を専門的に行う職業です。彼らは子供の食事、入浴、遊び、学習のお手伝い、そしてしばしば学校への送り迎えなどを担当します。また、家庭内の簡単な家事や、場合によっては子供の健康管理なども行います。柔軟な労働時間が求められることが多く、家庭ごとに異なるニーズや条件に対応する必要があります。,32,19:30,85,2,31,15,45,550,4.5,家事・個人サービス業（家政・美容・清掃など）
310,キャビンアテンダント,1912,キャビンアテンダントの先駆けは、1912年にドイツのDELAG社（Deutsche Luftschiffahrts-Aktiengesellschaft）のツェッペリン飛行船「LZ 10 Schwaben」に搭乗したハインリッヒ・クービス（Heinrich Kubis）氏とされています。彼は乗客の安全と快適性を確保する役割を担い、航空機（飛行船を含む）における客室乗務員の概念を確立しました。,,1,,"コミュニケーションスキル,顧客サービス,安全手順と緊急時対応,ストレス耐性,多言語スキル","true,true,true,false,false","TOEIC,普通救命講習","false,false","全日本空輸株式会社 (ANA),日本航空株式会社 (JAL)","継続力,コミュニケーション能力,多言語能力,リーダーシップ,チームワーク能力,柔軟性","false,true,false,false,true,true","最新技術への関心,顧客サービスへの情熱,異文化交流への興味","false,true,false",キャビンアテンダントは、航空機に搭乗している間、乗客の安全と快適性を確保するために働く職業です。主な業務には、搭乗時の案内や安全指示、飲食物の提供、緊急時の対応が含まれます。また、搭乗員として、乗客の質問に答えたり、特別な配慮が必要な乗客のサポートも行います。対人スキルが求められ、異なる文化やライフスタイルを持つ人々と接する機会が多い職場です。,32,19:30,15,2,31,10,45,550,4.5,運輸・物流・倉庫業
311,非破壊検査員,1895,非破壊検査の基礎となる技術の一つであるX線がヴィルヘルム・レントゲンによって発見された年です。X線はすぐに医療だけでなく、工業製品や構造物の内部欠陥を非破壊で検査する手段として応用され、後の非破壊検査員という専門職のルーツとなりました。,,1,日本,"コミュニケーションスキル,非破壊検査技術,材料工学の知識","true,true,false","非破壊検査技術者資格,基本情報技術者試験","true,false","日本アドン,クレハ","論理的思考力,注意力,観察力,技術的な理解力,継続力","true,true,true,true,false","注意深さ,データ分析,問題解決への情熱,最新技術への関心","true,false,false,true",非破壊検査員は、製品や構造物を破壊することなく、その品質や安全性を評価する専門家です。主に超音波やX線、磁気検査、浸透探査などの技術を用いて、欠陥の有無や物性を調査します。これにより、建築物や機械部品、航空機などの安全性を確保し、事故を未然に防ぐ役割を担っています。,40.4,17:57,87.6,1.9,31.7,13.5,44.6,576,7.7,建設・土木業
312,楽器リペアマン,1780,楽器リペアマンという専門職の起源は、楽器の複雑化と普及が大きく進んだ18世紀後半に遡ることができます。特にピアノやオーケストラ楽器が広く使われるようになり、そのメンテナンス、調律、修理には高度な専門知識が求められるようになりました。これにより、楽器製作者が修理も兼ねる形から、修理を専門とする職業が明確に分化し始めました。この時期には、楽器の定期的な保守や故障対応の需要が高まり、専門的な技能を持つ職人が現れるようになりました。,,1,,"コミュニケーションスキル,楽器の修理とメンテナンス技術,音響工学の知識","true,true,false","木管楽器修理技能士,金管楽器修理技能士,弦楽器修理技能士","false,false,false","ヤマハ株式会社,Roland株式会社","論理的思考力,手先の器用さ,音感,継続力","true,true,false,true","最新技術への関心,細部への注意力","false,true",楽器リペアマンは、楽器の点検、修理、調整を行う専門職です。これには、楽器のメンテナンスや故障部の診断、必要な修理や部品交換、調整作業が含まれます。主に音楽スタジオや楽器店、個人の音楽家向けにサービスを提供します。様々な楽器に精通しており、古い楽器の復元や調整を行うことも多い職業です。楽器の構造や機能を深く理解しており、音響の知識も必要です。,,18:00,,,,,,480,6.5,広告・出版・マスコミ・エンタメ業
313,DIY店店員,1969,DIY店店員という職業は、お客様が自分で作業を行うための材料や道具を提供し、専門的なアドバイスやサポートを行うDIYに特化した小売店が普及し始めた時期に誕生しました。このコンセプトの先駆けとして、ヨーロッパではB&Qが1969年に英国で創業し、ドイツではOBIが1970年に創業しました。これらの店舗は、DIYという文化が一般に浸透し始め、消費者自身が住宅改修を行うための商品と知識を提供する場として発展しました。このようなDIY専門店の登場により、顧客への専門的なアドバイスや商品知識が求められる「DIY店店員」という職種が明確に確立されたと考えられます。,,1,,"コミュニケーションスキル,商品知識,在庫管理スキル","true,true,false",,FALSE,"コーナン,カインズ,ナフコ,DCM","継続力,接客スキル,製品知識,在庫管理能力,問題解決能力","true,true,true,false,false","最新技術への関心,手先の器用さ,データ分析,顧客対応スキル","false,true,false,true",DIY店店員は、お客様が自分で作業を行うための材料や道具を提供し、アドバイスやサポートを行う職業です。店内の商品に詳しく、どのように使用するかについてアドバイスできる能力が求められます。また、商品管理やレジ業務、在庫管理なども担当します。DIYやホームインプローブメントに興味があると役立つでしょう。,39,19:30,68,1.9,31,12.5,48,350,6.2,小売業・EC・流通業
314,書店店員,50,書店店員という職業の原型は、古代ローマ時代にさかのぼります。紀元前1世紀から紀元後1世紀にかけて、ローマには「bibliopolae」（書物商人）と呼ばれる人々が存在し、彼らは「tabernae librariae」（書物店）で手書きの巻物を販売していました。彼らは、顧客への本の案内、巻物の在庫管理、そして販売（会計業務を含む）といった業務を行っており、これは現代の書店店員の役割と多くの点で共通しています。例えば、紀元1世紀の詩人マルティアリスは、自分の作品がセクンドゥスという書物商人の店で販売されていることに言及しており、この時代には既に職業として確立されていたことが示唆されます。,,1,,"コミュニケーションスキル,商品管理スキル,本に関する知識","true,true,false","販売士検定,書籍管理士","false,false","紀伊國屋書店,ジュンク堂書店,丸善ジュンク堂書店,有隣堂,ブックオフ","継続力,コミュニケーション能力,顧客サービス志向,商品知識","false,true,true,true","最新技術への関心,読書・文学への興味,接客・コミュニケーションへの興味","false,true,true",書店店員は、本を販売する店舗で働く職業です。彼らの主な業務には、顧客への接客や本の案内、書籍の在庫管理、店内ディスプレイの設置、レジでの会計業務などが含まれます。顧客の要望に応じて適切な書籍を提案したり、書籍に関する質問に答えることも求められます。また、新刊や販売促進キャンペーンの実施の管理にも携わることがあります。,42.5,19:00,40,2,30.6,10.5,52.3,350,7.2,小売業・EC・流通業
315,ピアノ調律師,1700,ピアノの原型であるチェンバロの調律は古くから存在しましたが、現代のピアノの機構が発明されたのは1700年頃です。この発明により、ピアノの複雑な機構を専門的に調整する技術者が必要となり、調律師という職業が確立されていきました。初期のピアノは、その製造者自身が調律を行うことが多かったですが、ピアノの普及とともに専門の調律師の需要が高まりました。,,1,,"調律器具の使用スキル,音感,機械的な知識,コミュニケーションスキル","true,true,false,false",ピアノ調律師認定資格,FALSE,"株式会社河合楽器製作所,ヤマハ株式会社","論理的思考力,音感,手先の器用さ,集中力,忍耐力","true,true,true,false,false","音楽への情熱,聴覚精度の向上への興味,忍耐と集中力の持続への興味","true,true,false",ピアノ調律師は、ピアノの音を正しくするための調整を行う専門職です。ピアノ内部の弦やハンマーの位置を調整し、正確な音高を出すようにします。ピアノの音質や音の高さを維持するために、定期的な調律が必要となります。また、調律だけでなく、ピアノの修理やメンテナンスも行うことがあります。音楽の理解と精密な作業が求められる職業です。,43.2,18:00,85,2,31,10,45,550,15,家事・個人サービス業（家政・美容・清掃など）
316,警備員,1850,アメリカ合衆国でアラン・ピンカートンがピンカートン探偵社を設立しました。この会社は、単なる探偵業務に留まらず、企業や財産、個人の保護を目的とした組織的な私設警備サービスを提供し、近代的な警備員という職業の始まりとして広く認識されています。,,1,,"コミュニケーションスキル,観察力,体力,危機管理能力","true,true,true,true","警備員指導教育責任者資格,施設警備業務2級","true,false","セコム,ALSOK,日本警備保障","継続力,注意深さ,状況判断能力,コミュニケーション能力,体力","true,true,true,false,true","安全性への関心,周囲の状況認識,体力と持久力","true,true,false",警備員は、建物や施設、イベント会場などで安全を確保し、犯罪や事故を未然に防止するための職業です。主な業務内容には、巡回や監視カメラのモニタリング、入退室の管理、緊急時の対応などがあります。勤務形態はシフト制が多く、夜間や休日の勤務もあります。冷静な判断力と柔軟な対応力が求められます。,55.2,18:00,85.5,1.3,31.5,12.5,45.2,350,7.8,防衛・警察・消防
317,薬種商,1889,日本において「薬種商」という職業が法的に明確に定義され、規制されたのは1889年（明治22年）に制定された「薬律」（薬剤師法の前身）においてです。この法律により、医薬品を販売する者は「薬剤師」または「薬種商」のいずれかの資格を持つことが義務付けられ、それぞれが販売できる医薬品の種類や業務範囲が定められました。これにより、医薬品の販売が専門的な知識と法律に基づく適切な方法で行われる現代的な「薬種商」という職業が確立されました。それ以前にも医薬品の販売は行われていましたが、現代の職業として求められる「法律に基づく適切な方法」という側面が確立されたのはこの時期からです。,2009年 (制度改正のため廃止),0,日本,"コミュニケーションスキル,薬学知識,適切な薬の選定スキル,薬の販売と在庫管理","false,true,true,false",薬種商販売業務管理者資格,TRUE,"ツムラ,大塚製薬,武田薬品工業,第一三共","論理的思考力,継続力,薬学的知識,倫理意識","true,false,true,true","最新技術への関心,医薬品と健康に対する興味,データ分析","false,true,false",薬種商は、医薬品や薬品を販売する専門職である。この職業では、医薬品の有効性や安全性に関する深い知識が求められ、さらに法律に基づく適切な方法で顧客に薬品を提供することが求められる。薬種商は、製薬会社やドラッグストア、薬局に勤務することが多く、顧客への情報提供や相談にも応じる役割を担っている。業務には、医薬品の在庫管理や品質管理なども含まれることがある。,52.7,18:00,90.9,1,30,5.3,51.5,405.4,20.5,化学工業（医薬品・化粧品含む）
318,歯科衛生士,1913,歯科衛生士の専門職は、1913年にアメリカ合衆国コネチカット州ブリッジポートでアルフレッド・フォーンズ博士によって創設された最初の歯科衛生士養成プログラムに起源を持ちます。フォーンズ博士の助手であったアイリーン・ニューマンが最初の歯科衛生士として訓練を受け、この年に歯科衛生士という職種が確立されました。,,1,日本,"コミュニケーションスキル,プロフェッショナリズム,歯科知識","true,true,true",歯科衛生士免許,TRUE,"オーラルケア株式会社,松風株式会社,ジーシー株式会社","継続力,コミュニケーション能力,手先の器用さ,細部に注意を払う力,忍耐力","true,true,true,false,false","データ分析,患者とのコミュニケーション,歯科医療への関心,細かい作業をすることへの興味","false,true,true,true",歯科衛生士は、歯科医師と協力して患者の歯と口腔の健康を維持する専門職です。主な業務には、歯石の除去、歯のクリーニング、フッ素塗布、口腔衛生指導が含まれます。また、歯科医師の診療を補助し、患者のカルテ管理や器具の準備・消毒を行います。,32,19:30,15,2,31,5,45,550,4.5,医療・福祉・介護業
319,ベビーシッター,1937,Oxford English Dictionaryによると、「ベビーシッター」という言葉が初めて印刷物で確認されたのは1937年です。これは、子供の一時的な世話を有償で行う特定の役割が、明確な名称を持つ職業として認識され始めた時期を示しています。第二次世界大戦後、女性の社会進出や親の活動時間の増加に伴い、この職業はさらに広く普及しました。,,1,,"コミュニケーションスキル,幼児教育知識,応急処置およびCPR","true,false,true","乳幼児ケアスペシャリスト資格,小児救急救命講習修了証","false,true","株式会社ポピンズ,株式会社エックスサポート","継続力,コミュニケーション能力,忍耐力,緊急時の対応力,創造力","true,true,true,false,false","幼児への関心,子供の成長と発達への関心","true,true",ベビーシッターは、子供の世話を一時的に引き受ける職業です。親や保護者が不在の際に子供の安全を守り、遊びや世話を行います。仕事の内容には食事の準備、ゲームやアクティビティの計画、宿題の手伝い、そして子供の身の回りの世話などが含まれます。柔軟な勤務時間が多く、家庭や施設で働くことが一般的です。,,18:00,,,,,,360,3.8,家事・個人サービス業（家政・美容・清掃など）
320,シューフィッター,1900,大量生産された既製靴の普及により、顧客の足に合わせた靴選びを支援する専門的な知識と技術を持つ人材が小売店で求められるようになりました。特に20世紀初頭には、足の健康に対する意識が高まり、適切なフィッティングの重要性が認識され始めたため、専門職としてのシューフィッターの役割が確立され始めました。,,1,,"コミュニケーションスキル,足の計測技術,足や歩行の知識,接客スキル","true,true,true,true",シューフィッター資格,TRUE,"ABCマート,リーガルコーポレーション,アシックス,ナイキ,ニューバランス","論理的思考力,継続力,コミュニケーション能力,細かい観察力","true,false,true,true","最新技術への関心,ファッションへの興味","false,true",シューフィッターは、顧客に対して靴のフィッティングサービスを提供する専門職です。この職業では、顧客の足の測定を行い、そのデータに基づいて最適な靴のサイズやタイプを提案します。シューフィッターは、顧客が快適に靴を履けるよう、適切な靴の選択をサポートする重要な役割を担っています。また、足の形状や健康上の問題を考慮に入れたアドバイスを行うこともあります。特に、整形外科的な問題を抱える顧客に対する対応能力が求められることがあります。この職業は、靴店や専門店、百貨店などで働くことが一般的です。,32,19:30,85,2,31,15,45,550,4.5,小売業・EC・流通業
321,広告会社営業部員,1869,広告会社営業部員が担う、クライアント企業との関係構築、広告キャンペーンの提案から実施、効果測定、そして社内外の調整役といった包括的な役割は、広告代理店が単なる媒体の取次業から、戦略立案から実行までを一貫して行う「フルサービス代理店」へと進化したことで確立されました。米国で1869年に設立されたN.W. Ayer & Sonは、広告枠の売買だけでなく、戦略立案、クリエイティブ制作、メディア選定など、広告活動の全工程を提供する最初のフルサービス代理店として広く認識されています。このフルサービスモデルの登場により、クライアントのニーズを理解し、総合的な広告戦略を提案・実行する専門職、すなわち広告会社営業部員に相当する役割が本格的に誕生したと考えられます。,,1,,"コミュニケーションスキル,プレゼンテーションスキル,マーケティング知識,Python,SQL,顧客管理スキル","true,true,false,false,false,true","ビジネスコミュニケーション検定,広告営業検見","false,false","電通,博報堂DYホールディングス,アサツーディ・ケイ","論理的思考力,継続力,コミュニケーション能力,交渉力,クリエイティブな発想","true,false,true,true,false","最新技術への関心,顧客対応スキル","false,true",広告会社営業部員は、広告代理店や広告会社に務め、クライアント企業との関係を構築し、広告キャンペーンの提案から実施までをサポートする役割を担います。彼らは、クライアントのニーズを理解し、適切な広告戦略を立案し、提案します。また、広告の効果測定やフィードバックを行い、次回のキャンペーンの改善に役立てます。さらに、広告媒体やクリエイティブ部門との調整役としての役割も重要です。営業スキル、コミュニケーション能力、マーケティング知識が求められます。,32,19:30,85,2,31,15,45,550,4.5,広告・出版・マスコミ・エンタメ業
322,倉庫スタッフ,-2600,古代エジプトの古王国時代（紀元前2686年頃～紀元前2181年頃）には、国家が管理する大規模な穀物倉庫や物資貯蔵施設が各地に存在していました。これらの施設では、大量の食料や資材を受け入れ、分類、保管し、必要に応じて各地へ供給する作業が行われており、その管理と実行には専門のスタッフが不可欠でした。これは、現代の倉庫スタッフが行う「商品の受け取り、保管、発送」といった業務の原型と言えます。例えば、ピラミッド建設のような大規模プロジェクトの遂行には、食料や道具の効率的な管理が不可欠であり、それを担う専門職が確実に存在していました。,,1,,"コミュニケーションスキル,Inventory Management,Forklift Operation","true,true,false",フォークリフト運転技能者証,FALSE,トヨタ自動車,"継続力,体力,チームワーク,効率的な作業スキル","true,true,false,false","効率的な作業プロセスへの興味,体力の維持に関する興味","false,true",倉庫スタッフは、商品の受け取り、保管、梱包、発送など、倉庫内での様々な作業を担当します。効率的な在庫管理を行い、商品の出荷がスムーズに行われるよう手配します。業務には、重い物の持ち運びやフォークリフトの操作が含まれることもあります。,39,18:30,75,2,31,10,50,400,5.5,運輸・物流・倉庫業
323,鉄道パーサー,1825,1825年に世界初の公共蒸気機関車鉄道であるストックトン・アンド・ダーリントン鉄道が開業しました。この開業により、列車の安全かつ継続的な運行を確保するために、鉄道車両の点検やメンテナンスを行う役割が不可欠となり、これが鉄道パーサー（車両検査員）の職務の起源と考えられます。,,1,,"コミュニケーションスキル,鉄道運行知識,安全管理能力,ストレス耐性","true,true,true,false",動力車操縦者免許,TRUE,"JR東日本,JR西日本,JR東海,JR九州,JR北海道","論理的思考力,継続力,安全意識,注意力,コミュニケーション能力","true,true,true,true,false","最新技術への関心,鉄道システムへの関心,データ分析","false,true,false",鉄道パーサー（車両検査員）は鉄道業界において、列車の安全運行を確保するために鉄道車両の点検やメンテナンスを行う専門職です。車両のブレーキ、台車、電気系統、連結装置などの各種装置を定期的にチェックし、故障や異常が無いかを確認します。また、車内の検査や清掃を行うことも含まれます。安全基準に基づいた作業を行い、事故防止に努める重要な役割を担っています。,32,19:30,85,2,31,15,45,550,4.5,運輸・物流・倉庫業
324,柔道整復師,1970,1970年（昭和45年）に「柔道整復師法」（昭和45年法律第19号）が制定され、柔道整復師が独立した医療専門職としての地位を確立し、国家資格として定められたため。これにより、現代の国家資格を持つ柔道整復師という職業が確立しました。,,1,日本,"解剖学の知識,整形外科的診断スキル,コミュニケーションスキル,固有の柔道整復技術,初期治療技術,リハビリテーション技術","true,true,false,true,true,false",柔道整復師免許,TRUE,"日本柔道整復専門学校,花田学園","解剖学知識,生理学知識,患者の身体的な痛みへの理解,手先の器用さ,継続力","true,true,false,true,false","解剖学と生理学への興味,患者とのコミュニケーションに興味,怪我の治療とリハビリへの興味","true,true,false",柔道整復師は、伝統的な日本の医療職であり、主に骨折・脱臼・打撲・捻挫といった外傷を非外科的手法で治療する専門家です。柔道整復術を用い、患者の自然治癒力を活かして治療を行います。国家資格試験に合格し、登録を受けることでこの職業に就くことができます。整形外科などの医療機関や整骨院で勤務することが多く、スポーツトレーナーとしての役割を果たすこともあります。,42.6,18:52,75.1,1.9,30.9,12.5,50.3,550,15.2,医療・福祉・介護業
325,助産師,-1825,助産師の存在を示す最も古い記録は、古代エジプトの紀元前1825年頃に書かれたとされるカフン婦人科パピルスに、妊娠、出産、女性の健康に関する記述が見られるためです。,,1,日本,"コミュニケーションスキル,助産に関する医学的知識,分娩介助の技術,新生児ケアの知識,患者家族へのサポートスキル","true,true,true,true,false",助産師免許,TRUE,"聖路加国際病院,国立成育医療研究センター,日本赤十字社,東京慈恵会医科大学附属病院,順天堂大学医学部附属順天堂医院","継続力,コミュニケーション能力,判断力,共感力","true,true,false,true","健康と福祉への関心,人間関係とコミュニケーションへの興味","true,true",助産師は、妊娠中の女性への健康指導や、出産の介助、新生児のケアを行う専門職です。女性が安全に出産できるようサポートする上で、産科医と協力しながら重要な役割を果たします。また、母親が自信を持って子育てを始められるよう、授乳指導や育児相談も行います。,40.5,19:30,1.1,1.5,30.1,10.2,40.5,550,10.3,医療・福祉・介護業
326,診療放射線技師,1951,日本において、医療現場でX線装置を専門的に操作する職種として「診療エックス線技師」の国家資格を定める「診療エックス線技師法」が1951年に制定されました。これにより、この業務が法的に定義された専門職として確立され、現在の診療放射線技師の直接的な前身となりました。,,1,日本,"コミュニケーションスキル,医学的知識,放射線機器操作技能,画像処理技術","true,true,true,false",診療放射線技師国家試験,TRUE,"日本赤十字社,東京都立病院","論理的思考力,継続力,技術的スキル,細部への注意力,コミュニケーション能力","true,false,true,true,false",最新技術への関心,TRUE,診療放射線技師は、医療現場でX線、CT、MRI、超音波、核医学などの医用画像機器を使用し、患者の病気や怪我の診断をサポートします。彼らは医師からの指示に基づき、適切な画像を取得するために機器を操作し、安全で効果的な検査を行います。また、患者への説明や検査の準備、後片付けなども担当します。放射線量の管理や機器のメンテナンスも重要な役割を担います。高い専門性と技術力が求められる職業です。,42.7,17:56,81.3,1.9,31.7,10.4,45.1,546,10.9,医療・福祉・介護業
327,家電修理工,1930,家電修理工という専門職は、1920年代から1930年代にかけて電気式ラジオ、冷蔵庫、洗濯機などの家庭用電化製品が普及し始めたことにより誕生しました。これらの製品が一般家庭に広く浸透し、その複雑さから専門的な知識と技術を持つ修理工の需要が高まったためです。特に1930年代には、ラジオ修理工が確立されており、電気機械製品全般の修理に対応する専門職として家電修理工の基礎が築かれました。,,1,,"コミュニケーションスキル,電気工学の基礎知識,問題解決能力,工具の使用スキル","false,true,true,true","電気工事士免許,基本情報技術者試験","true,false",トヨタ自動車,"論理的思考力,継続力,技術力（電気や電子の知識と能力）,問題解決能力,顧客対応スキル","true,false,true,true,false","最新技術への関心,問題解決への興味","false,true",家電修理工は、壊れた家電製品を診断し、修理する専門職です。テレビ、冷蔵庫、洗濯機、電子レンジなど、さまざまな家電製品に対して技術的な知識とスキルを活かして修理を行います。日常的には、故障の原因を特定し、必要な部品を交換したり、調整を行ったりします。また、お客様に対するアドバイスやメンテナンスの提案も行います。,,18:00,,,,,,450,7.2,家事・個人サービス業（家政・美容・清掃など）
328,樹木医,1991,日本では、1991年に財団法人日本緑化センター（現在の公益社団法人日本緑化センター）によって「樹木医」の資格制度が創設され、専門職として正式に認知・確立されました。この制度は、樹木の診断、治療、保護を専門とする技術者の育成を目的としています。,,1,日本,"コミュニケーションスキル,植物学の知識,害虫や病気の診断スキル,土壌科学の理解","true,true,true,false",樹木医資格,TRUE,日本樹木医会,"論理的思考力,植物学の知識,生態系の理解,継続力,コミュニケーション能力","true,true,true,false,false","自然環境への興味,植物生理に対する関心,病虫害に対する好奇心","true,true,false",樹木医は、樹木の健康状態を診断し、病害虫の駆除や栄養管理を行う専門職です。自然環境や都市の緑化を守り、樹木の健康と安全を維持する役割を担います。具体的には、土壌分析や樹木の傷の処置、施肥、剪定などの作業を行い、環境保護や景観の維持にも貢献します。,32,19:30,85,2,31,15,45,550,4.5,農業・林業
329,病棟クラーク,1950,病棟クラークの役割は、20世紀半ば、特に1950年代以降に明確になりました。この時期、病院の規模と複雑さが増し、医療記録の管理や患者情報の処理といった事務作業が飛躍的に増加しました。看護師が患者ケアに専念できるよう、事務作業を専門に行う病棟レベルの職員が必要とされ、この職種が確立されました。,,1,日本,"コミュニケーションスキル,SQL,医療事務知識,患者対応能力,医療用語の理解","true,false,true,true,true",医療事務認定証,FALSE,"医療法人徳洲会,日本赤十字社,国立病院機構,聖路加国際病院,東京大学医学部附属病院","継続力,論理的思考力,コミュニケーション能力,組織力","true,false,true,false","最新技術への関心,患者とのコミュニケーションへの興味,組織化と管理への興味","false,true,false",病棟クラークは、病院の病棟で事務作業を担当する職員です。患者の入院受付やカルテ管理、電話応対、医療チームとの連絡・調整などが主な業務です。医療の専門知識は不要ですが、事務処理能力やコミュニケーション能力が求められます。,32,19:30,85,2,31,15,45,550,4.5,医療・福祉・介護業
330,クリーニング師,1840,現代のクリーニング師の専門性、特にドライクリーニング技術に着目すると、その起源はフランスにあります。1825年にジャン・バプティスト・ジョリーが偶然に石油系溶剤でテーブルクロスの染みを除去したことを発見したとされています。この発見を基に、彼が1840年に世界初のドライクリーニング専門店「Jolly-Bellin」をパリに開業したことが、専門的な衣類クリーニングサービス、すなわち現代のクリーニング師という職業の本格的な始まりと考えられます。,,1,日本,"洗濯プロセスの知識,染み抜き技術,品質管理,機器操作技術,コミュニケーションスキル","true,true,false,true,false",クリーニング師資格,TRUE,"白洋舍,ホワイト急便,うさちゃんクリーニング","継続力,論理的思考力,注意深さ,体力,手先の器用さ","true,false,true,false,true","最新技術への関心,繊維や洗剤に関する知識への関心","false,true",クリーニング師は、衣類や布製品のクリーニングや手入れを専門とする職業です。彼らは、さまざまな素材や汚れに応じた洗浄方法を熟知しており、洗濯や乾燥、アイロンがけ、さらに場合によっては修理や補色まで行います。クリーニング師は、基本的な手作業から高性能なクリーニング機械を扱う技術も必要です。特にデリケートな素材の取り扱いや特殊なシミ抜き技術について、専門的な知識と経験が求められます。また、顧客対応のスキルも重要で、依頼内容を確認し、最適なクリーニング方法を提案することが求められます。,58.5,19:11,66.9,1.6,33.2,15.8,49.1,390,15.3,家事・個人サービス業（家政・美容・清掃など）
331,眼鏡販売店員,1880,19世紀後半、視力検査の標準化（ヘルマン・スネレンによる視力表の考案は1862年）と光学技術の発展により、顧客の視力に合わせた眼鏡を専門的に販売・調整する眼鏡店が登場しました。これに伴い、視力測定、フレームの選定、調整、接客を行う専門的な「眼鏡販売店員」の職務が確立されました。,,1,,"コミュニケーションスキル,商品知識（眼鏡フレームやレンズの知識）,フィッティング技術,視力検査の基礎知識,Python,SQL","true,true,true,false,false,false","基本情報技術者試験,Optician Certification (眼鏡技術者認定資格)","false,true","JINS,Zoff,OWNDAYS","論理的思考力,接客スキル,商品知識,継続力","false,true,true,false","最新技術への関心,ファッションへの興味","false,true",眼鏡販売店員は、眼鏡やコンタクトレンズの購入を検討している顧客に対し、商品を提案し、適切なフィットを助ける役割を担います。視力検査やフレームの調整を行い、顧客のニーズやライフスタイルに合った選択肢を提供します。また、店内の商品管理や在庫管理、接客も重要な業務の一部です。,36,19:30,40,2,31,10,45,380,5,小売業・EC・流通業
332,幼稚園教諭,1876,日本初の幼稚園である東京女子師範学校附属幼稚園（現・お茶の水女子大学附属幼稚園）が1876年に開設されたことで、その教育を担う幼稚園教諭という職種が誕生しました。,,1,日本,"コミュニケーションスキル,子供の発達心理学,安全管理,創造力,体力,音楽・美術の知識,保育理論","true,true,true,false,false,false,true",幼稚園教諭免許状,TRUE,"ベネッセスタイルケア,グローバルキッズ,チャイルドケアソリューションズ","継続力,コミュニケーション能力,忍耐力,創造力,柔軟性","true,true,false,false,false","子供への興味,最新技術への関心","true,false",幼稚園教諭は、主に3歳から5歳までの幼児を対象に、基本的な生活習慣や社会性を育む教育を行う職業です。幼児の発達段階に応じた遊びや学びの活動を計画し、実施することで、子どもたちの創造性や協調性を育てます。また、保護者とのコミュニケーションを通じて、子どもの成長を一緒に見守る役割も担います。国家資格である幼稚園教諭免許状が必要です。,32.1,19:00,5.2,2,31.5,7.8,45.3,380,4.9,教育・学習支援業
333,アロマセラピスト,1937,アロマセラピストという職業の起源は、フランスの化学者ルネ・モーリス・ガットフォセが「アロマテラピー」（aromathérapie）という言葉を造語し、1937年に同名の著書を出版したことに遡ります。これにより、精油を用いた芳香療法が学術的かつ体系的な分野として確立され、現代のアロマセラピストの基礎が築かれました。,,1,,"コミュニケーションスキル,アロマセラピーの知識,リラクゼーション技術,顧客サービス","true,true,true,false","アロマセラピー検定,アロマセラピスト資格","false,false","フレグランスジャーナル社,ニールズヤード レメディーズ,アロマテラピー アソシエイツ","論理的思考力,継続力,コミュニケーション能力,感受性,解剖生理学の知識","false,true,true,true,true","香りや精油への興味,最新技術への関心","true,false",アロマセラピストは、アロマテラピーという芳香療法を用いて、クライアントの心身のリラクゼーションや健康増進を促進する専門家です。精油（エッセンシャルオイル）を使って、マッサージや吸入、入浴など様々な方法で施術を行います。クライアントのニーズに合わせてブレンドを調整し、自然治癒力を高めるサポートを提供します。さらに、セラピストは香りの専門知識を活かし、リラクゼーションだけでなく精神的ストレスの軽減や特定の健康問題の改善を図ります。,32,19:30,15,2,31,5,45,350,4.5,家事・個人サービス業（家政・美容・清掃など）
334,犬訓練士,1899,犬訓練士という職業は、個々の犬の行動を専門的に訓練し、行動問題を解決する専門職として、特に組織的な警察犬訓練の発展とともに明確になりました。1899年にドイツのグリューンハイデで警察犬訓練施設が設立されたことは、犬の訓練が個人的な技能から専門的な職業へと移行し、体系化された訓練方法が開発され始めた重要な節目とされています。これにより、専門の訓練士が犬に特定のタスクを教えたり、行動を改善したりする役割が確立しました。,,1,,"コミュニケーションスキル,動物の行動理解,犬の健康管理","true,true,false","ドッグトレーナー資格,動物取扱責任者","true,true","Doggy Camp,ドッグトレーナーアカデミー,犬のしつけ教室 犬ナビ,アニマルプラネットジャパン","継続力,コミュニケーション能力,動物行動の理解,忍耐力,柔軟性","true,true,true,true,false","最新技術への関心,動物への関心,動物行動学への関心,コミュニケーションスキル","false,true,true,true",犬訓練士は、犬の行動を訓練し、行動の問題を解決するプロフェッショナルです。主な業務には、犬に基本的なコマンドを教えたり、吠える、咬むといった行動問題を改善するためのトレーニングを行ったりすることが含まれます。また、ペットオーナーへ犬の扱い方やしつけの仕方を指導することも重要な役割の一部です。室内外での訓練プログラムを作成し、犬やペットオーナーと密にコミュニケーションを取りながら進めることが求められます。特に、個々の犬の性格やニーズに合わせたカスタマイズされたトレーニング計画を立てる能力が重要です。,38.7,18:00,75,1.5,30.5,10.2,60.1,420,7.8,家事・個人サービス業（家政・美容・清掃など）
335,歯科医師,1728,近代歯科医学の父とされるピエール・フォシャールが、歯科医療に関する知識と技術を体系化した著書「Le Chirurgien Dentiste（外科歯科医）」を出版し、歯科医療を一般外科や理髪業から独立した専門職として確立した年であるため。,,1,日本,"歯科医学の専門知識,手先の器用さ,コミュニケーションスキル","true,true,true",医師免許,TRUE,"医療法人社団東京歯科保健福祉協会,医療法人社団新風会,医療法人社団敬歯会,医療法人社団青山歯科医院","論理的思考力,手先の器用さ,コミュニケーション能力,継続力","true,true,true,false","対人コミュニケーションへの関心,最新技術への関心,手先の器用さ","true,false,true",歯科医師は、患者の口腔内の健康状態を診断し、治療や予防処置を行います。これには歯のクリーニング、虫歯の治療、歯科矯正、歯周病の管理、抜歯、歯科補綴物の装着などが含まれます。また、患者に対して歯の健康を保つための指導や助言を行うことも重要な役割です。歯科医師になるには歯科大学を卒業し、国家試験に合格する必要があります。,46.6,19:30,75.6,1.8,33.8,8.4,60,1146,12.8,医療・福祉・介護業
336,生命保険外交員,1881,日本における近代的な生命保険制度の始まりとともに、生命保険外交員の職務が誕生しました。1881年に日本で最初の近代的な生命保険会社である明治生命保険（現在の明治安田生命保険）が設立され、その商品の普及と販売のために専門の営業担当者、すなわち生命保険外交員の役割が必要とされました。これにより、顧客に生命保険商品を直接提供し、販売する専門職としての生命保険外交員が確立されたと考えられます。,,1,,"コミュニケーションスキル,顧客管理能力,商品知識,営業力,問題解決能力","true,true,true,true,false","生命保険募集人資格,基本情報技術者試験","true,false","第一生命保険株式会社,日本生命保険相互会社,住友生命保険株式会社,明治安田生命保険相互会社,ソニー生命保険株式会社","論理的思考力,継続力,コミュニケーション能力","false,true,true","コミュニケーション能力,営業への関心,人間心理の理解,データ分析","true,true,false,false",生命保険外交員とは、保険会社に所属し、顧客に対して生命保険商品を提供し、販売する専門職です。この職種では、顧客との信頼関係を築くことが重要であり、ニーズを的確に把握して適切な保険プランを提案する能力が求められます。また、新規顧客の開拓や契約のクロージング、アフターサービスの提供も業務の一環となります。業界の知識とともに、コミュニケーション能力や営業技術も必要とされます。,42.3,18:30,30.5,2,30.5,10.5,45,450,7.5,金融業・保険業
337,整体師,1921,1921年に岡島敬三が米国で学んだカイロプラクティックやオステオパシーの技術を日本に持ち帰り、日本の伝統療法と融合させ始めたことが、現代の「整体」の基礎となり、その専門家である「整体師」という職種が確立され始めた契機と考えられています。,,1,,"コミュニケーションスキル,解剖学の知識,マッサージ技術,筋肉・骨格の知識,リラクゼーション技術","true,true,true,true,false",整体師資格,FALSE,"Raffine（ラフィネ）,てもみん,Re.Ra.Ku（リラク）","継続力,コミュニケーション能力,解剖学の知識,手指の器用さ,顧客サービススキル","true,true,true,true,false","人間の体や筋肉のメカニズムに関する興味,最新技術への関心","true,false",整体師は、身体の歪みや不調を徒手的な技法で調整し、健康を促進する専門職です。筋肉や関節の調整を行い、身体全体のバランスを改善することを目的としています。患者の症状に応じて、様々な手技を用いることがあります。多くの場合、リラクゼーションサロンや整体院で働いています。国家資格は必要ありませんが、関連する技術や知識を学ぶための専門学校や講習会に参加することが一般的です。,32,19:30,85,2,31,15,45,550,4.5,医療・福祉・介護業
338,二輪自動車整備士,1900,二輪自動車整備士という職業は、オートバイやスクーターなどの二輪車が広く普及し、そのメンテナンスや修理の需要が高まった時期に成立しました。最初の内燃機関を搭載した二輪車であるダイムラー・ライツワーゲンが1885年に発明されましたが、商業生産と一般への普及は20世紀初頭に進みました。例えば、インディアン・モーターサイクルは1901年に、ハーレーダビッドソンは1903年に設立され、二輪車の製造と販売が本格化しました。これらの車両が一般に販売されるようになると、その組み立て、点検、修理、部品交換を行う専門家の必要性が必然的に生じました。したがって、二輪車の商業的普及が始まった1900年頃には、この種の専門職が実質的に存在し始めたと考えられます。,,1,日本,"エンジンの知識,電気系統の知識,車体整備技術,コミュニケーションスキル","true,true,true,false","二輪自動車整備士資格,自動車整備士資格","true,false","トヨタ自動車,ホンダ,スズキ","論理的思考力,継続力,手先の器用さ,機械知識,問題解決能力","true,false,true,true,false","最新技術への関心,機械・エンジンなどのメカニズムへの興味,問題解決に対する興味","true,true,false",二輪自動車整備士は、オートバイやスクーターなどの二輪車に関する整備や修理を行う専門職です。具体的には、エンジンの調整、部品の交換、車両の点検、トラブルシューティング、およびそれに伴う診断を行います。安全で快適な走行が可能となるように、車両のあらゆる側面をチェックし、高い技術を用いて問題を解決します。また、新車の組み立てや中古車の整備なども担当することがあります。業務はディーラーや修理工場、自動車教習所などで行われることが多く、顧客への説明やサポートも重要な業務の一部となります。,37.5,18:28,98.5,1.9,31.1,21.7,68.7,480,7.2,自動車・輸送機器製造業
339,防水工,-2500,最古の防水工事の明確な証拠は、紀元前2500年頃に遡るインダス文明のモヘンジョ・ダロの「大浴場」に見られます。この構造物では、天然アスファルト（瀝青）が水を防ぐために使用されており、専門的な知識と技術を持った職人たちが防水作業を行っていたと考えられます。また、メソポタミア文明のジッグラト（紀元前2100年頃）でも瀝青モルタルが使われていました。これらの初期の例は、専門的な防水作業を行う職能が古代から存在していたことを示しています。,,1,,"コミュニケーションスキル,防水材料の知識,施工技術,安全管理","false,true,true,true","防水施工技能士,シーリング作業主任者,ウレタン防水作業主任者","true,false,false","積水化学工業,タキロンシーアイ,田島ルーフィング","技術的知識,物理的持久力,継続力,安全意識,細部への注意","true,true,true,true,false","防水材料への関心,作業安全への関心,現場での問題解決への興味","true,true,false",防水工は、建物や構造物の防水工事を行う専門職です。具体的には、屋根や地下室、ベランダ、浴室などの様々な場所に防水材料を適用することで、水浸しや漏水の防止を目的としています。防水工事には、シート防水、塗膜防水、注入式防水など様々な方法があり、材料の種類や建物の構造に応じて適切な方法を選択する必要があります。安全で高品質な仕上がりを確保するため、技術知識と経験が必要です。また、作業は屋外で行われることが多く、天候に影響を受けることもあります。,44,18:13,92.5,1.5,32,12.5,52.5,480,8.8,建設・土木業
340,ケースワーカー,1869,"ケースワーカーの専門職のルーツは、1869年にイギリスで設立された慈善組織協会（Charity Organization Society, COS）の活動に見られます。COSは、貧困者への支援を体系化するために、個々の困窮者の状況を調査し、ニーズに応じて適切な援助を提供する「友愛訪問員（friendly visitors）」を派遣しました。これは、現代のケースワーカーが行う個別支援、アセスメント、リソース調整といった業務の初期的な形態であり、専門職としてのケースワークの基礎を築いたとされています。",,1,,"コミュニケーションスキル,カウンセリングスキル,問題解決能力,法律知識,危機管理能力","true,true,true,false,false","社会福祉士,精神保健福祉士","false,false","社会福祉法人東京コロニー,社会福祉法人横浜市社会福祉協議会,社会福祉法人京都市社会福祉協議会","論理的思考力,継続力,共感力,コミュニケーション能力,問題解決能力","true,true,true,true,true","コミュニケーションへの興味,共感能力,データ分析,問題解決への興味","true,true,false,true",ケースワーカーは、福祉や社会サービスの分野で働く専門家で、個人や家族が必要とするサポートを提供します。具体的には、生活支援、カウンセリング、リソースの紹介、およびクライアントのニーズに応じたサービス調整を行います。ケースワーカーは、現場でクライアントとの面談や相談業務を行いながら、彼らの生活の質の向上を支援します。また、必要に応じて、行政機関や他の福祉サービスと連携して、適切なサポートを提供しています。,32,19:30,85,2,31,15,45,550,4.5,医療・福祉・介護業
341,スポーツインストラクター,1897,モダンなスポーツインストラクターの原型とも言える「個人またはグループへの運動指導」が商業的に確立されたのは、1897年にドイツのボディビルダー、ユージン・サンドーがロンドンに「肉体文化研究所（Institute of Physical Culture）」を開設した時期です。サンドーは、顧客にトレーニングプランを処方し、器具の使用法や適切なフォームを指導するなど、現代のスポーツインストラクターの役割と類似したサービスを提供しました。,,1,,"コミュニケーションスキル,フィットネスの知識,安全指導の知識,モチベーションを高める能力,個別指導の経験","true,true,true,false,false",フィットネストレーナー資格,FALSE,"株式会社ルネサンス,セントラルスポーツ株式会社,株式会社ティップネス","コミュニケーションスキル,指導力,継続力,身体能力,モチベーション維持能力","true,true,false,true,false","最新技術への関心,運動への情熱,人々を指導することへの興味,データ分析","false,true,true,false",スポーツインストラクターは、個人またはグループに対して運動やスポーツの指導を行う専門家です。クライアントのフィットネスレベル、目標、健康状態を考慮し、トレーニングプランを作成し、適切な技術やフォームを教えます。また、モチベーションを高めるためのサポートも行います。ジム、フィットネスクラブ、公共施設、または個人宅などで働くことが一般的です。,32,19:30,85,2,31,15,45,550,4.5,スポーツ・レジャー・イベント業
342,ビル清掃員,1890,現代のビル清掃員という職業は、19世紀後半に都市部で高層のオフィスビルや商業施設が建設され始めたことに深く関連しています。特に、1885年にアメリカで最初の近代的超高層ビルとされる「ホーム・インシュアランス・ビル」が完成して以降、このような大規模な商業施設が増加し、その清潔さと衛生を維持するための専門的な清掃サービスの需要が高まりました。これにより、一般的な清掃とは異なる、特定の建物全体を管理・清掃する専門職として「ビル清掃員」の役割が確立され始めました。,,1,,"コミュニケーションスキル,注意力,体力","true,true,true",ビルクリーニング技能士,FALSE,"トヨタ自動車,Microsoft,Google,ダスキン","継続力,注意力","false,true","最新技術への関心,清掃へのこだわり","false,true",ビル清掃員は、主にオフィスビルや商業施設などで建物の内部と外部を清掃・維持する仕事です。具体的には、床の掃除、ゴミの収集と廃棄、窓ガラスの清掃、トイレや共用スペースの消毒などを行います。また、建物内の衛生環境を保つために、定期的な清掃スケジュールに従って作業をします。業務は早朝や夜間、営業時間外に行われることが多いです。清掃に使用する器具や洗剤の取り扱いについての知識や、健康と安全に関する注意事項を理解していることが求められます。体力を必要とする側面がありますが、多くの人にとっては充実感のある仕事となっています。,56.3,17:37,68.2,2,30.5,5.3,50.9,315,10.6,家事・個人サービス業（家政・美容・清掃など）
343,不動産鑑定士,1963,日本の「不動産の鑑定評価に関する法律」が制定され、現代の不動産鑑定士制度が確立された年です。これにより、不動産の公正な評価を行う専門家としての役割と制度が法的に位置づけられました。,,1,日本,"コミュニケーションスキル,Python,SQL,不動産市場分析能力,法律知識,財務分析","true,false,false,true,true,true",不動産鑑定士,TRUE,"住友不動産鑑定株式会社,三菱地所リアルエステートサービス株式会社,東京不動産鑑定株式会社","論理的思考力,継続力,市場分析力","true,true,false","データ分析,不動産市場への関心,法律および規制に対する関心,最新技術への関心","true,true,false,false",不動産鑑定士は、不動産の価値を公正に評価する専門家です。主に土地や建物の価格を査定し、その結果を基にクライアントに対してアドバイスを行います。不動産取引や相続、資産運用などの場面で重要な役割を果たし、不動産市場の健全な発展に寄与します。法律や経済、建築に関する深い知識が求められ、公的機関や民間企業で活躍することができます。,38,19:00,85.5,2,31,12,45.2,750,7.5,不動産業
344,ブリーダー,1873,現代のブリーダーという職業は、特に犬や猫のような特定の品種の動物を計画的に繁殖させ、その血統や健康、特性を管理することを専門とします。この職業が現代的な形態で確立され始めたのは、19世紀後半、特にヴィクトリア朝時代のイギリスで犬種標準が確立され、ドッグショーが開催されるようになり、1873年に世界初のケネルクラブ（The Kennel Club、イギリス）が設立された時期です。これにより、特定の品種の純粋性を保ち、計画的に繁殖を行うことが組織化され、専門的な職業として認識されるようになりました。,,1,,"コミュニケーションスキル,動物ケア,基礎的な健康管理,繁殖知識,衛生管理","true,true,true,true,false","動物取扱責任者,愛玩動物飼養管理士","true,false","日本ペットフード株式会社,株式会社トリム","継続力,動物への愛情,コミュニケーション能力","true,true,false","動物への深い関心,動物の健康と福祉への関心,動物の世話に時間を費やす熱意","true,true,false",ブリーダーは、特定の動物種や品種の繁殖を専門とする職業です。彼らは健康で良質な性格を持つ動物を育て、しばしばそれをペットとして人々に販売します。この職業には、動物の遺伝学や健康管理に関する深い知識が必要で、動物の世話や訓練、繁殖計画の立案と実行が主な業務に含まれます。また、動物の適正な環境管理と一般社会への啓蒙活動も重要な役割を果たします。,32,19:30,85,2,31,15,45,550,4.5,農業・林業
345,スポーツトレーナー,1932,スポーツトレーナーという専門職が明確に認識され始めたのは、アメリカにおいて組織的なスポーツが発展した20世紀初頭です。特に1932年に、Cramer Products社がアスレティックトレーナー向けの専門誌「The First Aider」を創刊したことは、この職種が確立され、専門知識や技術の共有が必要とされるようになった重要な節目とされています。この雑誌は、アスリートの体力向上、怪我の予防と処置、コンディショニング管理など、現代のスポーツトレーナーが担う役割の基礎を築く情報を提供していました。,,1,,"コミュニケーションスキル,フィットネス知識,指導スキル,身体能力,応急処置スキル","true,true,true,false,true","NSCA認定パーソナルトレーナー(CPT),JATI認定トレーナー","false,false","ミズノ,アシックス,デサント","継続力,論理的思考力,コミュニケーション能力,フィジカルスキル,モチベーションスキル","true,false,true,true,false","運動と健康への関心,コミュニケーション能力向上への関心","true,true",スポーツトレーナーは、アスリートや体育愛好者の体力向上や競技力の向上をサポートする専門職です。個々のニーズに応じたトレーニングプログラムを作成し、正しい運動フォームを指導し、怪我の予防やコンディショニングの管理を行います。さらに、栄養アドバイスや心理的サポートを提供することもあります。プロスポーツチームやフィットネスジム、高校や大学の運動部などで活動することが一般的です。,32,19:30,85,2,31,15,45,550,4.5,スポーツ・レジャー・イベント業
346,農業,-9999,農業は、西アジアの肥沃な三日月地帯で約1万2000年前（紀元前1万年頃）に始まった新石器時代革命に起源を持つとされています。これは、植物の栽培と動物の家畜化が本格的に始まった時期であり、人類の定住生活の基礎を築いた画期的な変化として広く認識されています。,,1,,"コミュニケーションスキル,農作業の技術,植物や動物生態の知識,農業機械の操作スキル,天候や気象に関する知識","true,true,true,false,false","農業技術検定1級,有機農産物生産技術者","false,false","クボタ,ヤンマー,井関農機,三菱マヒンドラ農機,本田技研工業","継続力,洞察力,生態系と作物の知識,問題解決能力","true,false,false,true","最新技術への関心,農業や食物生産への関心","false,true",農業は、動物の飼育や植物の栽培を通じて食糧や原材料を生産する産業です。作物の育成や収穫、家畜の管理などが主な業務であり、自然環境との密接な関係が求められます。また、農業は地域の経済や文化にも大きな影響を与える重要な役割を担っています。現代では、技術の進歩により効率的で持続可能な方法が模索されています。,55,17:30,70.5,1.5,32,5,60,350,15.3,農業・林業
347,ソムリエ,1250,ソムリエの職務の起源は、中世フランスの王侯貴族の館に見られます。元々は「サウムリエ」（saumelier）と呼ばれ、荷役動物の管理者、または王侯貴族の食料やワインなどの物資を運搬・管理する役人を指しました。13世紀までには、特にワインセラーの管理と提供を担当する専門職としての「ソムリエ」の役割が確立されており、これが現代のソムリエの原型となりました。,,1,,"コミュニケーションスキル,味覚の感知能力,ワインの知識,料理とのペアリングの知識,顧客サービスのスキル","true,true,true,false,false",ソムリエ資格,FALSE,"サントリー,メルシャン,アサヒブリューイング,キリンビール,シャトー・メルシャン","論理的思考力,味覚の鋭さ,香りの識別能力,コミュニケーション能力,ワインの知識,継続力","false,true,true,true,true,false","最新技術への関心,ワインと飲み物の興味,味覚と臭覚の感受性","false,true,true",ソムリエは、主にレストランやワインショップにおいて、ワインに関する専門的な知識を持ち、顧客にワインの選定、サービス、および保管などを担当する職業です。ワインの風味や適切な食事との組み合わせを提案し、顧客のワイン体験を豊かにします。また、ワインリストの作成や在庫管理も担当することがあります。高いコミュニケーション能力とワインに関する深い知識が求められます。,32,19:30,85,2,31,15,45,550,4.5,飲食・フードサービス業
348,医薬情報提供者,1950,医薬情報提供者（MR）の職務は、第二次世界大戦後の製薬業界の発展と新薬開発の加速に伴い、1950年代から明確に形成され始めました。特に抗生物質などの画期的な医薬品が次々と登場し、それらの複雑な作用機序や使用法、副作用に関する正確な情報を医療従事者に専門的に伝える必要性が高まったことで、従来の単なる「薬の販売員」とは異なる「医薬情報を提供する専門職」としてのMRが誕生しました。この年代から、多くの製薬会社が専門の営業部門を設置し、医療現場への情報提供を強化していきました。,,1,日本,"コミュニケーションスキル,医学知識,営業能力,SQL","true,true,false,false",医師免許,FALSE,"武田薬品工業,アステラス製薬,第一三共,エーザイ,中外製薬","論理的思考力,継続力,コミュニケーションスキル,医療知識,プレゼンテーション能力","true,true,true,true,false","最新技術への関心,医薬品知識への興味,データ分析,プレゼンテーションスキルへの興味","true,true,false,false",医薬情報提供者（MR、Medical Representative）は、製薬会社に所属し、医薬品に関する情報を医療従事者（医師、薬剤師、看護師など）に提供する専門職です。医薬情報提供者は、製薬会社が製造・販売する医薬品の効能や使用方法、副作用情報などを医療機関に伝える役割を担います。医療現場において、医薬品の正確な使用や新薬の情報提供を通じて、医療の質の向上に寄与します。コミュニケーション能力や専門知識が求められる職種です。,41,18:30,76.2,2,34,8,57.1,750,9,化学工業（医薬品・化粧品含む）
349,自動車営業マン,1897,自動車営業マンという職業は、自動車が一般消費者向けに販売され始めた時期に発生しました。歴史上、世界初の自動車ディーラーは1897年に米国ミシガン州デトロイトに設立されたウィリアム・E・メツガーの販売店とされており、ここで自動車を顧客に提案し販売する専門の担当者、すなわち自動車営業マンが存在したと考えられます。,,1,,"コミュニケーションスキル,顧客管理能力,販売戦略の知識,商品知識,交渉力","true,true,false,true,false",普通自動車運転免許,TRUE,"トヨタ自動車,ホンダ,日産自動車","論理的思考力,継続力,コミュニケーション能力,商品知識,顧客サービス","true,true,true,true,false","販売スキルへの興味,最新技術への関心,データ分析","true,false,false",自動車営業マンは、自動車を購入したい顧客に対して適切な車種やオプションを提案し、販売を行う専門職です。顧客のニーズを正確に把握し、最適な提案をすることで販売を成功させることが求められます。営業スキルに加えて、車に関する知識やマーケット動向を理解していることが重要です。また、販売後のフォローアップや顧客サービスも含まれます。,32,19:30,85,2,31,15,45,550,4.5,自動車・輸送機器製造業
350,プロセス製版オペレーター,1993,プロセス製版オペレーターが、デジタルデータを用いて印刷プレートを作成し、コンピュータを駆使する職種として確立したのは、Computer-to-Plate（CTP）技術の普及と密接に関連しています。CTP技術は、コンピュータから直接印刷プレートに画像を書き込むことを可能にし、それまでのフィルムを介した製版プロセスを大きく変革しました。最初の商業用CTPシステムが市場に導入されたのは1993年頃であり、これによりデジタルワークフローを管理し、CTP装置を操作する専門職としての「プロセス製版オペレーター」が誕生しました。,,1,,"コミュニケーションスキル,印刷機操作スキル,色調整技術,品質管理スキル,トラブルシューティング能力","true,true,false,true,false",印刷技能士,FALSE,トヨタ自動車,"技術的理解と精密な作業能力,論理的思考力,継続力","true,false,true","データ分析,印刷技術への関心","true,true",プロセス製版オペレーターは、印刷物に対する製版作業を行う専門職です。通常、デジタルデータを用いて印刷プレートを作成し、高品質な印刷を実現するために使用されます。具体的には、コンピュータを使ってデザインデータを印刷可能な形式に変換し、そのデータを基にして製版機で印刷プレートを作成します。高い精密度と細心の注意が求められる職業です。,42.9,18:00,71,2,32.3,12,48.8,479,11.4,木材・紙・印刷業
351,トリマー,1920,プロのトリマーとして専門的なサービスを提供する職業が明確に認識され始めたのは、第一次世界大戦後の1920年代です。この時期に純血種の犬の人気が高まり、ドッグショーの増加に伴い、外見を整える専門的な技術が求められるようになり、専用のグルーミングサロンが設立され始めました。,,1,,"コミュニケーションスキル,グルーミング技術,動物の健康に関する基本知識","true,true,false","トリマー認定資格（JAA）,ペット看護師資格,動物取扱責任者資格","true,false,false","ペットの美容室アポロ,ペットサロン・ラッキー,ペットスタジオ プティ","動物への愛情,継続力,手先の器用さ","true,false,true","最新技術への関心,動物への愛情","false,true",トリマーは、犬や猫などの動物の毛をカットし、美しく整える職業です。顧客の要望に合わせてペットの外見を修正し、日常のケアや特別なイベントに向けて準備します。トリミングの技術や動物に対する深い理解・愛情が求められます。また、シャンプーやリンス、耳掃除、爪切りなどの基本的なグルーミング作業も行います。ペットがストレスを感じないように落ち着かせる技術やコミュニケーション能力も重要です。,31.5,19:00,15,2,30.5,10,45,350,4,家事・個人サービス業（家政・美容・清掃など）
352,食品技術者,1900,食品技術者という専門職は、19世紀末から20世紀初頭にかけての食品産業の工業化と科学技術の進歩を背景に誕生しました。特に1900年代には、大量生産される食品の安全性、品質、栄養価を確保し、新しい製品を開発するための専門的な知識と技術を持つ人材が不可欠となりました。微生物学、化学、工学の原理を食品に応用する動きが活発になり、これらの知識を活用して食品の製造プロセスを改善し、品質管理を行う役割が専門職として確立され始めました。これは、後の食品科学の学術分野や食品技術者協会といった専門組織の設立に繋がる、重要な転換期でした。,,1,,"コミュニケーションスキル,食品化学の知識,品質管理スキル,食品衛生の知識,Python,SQL","true,true,true,true,false,false","基本情報技術者試験,食品衛生管理者資格,HACCP管理者資格","false,true,false",トヨタ自動車,"論理的思考力,食品の安全基準や規制の理解,品質管理技術,実験・研究スキル,チームワークとコミュニケーション能力","false,true,true,false,false","最新技術への関心,食品科学への強い興味,データ分析","false,true,false",食品技術者は、食品の製造プロセスや品質管理、製品開発を担う専門職です。彼らは通常、食品の安全性、栄養価、風味、食感を向上させるために科学的および技術的な方法を用い、食品の製造過程を効率的かつ効果的に改善します。また、新しい食品製品を開発したり、既存の製品を改良したりすることもあります。食品技術者は、食品科学、化学、工学の知識を生かして、食品産業の発展に貢献しています。,39.9,19:13,64,1.9,31.5,23.5,76.3,573,5.9,食料品製造業
353,DPEショップ店員,1976,DPEショップ店員という職業は、自動現像プリント機（ミニラボ）の登場により本格的に確立されました。特に、日本企業のノーリツ鋼機が1976年に世界初のミニラボシステム「QSS-1」を発表し、これにより写真現像・プリントが小規模店舗でも迅速に行えるようになり、専門の店員が必要とされるようになりました。,,1,,"コミュニケーションスキル,商品知識,販売スキル","true,true,false","食料品食品衛生管理者,基本情報技術者試験","true,false","トヨタ自動車,ホンダ株式会社,日産自動車株式会社","接客スキル,商品知識,継続力,コミュニケーション能力","true,true,false,true","お客様とのコミュニケーション,最新技術への関心,電化製品への興味","true,true,false",DPEショップ店員とは、主に写真現像を専門とする店舗に勤務する職業です。顧客から依頼されたフィルム写真やデジタルデータの現像、印刷、加工を行います。具体的な業務には、写真の受付や現像機器の操作、写真の品質管理、アルバムやフォトブックの制作、また店内の商品販売や接客なども含まれます。最新のデジタル技術を取り入れ、効率的に顧客の要望に応えるスキルが求められます。,,18:00,,,,,,350,5.218404518,小売業・EC・流通業
354,森林インストラクター,1991,日本において、森林インストラクターの資格認定制度が社団法人全国森林レクリエーション協会によって開始された年であるため。この制度により、森林インストラクターという専門職が公的に確立されました。,,1,日本,"コミュニケーションスキル,自然環境の知識,野外活動の指導スキル,安全管理能力,心肺蘇生法(CPR)の知識,森林に関する法規の知識","true,true,true,true,false,false","森林インストラクター資格,基本情報技術者試験,医師免許","true,false,false","日本森林技術協会,一般社団法人森林文化協会","継続力,自然環境に対する理解,コミュニケーション能力,アウトドア活動スキル","true,true,true,false","最新技術への関心,データ分析,自然環境への興味,自然保護と持続可能性への興味","false,false,true,false",森林インストラクターは、自然環境や森林の保護、教育、管理に関連する専門職です。彼らの役割は、学校や一般市民を対象に森林の重要性や生態系について啓発活動を行い、森林の持続可能な利用を推進することです。インストラクターは、森林の中での安全で効果的な活動の指導を行い、自然体験プログラムや野外活動の企画・運営も担当します。また、伐採や植林、森の保全作業の指導も行うことがあります。専門知識を活かし、健康で豊かな自然環境の維持を目指します。,51.3,17:49,82.4,1.8,35.3,10.3,56.3,487,12.5,農業・林業
355,クッキングアドバイザー,1900,クッキングアドバイザーの役割は、料理に関する専門知識を提供し、食事プランやレシピ提案、調理アドバイスを行うものです。これは、20世紀初頭にホームエコノミスト（家政学者）の役割として確立されました。特に1900年に設立されたGood Housekeeping Instituteのように、消費者に対して料理や栄養に関する実用的なアドバイスを提供する組織が登場し、この職業の基盤が築かれました。彼らは製品テスト、レシピ開発、料理教室の開催などを通じて、現代のクッキングアドバイザーと同様の機能を提供していました。,,1,,"コミュニケーションスキル,料理の知識,レシピ開発能力,食材の知識,栄養学の基礎","true,true,false,true,false","調理師免許,栄養士免許","false,false",ABCクッキングスタジオ,"論理的思考力,継続力,コミュニケーション能力","false,false,true","料理への情熱,最新技術への関心,データ分析","true,false,false",クッキングアドバイザーは、料理に関する専門的な知識とスキルを活かして、さまざまな人々に対して食事プランやレシピの提案、調理のアドバイスを行う職業です。レストランやカフェにおけるメニュー開発、健康的な食生活を考えた献立作り、食材の選び方や調理方法についての指導を行います。また、料理教室を開催したり、フードブログやコラムの執筆を通じて料理の楽しさや技術を広める役割もあります。クッキングアドバイザーは、料理が好きで食に関する知識を深めたい方、他者とその情報を共有する意欲がある方に適した職業です。,32,19:30,85,2,31,15,45,550,4.5,飲食・フードサービス業
356,観光局スタッフ,1930,日本において、鉄道省に国際観光局が設置され、国際観光振興のための専門組織が誕生しました。これにより、観光地の魅力を広め、観光客を誘致するための専門的な職務が公式に始まったと言えます。,,1,,"コミュニケーションスキル,多言語能力,SQL,地域文化の知識","true,true,false,true","観光英語検定試験,旅行業務取扱管理者","false,false","日本政府観光局 (JNTO),沖縄観光コンベンションビューロー,京都市観光協会","論理的思考力,コミュニケーション能力,異文化理解力,継続力,ホスピタリティ精神","false,true,true,false,false","最新技術への関心,データ分析,異文化理解と交流,旅行・ホスピタリティへの興味","false,false,true,true",観光局スタッフは、地域の観光資源を活用し、観光地の魅力を広める役割を担っています。具体的な業務には、観光案内業務やイベントの企画・運営、観光データの収集や分析、広報活動、地域住民や観光客との交流促進などが含まれます。また、観光客に快適で安全な旅行体験を提供するための施策提案や実施も行います。外国語スキルが求められることも多く、コミュニケーション能力や地域の知識を活かして活躍する職種です。,32,19:30,85,2,31,15,45,550,4.5,宿泊・観光業
357,国家公務員Ⅲ種,1949,第二次世界大戦後の国家公務員法（1947年制定、1948年全面施行）の導入に伴い、公務員の採用区分として「I種」「II種」「III種」が設けられました。この新制度に基づく国家公務員採用試験が1949年（昭和24年）に初めて実施され、「国家公務員III種」の職種としての存在が確立しました。,2011年 (制度改正のため廃止),0,日本,"コミュニケーションスキル,SQL,法律知識","true,false,true",国家公務員試験�V種,TRUE,"総務省,財務省,国土交通省","論理的思考力,継続力","true,true","データ分析,公共政策への関心","false,true",国家公務員�V種は、主として一般事務や技術系（例えば土木、電気など）の補助業務を行う職位です。これらの職務は日本の行政機関において行われ、安定した雇用環境と公務員としての社会的信用を得られます。応募資格は高校卒業程度であり、採用試験を通過する必要があります。異動や転勤がある可能性があり、地域を問わず日本全国での勤務が求められることがあります。,32,19:30,85,2,31,15,45,550,4.5,官公庁・行政・自治体
358,カイロプラクター,1895,D.D.パーマーがアイオワ州ダベンポートでハーヴェイ・リラードに対し、世界初のカイロプラクティック調整を行った年です。,,1,アメリカ,"コミュニケーションスキル,人間解剖学の知識,触診技術,姿勢と運動評価スキル,治療計画の作成能力","true,true,true,false,false",カイロプラクティック免許,TRUE,"日本カイロプラクティックセンター,アクアティックカイロプラクティック,原宿カイロプラクティックセンター","論理的思考力,解剖学の知識,手技療法の技術,患者とのコミュニケーション能力","true,true,true,false","手技療法への興味,患者とのコミュニケーションへの興味,身体の健康とウェルネスへの興味","true,true,false",カイロプラクターとは、脊椎をはじめとする身体の痛みや違和感に対する徒手療法を提供する専門職です。彼らは薬や手術を使用せずに、背骨や関節の矯正を行い、自然治癒力の向上を図ります。カイロプラクティックの施術は、特に腰痛、首の痛み、頭痛などで悩む患者に対して有効とされています。資格を得るためには、専門の教育機関でのトレーニングおよび資格取得が必要です。,39.9,19:30,46.5,1.5,31,20,70,480,7.7,医療・福祉・介護業
359,路線バス運転士,1904,日本で最初の継続的な路線バスサービスが、1904年9月に広島県安芸郡仁保島村（現在の広島市南区仁保）で開始されました。このサービス開始に伴い、路線バスを運行する専門の運転士が必要となり、この職業が誕生したと考えられます。,,1,,"コミュニケーションスキル,運転技術,安全運転の知識,地理知識,緊急時対応能力","false,true,true,false,false",大型二種運転免許,TRUE,"トヨタ自動車,ジェイアールバス,関東バス株式会社,日本交通株式会社","継続力,注意力,コミュニケーション能力","true,true,false","最新技術への関心,安全運転への興味","false,true",路線バス運転士は、都市部や地方の公共交通機関として、定められた路線を走行し、乗客を安全かつ時間通りに目的地へ運ぶ役割を担う職業です。具体的な業務内容には、運転業務だけでなく、時刻表の確認、乗降客の案内、運行状況の把握、車両の安全点検、事故やトラブルへの対応などがあります。バス運転士は通常、大型自動車第二種運転免許が必要とされており、安全運転への高い意識が求められます。また、地域によっては早朝や深夜の勤務、休日勤務もあるため、柔軟な勤務時間に対応できることが望ましいです。,52.1,19:00,98.5,2,30.5,5.5,60.2,450,15.2,運輸・物流・倉庫業
360,電気工事士,1887,日本で東京電燈会社が一般向けの電力供給を開始した年であり、これに伴い建物内への電気設備の設置や保守の需要が本格的に発生し、専門の技術者が必要とされたため。,,1,日本,"電気工事法規,配線技術,コミュニケーションスキル","true,true,false","第二種電気工事士,第一種電気工事士","true,false","関電工,日清電気設備,東光高岳","電気の知識,論理的思考力,継続力","true,true,false","最新技術への関心,電気設備への興味","false,true",電気工事士は、住宅やビルなどの建物内外で電気設備の設置や保守、改修を行う技術者です。電気配線やコンセント、照明器具の取り付け、配電盤の設置などを担当し、安全かつ効率的な電気供給を確保します。国家資格である電気工事士免許が必要であり、実務の際には安全基準に従った作業が求められます。,,18:00,,,,,,550,4.5,建設・土木業
361,きものアドバイザー,1966,1966年の和装振興協議会の設立は、現代化する社会において着物文化を促進・保存するための国家的な取り組みを示しています。これは、着物が日常着から特別な場面での衣装へと変化する中で、伝統的な知識と現代のライフスタイルを結びつける専門的なアドバイスが求められる「きものアドバイザー」のような職業が確立される土壌を作りました。,,1,,"コミュニケーションスキル,着物の知識,ファッションコーディネート能力","true,true,false","着物コーディネーター資格,和装資格","false,false","きものやまと,鈴乃屋,一蔵,はるやま商事","コミュニケーション能力,文化的知識,継続力,ファッションセンス","true,true,false,true","日本文化への興味,伝統工芸への関心,コミュニケーション能力,ファッションへの興味","true,true,false,false",きものアドバイザーは、着物に関する専門的な知識を活用して、顧客に最適な着物選びや着付けのアドバイスを行う職業です。主に着物の販売店やレンタルショップ、イベントなどで勤務し、顧客の要望や着用シーンに応じた着物を提案します。また、着物のコーディネートや手入れ方法についても指導することが求められます。伝統的な和装文化を大切にしつつ、現代のライフスタイルにも合わせた提案ができる能力が必要です。,42.3,18:30,2.5,1.5,31.8,8.5,48.2,350,7.2,小売業・EC・流通業
362,建築物環境衛生管理技術者,1970,建築物環境衛生管理技術者は、「建築物における衛生的環境の確保に関する法律」（通称「ビル管理法」）に基づいて設置が義務付けられた国家資格であり、この法律が1970年（昭和45年）に制定・施行されたことにより、その職種が確立されました。,,1,日本,"コミュニケーションスキル,衛生管理知識,建築物環境関連法規の知識,施設管理技術,設備点検・保守技術","true,true,true,true,true",建築物環境衛生管理技術者資格,TRUE,"トヨタ自動車,東京海上ビルディング","環境衛生に関する専門知識,建築設備の運用管理能力,論理的思考力,継続力","true,true,false,false","データ分析,環境保全への関心","false,true",建築物環境衛生管理技術者とは、一般的にはビル管理技術者としても知られ、建物の環境衛生に関する設備や施設の管理を行う専門職です。具体的には、空調設備の管理や水質管理、清掃の監督、害虫駆除、電気設備や給排水設備の維持管理などが含まれます。適切な環境を維持するために法律や基準を遵守し、定期的な点検や改善策を企画・実施します。,46.6,17:45,83.7,2,32,24,70,650,12.5,不動産業
363,ハウジングアドバイザー,1908,米国で全国不動産委員会（現在の全米リアルター協会 NAR）が設立された年であり、不動産業界の専門化と標準化が大きく進展し、顧客への専門的なアドバイス提供の基盤が築かれたためです。この時期から、市場動向や法的手続きを含む包括的な不動産アドバイスを提供する専門職の役割が確立され始めました。,,1,,"コミュニケーションスキル,不動産知識,顧客対応スキル,マーケティングスキル","true,true,false,false",宅地建物取引士,TRUE,"住友不動産,三井不動産リアルティ,東急リバブル,三菱地所リアルエステートサービス,野村不動産アーバンネット","論理的思考力,継続力,コミュニケーション能力,顧客ニーズの把握能力","true,false,true,true","住宅市場への関心,データ分析","true,false",ハウジングアドバイザーは、主に住宅や不動産に関するアドバイスを提供する専門職です。顧客のニーズや予算に応じて最適な物件を紹介し、不動産購入や賃貸の手続きをサポートします。また、市場動向や法的手続きに関する情報提供も行います。個人の顧客だけでなく、投資家や法人向けの不動産提案をすることもあります。,32,19:30,85,2,31,15,45,550,4.5,不動産業
364,ドアパーソン,1869,ドアパーソンの役割は、古代の門番やポーターにそのルーツを持つものの、客への包括的なおもてなし、荷物の運搬、タクシーの手配、入館者の確認といった現代的な職務は、19世紀後半に豪華なホテルや高級マンションの出現とともに専門職として確立されました。特に、アメリカ合衆国ニューヨーク市で1869年に竣工した「スチューイサント・アパートメンツ」のような初期の高級集合住宅や、それに続くグランドホテルの登場が、この専門職の確立に大きく寄与しました。,,1,,"コミュニケーションスキル,礼儀正しさ,忍耐力","true,true,false",,FALSE,"帝国ホテル,ザ・リッツ・カールトン大阪,ホテルオークラ東京","継続力,論理的思考力,対人コミュニケーション能力,丁寧さ,忍耐力","false,false,true,true,false","人々を迎え入れることへの関心,コミュニケーション能力","true,true",ドアパーソンは、ホテル、マンション、オフィスビルなどの出入口で客や訪問者を迎え入れたり見送ったりする仕事です。主な役割は、訪問者に対するドアの開閉、荷物の持ち運びや案内、タクシーの手配、入館者の確認などです。加えて、高級施設では顧客に特別なホスピタリティを提供することも求められます。外見や身だしなみを整え、礼儀正しい態度で接することが重要です。この職業は、よい対人スキルと礼儀、施設や周辺の知識が求められる職種です。,42.3,18:45,75.5,2,31.8,12.5,55.2,380,7.2,宿泊・観光業
365,ホームヘルパー,1965,日本では、1965年に「老人福祉法」のもと「訪問介護事業」が正式に開始され、高齢者の家庭を訪問して日常生活の援助や身体介護を行う専門職が制度化されました。,,1,日本,"コミュニケーションスキル,介護技術,介護福祉士資格,緊急対応能力,ストレス管理能力","true,true,false,false,false","介護職員初任者研修,介護福祉士実務者研修,介護福祉士","true,false,false","ニチイ学館,ツクイ,セントケア・ホールディング,ソラスト,ケアサービス","共感力,コミュニケーション能力,継続力","true,true,false","高齢者や障害者への支援の興味,データ分析","true,false",ホームヘルパーは、高齢者や障がい者など、日常生活におけるサポートが必要な人々に対し、家庭を訪問して支援する職業です。日常の家事手伝いや身体介護、健康管理などを行い、利用者の生活の質を向上させることを目的としています。柔軟な働き方が可能で、仕事を通じて人の役に立つことができる点が魅力です。,49.9,17:15,14.5,2,30.3,12.3,75.8,365,8.3,医療・福祉・介護業
366,臨床心理士,1988,日本において「臨床心理士」という専門職の資格認定制度が開始された年です。日本臨床心理士資格認定協会が設立され、この年から臨床心理士の資格試験が実施されるようになりました。,,1,日本,"コミュニケーションスキル,共感力,倫理観,問題解決能力,ストレス管理能力","true,true,true,false,false","臨床心理士資格,公認心理師資格","true,false","国立精神・神経医療研究センター,東京大学医学部附属病院","論理的思考力,共感力,コミュニケーション能力,倫理的判断力,継続力","true,true,true,true,true","人間心理への深い関心,コミュニケーションスキル,データ分析,倫理的配慮","true,true,false,true",臨床心理士は、主に病院、学校、企業などで、心理的な問題を抱える人々の相談やカウンセリングを行い、メンタルヘルスの支援をします。彼らは心理療法を通じて、クライアントの心理的問題の解決を図り、精神的健康の維持や向上を目指します。臨床心理士は、心理査定を行い、クライアントの心理状態を診断し、適切な治療計画を立てる役割も担っています。また、他の医療専門職と連携して総合的なケアを提供することもあります。,32,19:30,85,2,31,15,45,550,4.5,医療・福祉・介護業
367,介護福祉士,1989,介護福祉士の国家試験が初めて実施された年です。これをもって、国家資格としての「介護福祉士」という専門職が正式に誕生しました。関連法である「社会福祉士及び介護福祉士法」は1987年に制定されていますが、実際に資格取得が可能になったのは1989年の国家試験開始からです。,,1,日本,"コミュニケーションスキル,介護技術,身体介護技術,応急手当,安全管理","true,true,true,false,false",介護福祉士資格,TRUE,"株式会社ニチイ学館,株式会社セントケア・ホールディング,株式会社ソラスト,株式会社ケアサービス,株式会社ツクイ","コミュニケーション能力,忍耐力,身体的な健康,継続力,共感力,論理的思考力","true,true,true,true,false,false","人への共感,最新技術への関心","true,false",介護福祉士は、介護が必要な高齢者や障害者の日常生活を支援する専門職です。具体的な業務には、食事や入浴の介助、生活環境の整備、レクリエーションの実施、介護計画の立案などが含まれます。また、利用者の健康状態や生活全般の様々な相談にも対応します。 介護福祉士は、福祉施設、病院、居宅介護サービス事業所など、さまざまな場所で働くことができます。福祉の現場では、心身のサポートを行うことが求められ、コミュニケーション能力や人に寄り添う姿勢が重要視されます。 介護福祉士資格を取得するには、福祉系の専門学校や大学での学びを経て、国家試験に合格する必要があります。また、実務経験を積んでキャリアアップすることも可能で、ケアマネージャーや福祉施設の管理職に進む道もあります。,32,19:30,15,2,31,15,45,550,4.5,医療・福祉・介護業
368,電車運転士,1825,電車運転士という職業の起源は、1825年に世界初の公共鉄道として開通したイギリスのストックトン・アンド・ダーリントン鉄道での蒸気機関車の運転に遡ります。この鉄道で初めて、定期的に蒸気機関車を運転し、乗客や貨物を輸送する役割が確立されました。ジョージ・スティーブンソン自身が、開業初日に「ロコモーション号」を運転したと記録されており、これが専門的な運転技術と責任を伴う「運転士」という職業の始まりと考えられています。,,1,,"コミュニケーションスキル,電車の運行知識,安全管理スキル,ストレス管理能力,体力,機械操作の熟練度","true,true,true,false,false,true","鉄道運転士免許,運転免許第一種","true,true","トヨタ自動車,JR東日本,JR西日本,東京メトロ,近畿日本鉄道,西武鉄道","集中力,注意力,継続力","true,true,false","最新技術への関心,安全管理への興味,機械操作への興味,公共交通機関への興味","false,true,true,false",電車運転士は、鉄道会社に所属し、乗客や貨物を安全に目的地まで輸送するために、電車を運転する職業です。運転ダイヤに従い、定められた時間に電車を発着させることが求められます。また、安全運転のための様々な規則や技術を習得する必要があります。業務の一環として、車両点検や駅での案内放送、非常時の対応なども含まれます。通常、運転士になるためには、一定の訓練と試験をクリアし、運転士の資格を取得する必要があります。,44.4,19:00,97.8,2,31.5,8.5,45,650,16.1,運輸・物流・倉庫業
369,スポーツ用品販売員,1876,1876年にA.G. Spalding & Bros.が設立され、スポーツ用品の製造・販売を本格的に開始しました。同社は自社店舗を展開し、野球用品をはじめとするスポーツ用品を専門的に販売したため、顧客に適切な製品を提案し販売する専門の販売員の職務がこの時期に誕生したと考えられます。,,1,,"コミュニケーションスキル,商品知識,販売スキル,顧客サービス","true,true,true,true","販売士検定,日商簿記検定","false,false","ミズノ,アシックス,トヨタ自動車,ゼビオグループ","継続力,論理的思考力,コミュニケーション能力,製品知識,カスタマーサービススキル,営業力","false,false,true,true,true,false","スポーツへの興味,最新技術への関心,顧客サービスへの関心","true,false,true",スポーツ用品販売員は、スポーツ用品店で働き、顧客に適切なスポーツ用品を提案、販売する職種です。顧客のニーズに基づいて商品を紹介したり、商品に関する知識を提供します。商品在庫の管理、ディスプレイの配置、レジ業務、カスタマーサービスも重要な業務です。新製品の情報を常に把握し、スポーツに関する知識を豊富に持つことで、顧客の信頼を得ることが求められます。,32,19:30,85,2,31,15,45,550,4.5,小売業・EC・流通業
370,グリーンコーディネーター,1996,グリーンコーディネーターの役割は、環境に配慮した持続可能な都市景観および建物内部の緑化デザインに特化しており、このような専門職の需要は1990年代以降、環境意識の高まりとともに顕著になりました。特に、日本園芸協会が「グリーンコーディネーター資格」を1996年に設立したことは、この職種が専門分野として確立され、社会的に認知された重要な指標となります。,,1,,"植物知識,コミュニケーションスキル,エコデザイン,環境法規制の理解","true,true,false,false",グリーンコーディネーター資格,FALSE,"セコム株式会社,三井不動産株式会社,株式会社竹中工務店","論理的思考力,継続力,環境知識,コミュニケーション能力,デザインセンス","false,false,true,true,false","環境保護への情熱,最新技術への関心,データ分析","true,false,false",グリーンコーディネーターは、主に都市の景観や建物内部の緑化を計画・提案する職業です。環境に配慮した持続可能なデザインや植物配置を企画し、スペースの美観や機能を向上させることを目的としています。具体的には、公共施設やオフィスビル、住宅などの屋上庭園やインドアガーデンのデザイン、植物の選定やメンテナンスの計画を行います。エコロジカルな知識に加え、デザインセンスやプロジェクトマネジメント能力が求められます。,,18:00,,,,,,550,4.5,建設・土木業
371,バーテンダー,1830,「バーテンダー」という職業が、特にアメリカでカクテル文化の発展とともに専門化し始めた時期と考えられます。この時期に「バーテンダー」という言葉が一般的に使われ始め、単なる酒場経営者や給仕係とは異なる、ドリンクの調合と接客を専門とする役割が確立されていきました。ジェリー・トーマスのような著名なバーテンダーの登場や、彼によるカクテルブックの出版（1862年）は、この職業が既に確立されていたことを示唆しており、その基礎は1830年代には形成され始めていたと推測されます。,,1,,"コミュニケーションスキル,カクテル作成技術,アルコールと飲料の知識,健康と安全に関する理解,バランスと機敏性","true,true,false,true,false",Bartender Certification,FALSE,"バー保志,Bar Trench,High Five","論理的思考力,コミュニケーション能力,創造力,サービス精神","false,true,false,true","人とのコミュニケーションへの関心,サービス精神,創造性と新しい飲み物への興味","true,true,false",バーテンダーは、バーやレストランなどでカクテルやアルコールドリンクを調製し、提供する専門職です。顧客の要望に応じたドリンクを作成し、また新しいレシピを考案することもあります。バーテンダーは、飲料の知識だけでなく、接客スキルやコミュニケーション能力も重要です。さらに、店舗の雰囲気を盛り上げる役割も担い、顧客との良好な関係を築くことが求められます。,,18:00,,,,,,480,5.5,飲食・フードサービス業
372,国際ボランティア,1920,国際ボランティアの概念は、第一次世界大戦後の平和運動に端を発します。スイスの平和活動家ピエール・セレッソールが1920年にフランスのヴェルダン近郊エスネスで組織した「最初の国際ワークキャンプ」がその起源とされています。この活動では、戦争で破壊された村の家屋再建のために、ドイツ人を含む様々な国のボランティアが協力しました。これは、現代の国際ボランティア活動の主要な特徴である、異なる国籍の人々が人道支援や文化交流のために他国で協力するというモデルの先駆けとなりました。,,1,,"コミュニケーションスキル,異文化理解,問題解決能力","true,true,false","国際関係学学位,外国語検定資格（例: TOEFL, IELTS）","false,false","国際協力機構 (JICA),国際交流基金,ピースボート,グリーン・サバイバル","論理的思考力,コミュニケーション能力,文化的理解,柔軟性,異文化適応力","false,true,true,true,true","文化交流への興味,人道支援への関心,最新技術への関心","true,true,false",国際ボランティアは、国際的な支援が必要な地域や国で活動するボランティアで、教育、医療、環境保護、災害支援など多岐にわたる分野での活動が求められます。目的は、人道支援や文化交流であり、参加者は異文化を学びながら地元の人々と協力して問題解決を図ります。多くの団体がプログラムを提供しており、ボランティアは経験やスキルを活かして活動します。,32,19:30,85,2,31,15,45,550,4.5,宗教・非営利・NPO・NGO
373,ファッションアドバイザー,1970,ファッションアドバイザーの職務内容である個人のスタイルやワードローブのコンサルティングは、1970年代に「イメージコンサルタント」という職業が台頭し始めた時期と重なります。この頃から、単なる販売員やテーラーとは異なる、専門的な視点から顧客の服装や印象全体をアドバイスするサービスが認知され始めました。百貨店におけるパーソナルショッパーの登場もこの時期に重なり、現代のファッションアドバイザーの原型が形成されたと考えられます。,,1,,"コミュニケーションスキル,ファッションセンス,トレンド把握力,顧客サービススキル","true,true,true,false","ファッションスタイリスト検定,カラーコーディネーター検定","false,false","ユナイテッドアローズ,ビームス,オンワード樫山","コミュニケーション能力,論理的思考力,ファッションセンス,継続力","true,false,true,false","トレンドへの敏感さ,顧客サービスへの関心,ファッションスタイリングへの興味,最新技術への関心","true,true,false,false",ファッションアドバイザーは、お客様の個性やライフスタイルに合った衣服やアクセサリーを選ぶ手助けをする職業です。トレンド情報の提供やワードローブの整理、購入時のアドバイスなどを通じて、顧客にスタイルや服装の提案を行います。顧客の好みやニーズに基づいてコーディネートを組み立て、自信を持ってファッションを楽しむためのお手伝いをします。,32,19:30,15,2,31,15,45,550,4.5,小売業・EC・流通業
374,列車清掃員,1870,鉄道網の急速な拡大と旅客数の増加に伴い、車両の清潔さと乗客の快適性を維持する必要性が高まりました。特に19世紀後半には、長距離列車の導入や車内設備の充実（例：トイレの設置）が進んだことで、専門的に列車や駅構内を清掃する「列車清掃員」のような役割が確立され始めました。この時期、鉄道会社は大規模な組織となり、清掃を含む多様な専門職を雇用するようになりました。,,1,,"コミュニケーションスキル,注意力,体力,清掃技術","false,true,true,false","労働安全衛生法に基づく特別教育修了証,清掃業務技能試験合格証","false,false","JR東日本メンテナンス株式会社,西日本旅客鉄道株式会社,東京メトロサービス株式会社","注意力,継続力,体力,清掃技術","true,true,false,false","清掃作業に対する情熱,整理整頓への興味","true,false",列車清掃員は、電車内や駅のプラットフォームなどにおける清掃を担当する職業です。乗客が快適に利用できる環境を整えるため、座席や床、窓、トイレなどを清掃します。作業は限られた時間内で効率よく行う必要があり、業務によっては深夜や早朝の勤務もあります。,48,18:00,70,2,33,5,50,350,10,運輸・物流・倉庫業
375,商社マン,1876,近代的な商社組織の原型が誕生した年です。明治維新後、日本が国際貿易に本格的に参入する中で、海外の商人を介さずに自国で貿易を担う必要性が高まりました。1876年に設立された三井物産は、日本の近代的な総合商社の先駆けとされており、石炭の輸出から始まり、様々な商品の輸出入を手がけました。これにより、国際的な商取引を専門に行う「商社マン」という職種が具体的に求められるようになりました。,,1,,"コミュニケーションスキル,SQL,営業力,商品知識,国際ビジネスの知識,英語力","true,false,true,true,false,false","基本情報技術者試験,ビジネス英語検定","false,false","トヨタ自動車,三菱商事,三井物産,住友商事,伊藤忠商事","論理的思考力,継続力,コミュニケーション能力,交渉力,ビジネス戦略理解,語学力","true,true,true,true,false,false","ビジネスへの情熱,データ分析,対人スキル,最新技術への関心","true,false,true,false",商社マンは、商社に勤務し、企業間取引を通じてさまざまな商品を輸出入し、販売する職業です。日本企業が主に海外市場で商品や原材料を取引する際の仲介役を担っています。取引先との交渉、マーケティング、物流の手配、財務管理など多岐にわたる業務を行います。グローバルなビジネスシーンで活躍することが求められるため、高いコミュニケーション能力と語学力が必要とされます。,32,19:30,85,2,31,15,45,550,4.5,商社・卸売業
376,物品購買スタッフ,1890,19世紀後半、産業革命の進展と企業規模の拡大に伴い、大量の原材料や部品を体系的に調達する必要性が生じました。これにより、単なる一般管理者や生産担当者が兼任するのではなく、供給業者との交渉、価格分析、発注、納期管理などを専門的に担当する「購買担当者」または「購買代理人」といった専任の職務が組織内に登場し始めました。この時期が、物品購買スタッフという専門職が組織内で確立され始めた初期の段階とされています。,,1,,"コミュニケーションスキル,交渉スキル,市場調査と分析能力","true,true,false","販売士検定,商品知識検定","false,false","三越伊勢丹ホールディングス,高島屋,近鉄百貨店","論理的思考力,継続力,コミュニケーション能力,ネゴシエーションスキル,商品知識","true,false,true,true,false","最新技術への関心,商品知識への興味","false,true",物品購買スタッフは、企業や組織で必要な物品や資材を調達する職務を担っています。主要な仕事内容には、供給業者との交渉、価格分析、発注手配、納期管理、品質確認が含まれます。効率的かつコスト効果の高い購入を行うためには、市場調査やサプライチェーン管理の知識が求められます。また、社内部門やベンダーとのコミュニケーション能力も重要です。,42.5,18:30,65,2,30.5,12.5,55,450,7.2,商社・卸売業
377,ランドオペレーター,1841,ランドオペレーターの役割、すなわち旅行代理店や旅行会社と協力し、現地での観光ツアーやアクティビティ、宿泊施設、交通手段の手配を行う機能は、近代的なパッケージツアーの誕生とともに始まりました。トーマス・クックが1841年に世界初の団体旅行を企画した際、彼は参加者の輸送、食事、宿泊の手配を行っており、これがランドオペレーターの機能の原型となります。彼の会社が国際的に拡大するにつれて、各地の支店やエージェントが現地手配業務を専門的に行うようになり、この職業が形成されていきました。,,1,,"コミュニケーションスキル,SQL,海外旅行の知識,地理知識,ツアープランニング","true,false,true,true,false",旅行業務取扱管理者,TRUE,"JTB,HIS,トヨタ自動車","コミュニケーションスキル,問題解決能力,継続力,地理知識","true,true,false,false","最新技術への関心,旅行・観光への強い興味,人とのコミュニケーション","false,true,true",ランドオペレーターは旅行業界において、旅行代理店や旅行会社と協力し、現地での観光ツアーやアクティビティ、宿泊施設、交通手段の手配、観光客へのガイドサービスなどを調整・提供する役割を担っている職業です。彼らは通常、特定の観光地や国に精通しており、クライアントの要望に応じて最適な旅行プランを作成することが求められます。,38.9,19:14,58.5,1.7,30.7,10.5,52.8,420,6.3,宿泊・観光業
378,証券アナリスト,1920,証券アナリストという職業は、20世紀初頭、特に1920年代に金融市場の発展と企業の複雑化に伴い、投資助言と評価の専門的ニーズが高まったことで出現しました。この時期から、投資銀行や証券会社が企業や市場の動向を体系的に分析する専門家を雇用し始め、その役割が確立されていきました。ベンジャミン・グレアムが「証券分析」を著し、その分析手法が確立されるのは1934年ですが、職業としての存在はそれ以前から見られます。,,1,日本,"SQL,コミュニケーションスキル,金融分析,財務知識,リサーチ能力,Excel,リポート作成スキル","false,true,true,true,true,true,true",証券アナリスト資格試験,TRUE,"野村ホールディングス,大和証券グループ本社,SMBC日興証券,三菱UFJモルガン・スタンレー証券","論理的思考力,継続力,金融知識,分析力,コミュニケーション能力","true,false,true,true,false","データ分析,金融市場への興味,最新技術への関心","true,true,false",証券アナリストは、株式、債券、外国為替など金融資産の分析を専門とする職業です。企業の財務状況や市場の動向を分析し、投資の決断に役立つ情報を提供します。主な業務には、企業の財務データの収集と分析、経済指標の評価、市場トレンドの調査、レポートの作成などが含まれます。投資家やファンドマネージャーに向けてプレゼンテーションを行い、投資助言を行うこともあります。証券アナリストは、金融業界全般に欠かせない役割を担っており、分析力や経済知識が求められます。,37,19:00,70,2,31,20,45,800,7.5,金融業・保険業
379,点字通訳者,1854,点字通訳者の職務内容である「点字の教育」「書籍や書類の点字化」「視覚障害者への支援」は、点字が制度的に採用された時点で必要とされました。ルイ・ブライユの点字システムがフランス王立盲人院で正式に採用されたのが1854年であり、この時から、点字を教え、点字資料を作成し、点字を用いて視覚障害者の情報アクセスを支援する専門職的役割が確立し始めました。,,1,日本,"コミュニケーションスキル,点字の読み・書き能力,視覚障害者への理解と共感能力","true,true,true","点字通訳技能検定,視覚障害者情報提供相談士","true,false","点字出版社ブライト,盲導犬協会,日本点字図書館","言語理解力,触覚感受性,継続力,コミュニケーション能力","true,true,false,false","視覚障害者への理解と支援,コミュニケーション能力","true,true",点字通訳者とは、視覚障害者のために点字を用いて文字情報を提供する職業です。点字翻訳、教育、及び支援業務を担い、具体的には書籍や書類の点字化、点字の指導、視覚障害者がアクセスしやすい情報の提供を行います。点字の知識と、視覚障害者のニーズを理解したコミュニケーション能力が求められます。,48.5,18:30,35.5,2,35.3,10.5,70.2,420,15.2,医療・福祉・介護業
380,歯科技工士,1887,1887年にJames E. Kennedyがシカゴに最初の商業歯科技工所（dental laboratory）を設立したことが、歯科医師の補綴物製作作業が専門職として分離し、現代の歯科技工士の職種が確立される重要な転換点とされています。それ以前は歯科医師が自ら補綴物を製作するか、歯科医院内で助手が行うのが一般的でした。,,1,日本,"技術力,細部への注意力,コミュニケーションスキル","true,true,false",歯科技工士免許,TRUE,"デンタルサプライ大手企業として、松風株式会社が挙げられます。,株式会社モリタが医療機器を製造し、歯科関係にも注力しています。,ナカニシ株式会社も歯科医療で有名な日本企業です。","論理的思考力,手先の器用さ,色彩感覚,細部への注意力","true,true,false,true","精密作業への興味,芸術的巧みさへの興味","true,false",歯科技工士は、歯科医師の指示のもとで義歯やクラウン、ブリッジ、矯正装置などの歯科補綴物やデバイスを製作する専門職です。患者の口腔内の状態に合わせたカスタムメイドの歯科技工物を作成し、治療の一環として使用されます。歯科技工士は、精密な技術と細部に対する注意力が求められる職業です。,32,19:30,85,2,31,15,45,550,4.5,医療・福祉・介護業
381,マーシャラー,1945,航空機のマーシャラーという職業は、第二次世界大戦中および戦後直後にその重要性が明確に認識され、確立されました。大戦中に航空交通量が爆発的に増加し、航空機が大型化・複雑化したことで、滑走路や駐機場でのパイロットへの標準化された視覚的誘導の必要性が高まりました。戦後、民間航空が急速に発展するにつれて、地上での航空機の安全かつ効率的な移動と駐機を確保するため、マーシャラーの役割はさらに形式化され、世界中の空港で広く採用されるようになりました。国際民間航空機関（ICAO）などによる地上誘導手順の標準化も、この職業の確立に貢献しました。,,1,,"コミュニケーションスキル,航空機誘導技術,安全管理,乗客案内","true,true,true,false","航空機地上支援技術資格,空港マーシャリング技術者認定","true,false","スイスポート・ジャパン株式会社,JALグランドサービス株式会社,ANAスカイビルサービス株式会社","論理的思考力,コミュニケーション能力,体力,チームワーク力","false,true,true,true","最新技術への関心,データ分析","true,false",マーシャラーとは、航空機が地上を移動する際に、パイロットに対して視覚的なサインを送って誘導する業務に従事する職員のことを指します。滑走路やゲート付近で特に活躍し、航空機の安全な移動と駐機を支援する役割を担います。,38.3,19:35,87.5,2,31.2,25.5,48.1,520,6.2,宇宙・航空・先端科学産業
382,コンパニオン,1962,コンパニオンという職業の現代的な形態は、日本において1960年代に大規模な展示会やイベントで確立されました。特に1962年に開催された第9回東京モーターショーでは、「モーターショーガール」と呼ばれる女性たちが、来場者の案内、製品説明、接客といった役割を担い、今日のイベントコンパニオンの原型となりました。彼女たちの活躍が注目を集め、この種の職務が広く認識されるきっかけとなったため、1962年をその存在開始時期と特定します。,,1,,"コミュニケーションスキル,接客スキル,身だしなみスキル,時間管理スキル,顧客サービススキル","true,true,true,false,false","接客マナー検定,コミュニケーション能力認定","false,false",セクキャバ関係の企業はありません,"コミュニケーション能力,柔軟性,感情認識能力,対人スキル,継続力","true,true,false,true,false","人と接することへの興味,社交性","true,true",コンパニオンは、イベント、展示会、パーティーなどで参加者をおもてなしし、接客を担当する役割を担います。主に、来場者への案内や商品説明、受付業務などを行います。接客スキルやコミュニケーション能力が求められ、明るく親しみやすい接客態度が重要です。また、イベントの内容や会場によっては特定の知識やスキル、言語能力が必要となる場合もあります。,32,19:30,15,2,31,15,45,550,4.5,スポーツ・レジャー・イベント業
383,フラワーショップ店員,1838,アメリカで最初の専門的なフラワーショップとされるヘンリー・A・ドリアーの店舗がフィラデルフィアで開業した年であり、この種の専門店舗の出現により、花や植物の販売、花束の作成、ディスプレイ管理などを行う専門職としてのフラワーショップ店員が確立されたためです。,,1,,"コミュニケーションスキル,フラワーアレンジメント,商品提案スキル","true,true,false","フラワー装飾技能士,NFD（日本フラワーデザイナー協会）資格","false,false","青山フラワーマーケット,日比谷花壇,ユリ江","継続力,顧客対応力,花の知識","false,true,true","植物や花への興味,接客・コミュニケーション能力,美的センス,商品ディスプレイへの興味,販売戦略への関心","true,true,true,false,false",フラワーショップ店員は、花や植物の販売を行う職業です。顧客の要望に応じて花束を作成したり、店内のディスプレイを管理したりします。花や植物に関する知識が必要で、接客スキルや美的センスも求められます。また、仕入れや在庫管理などの業務も含まれることがあります。花が好きで、人と接するのが得意な人に向いている職業です。,32,19:30,85,2,31,15,45,310,4.5,小売業・EC・流通業
384,ウェイトレス,1794,「ウェイトレス (waitress)」という言葉が、女性の給仕人としての意味で初めて使用されたのが1794年と記録されています。現代的なレストランがヨーロッパで広がり始めた18世紀後半から、女性が給仕の職務に就くことが一般的になり、その職種が明確に認識され、名称が与えられた時期と一致します。,,1,,"コミュニケーションスキル,接客スキル,時間管理能力,多様な言語能力","true,true,false,false","食品衛生責任者,防火管理者","false,false","ジョナサン,デニーズ,ロイヤルホスト,サイゼリヤ,ガスト","継続力,コミュニケーション能力,注意力,チームワーク","true,true,false,false","接客や他者とのコミュニケーションへの興味,迅速なサービス提供への興味","true,false",ウェイトレスは、レストランやカフェなど飲食店で接客する役割を担う職業です。主な仕事内容には、顧客の注文を受ける、料理や飲み物を運ぶ、テーブルを片付ける、レジでの会計などが含まれます。コミュニケーション能力や接客スキルが求められ、顧客に対する気配りや迅速なサービス提供が重要です。シフト制の勤務が多く、休日や夜間も働くことが一般的です。,32,19:30,15,2,31,10,45,250,4.5,飲食・フードサービス業
385,通訳者,-2700,古代エジプトの旧王国時代（紀元前2700年頃）には、外交、商業、軍事などの多言語間の交流において、専門的な役割として通訳者が存在していたことを示す壁画やパピルス文書などの証拠が見られます。これは、異なる言語を話す人々の間で口頭でのコミュニケーションを円滑にする役割が確立されていた最も初期の記録の一つです。,,1,,"コミュニケーションスキル,語学力,文化理解力","true,true,false","TOEIC,TOEFL,IELTS,通訳案内士","false,false,false,true","サイマル・インターナショナル,エイ・エス・アイ,アイ・エス・エス・インスティチュート","論理的思考力,語学力,異文化理解力,コミュニケーション能力,瞬発力,継続力","false,true,false,true,false,false","最新技術への関心,異文化への興味,言語への深い興味,高いコミュニケーション能力","true,true,true,false",通訳者は、異なる言語を話す人々の間でコミュニケーションを円滑にするために、話されている言語をリアルタイムで別の言語へと口頭で翻訳する専門職です。会議、ビジネスミーティング、法廷、医療現場などさまざまな場面で活躍します。通訳者には、言語能力だけでなく、状況を理解し適切に対応する能力が求められます。また、迅速で正確な通訳能力が重要です。,32,19:30,15,2,31,15,45,550,4.5,法律・会計・コンサルティング業
386,作業療法士,1917,作業療法士という職業の起源は、1917年にアメリカ合衆国で「National Society for the Promotion of Occupational Therapy（NSPOT）」が設立されたことにさかのぼります。これは現在のAmerican Occupational Therapy Association（AOTA）の前身であり、精神科医ウィリアム・ラッシュ・ダントン・ジュニアらが中心となって、活動（Occupation）を通じて患者の回復を促すという考えを体系化し、専門職としての基盤を築きました。,,1,日本,"コミュニケーションスキル,リハビリテーション知識,患者の評価と診断スキル,運動学と生体力学の知識,倫理とプロフェッショナリズム","true,true,true,false,false",作業療法士免許,TRUE,"国立国際医療研究センター,聖路加国際病院,東京都立病院","コミュニケーション能力,継続力,観察力,論理的思考力","true,false,true,false","人の健康改善への関心,人間の心理への理解,最新技術への関心,データ分析","true,true,false,false",作業療法士は、身体や精神に障害を抱える人々が日常生活を送るための能力を維持・向上させるためのリハビリテーションをサポートする専門職です。具体的には、日常生活動作の訓練や社会復帰支援、趣味や職業活動の導入を通じてフルライフに適応するための援助を行います。病院や福祉施設、学校などで活躍し、患者一人ひとりに合わせたプログラムを提供します。,36.8,18:16,28.2,2,31,5,45,456,8.6,医療・福祉・介護業
387,牧師,1520,牧師という職業は、16世紀のプロテスタント宗教改革において、その明確な職務と位置づけが確立されました。マルティン・ルターをはじめとする改革者たちは、カトリック教会の「司祭（priest）」とは異なる、説教と聖書の教育を中心とした「牧師（pastor）」の役割を提唱し、新たな教会組織の中でその職務を明確にしました。この時期から、信徒を導き、儀式を執り行い、精神的なカウンセリングを提供する専門職としての牧師が、プロテスタント諸教会で制度化され始めました。,,1,,"コミュニケーションスキル,説教の作成と説教技術,カウンセリングのスキル,宗教学の知識,礼拝の進行管理","true,true,false,true,true","牧師按手式,神学の学位","true,false","日本基督教団,カトリック中央協議会,聖公会,日本バプテスト連盟,日本福音ルーテル教会","コミュニケーション能力,共感力,宗教的理解,継続力,カウンセリングスキル","true,true,true,false,false","宗教的な関心,人間関係の構築への関心","true,true",牧師は、キリスト教会の聖職者であり、信徒を導く精神的リーダーとしての役割を果たします。彼らは宗教儀式や礼拝を執り行い、洗礼や結婚式、葬式などの特別なイベントを取り仕切ります。また、信徒に対するカウンセリングや教育を行い、地域社会における奉仕活動にも参加します。牧師は、神学の深い理解と優れたコミュニケーション能力が求められる職業です。,48.6,17:00,75,2,32.4,10,60,550,12.5,宗教・非営利・NPO・NGO
388,ディスパッチャー,1851,「ディスパッチャー」の役割が初めて正式に確立されたのは1851年9月22日、エリー鉄道のチャールズ・マイノットが電信を使って列車運行指示を出し、列車のスケジュールを調整した時とされています。これにより、近代的な列車運行管理の基礎が築かれ、電信を利用した交通機関の効率的な運用を担う専門職としてのディスパッチャーが誕生しました。,,1,,"コミュニケーションスキル,問題解決スキル,マルチタスク能力,地理的知識,ストレス管理能力","true,true,false,false,false","運行管理者資格,運行管理者試験","true,false","日本貨物鉄道株式会社 (JR貨物),西濃運輸株式会社,日本通運株式会社","論理的思考力,コミュニケーション能力,マルチタスク能力,継続力","true,true,false,false","データ分析,コミュニケーションスキル,効率的な意思決定力,最新技術への関心","true,true,true,false",ディスパッチャーは、主に交通機関や物流業界で稼働する職業です。彼らの主な役割は、配車や配送スケジュールの管理・調整を行い、効率的な運営をサポートすることです。,,18:00,,,,,,550,4.5,運輸・物流・倉庫業
389,動物看護師,1961,英国でRoyal College of Veterinary Surgeons (RCVS) によってRoyal Animal Nursing Auxiliary (RANA) の資格が設立され、獣医看護師の最初の正式な訓練と試験が始まった年であるため。米国でも同時期に最初の2年制動物健康技術者プログラムが設立されています。,,1,日本,"コミュニケーションスキル,動物の生理と病気に関する知識,動物の取り扱い技術","true,true,true",動物看護師資格,TRUE,"アニドックグループ,日本動物看護研究所,Vet's Park動物病院グループ","継続力,観察力,動物への愛情,コミュニケーション能力,論理的思考力","true,true,true,false,false","動物愛護,データ分析","true,false",動物看護師は、動物病院や動物診療所で獣医師をサポートする役割を担います。彼らの主な仕事は、動物の診療や手術の補助、入院中の動物の世話や観察、飼い主に対する動物のケアに関するアドバイスなどです。また、動物の健康状態の記録管理や、診療室や手術室の清掃・消毒といった衛生管理も重要な業務の一部です。,32,19:30,15,2,31,5,45,350,4.5,医療・福祉・介護業
390,精神保健福祉士,1997,精神保健福祉士は、1997年に制定された「精神保健福祉士法」に基づいて創設された専門職です。これにより、この名称と業務範囲が法的に定義されました。,,1,日本,"コミュニケーションスキル,精神保健知識,福祉制度の理解,カウンセリング技術,問題解決能力","true,true,true,false,false",精神保健福祉士資格,TRUE,"社会福祉法人日本精神保健福祉協会,医療法人徳洲会,国立精神・神経医療研究センター","共感力,問題解決力,継続力,論理的思考力,コミュニケーション能力","true,true,false,false,true","人に寄り添う心,共感力,最新技術への関心","true,true,false",精神保健福祉士は、精神的な障害を持つ人々やその家族を支援する専門職です。彼らは、クライアントの生活の質を向上させるために、必要な福祉サービスの提供や、社会復帰、生活訓練を支援します。また、医療機関や福祉施設、地域社会と連携し、適切なサポート体制を構築します。多様な問題に対応するため、カウンセリング技術、法律知識、福祉制度に関する深い理解が求められます。,,18:00,,,,,,550,4.5,医療・福祉・介護業
391,管理栄養士,1962,栄養士法（昭和22年法律第245号）の改正により、「管理栄養士」の資格が創設され、国家試験制度が導入された年です。これにより、栄養士とは異なる、より高度な専門性を有する職種として「管理栄養士」が法的に確立されました。,,1,日本,"コミュニケーションスキル,栄養学の知識,食品安全の知識,献立作成能力,健康関連法規の知識","true,true,true,true,true","管理栄養士免許,栄養士免許","true,false","日清製粉グループ,明治ホールディングス,味の素","栄養学の知識,コミュニケーション能力,情報収集能力,論理的思考力,継続力","true,true,false,false,false","栄養学と健康,食事計画への興味,人々の健康への関心,食品安全と品質管理","true,true,true,false",管理栄養士は、栄養の専門職として、個人または集団の健康を維持・改善するための栄養指導や食事計画を行います。主に病院や学校、企業の給食部門で働きますが、スポーツ団体や行政機関などでも活躍の場があります。資格取得には国家試験に合格する必要があります。栄養学に基づいた科学的なアプローチでの食事管理や栄養相談が主な業務です。,32,19:30,85,2,31,15,45,550,4.5,医療・福祉・介護業
392,清涼飲料ルートセールスマン,1957,この職種は、第二次世界大戦後の経済成長期に清涼飲料の大量生産と広域流通が本格化したことで出現しました。特に、日本コカ・コーラが設立され、近代的な販売・配送網の構築を開始した1957年頃から、専門的なルートセールスマンの需要が高まりました。,,1,,"コミュニケーションスキル,運転免許,商品知識,営業スキル,SQL","true,true,true,true,false",普通自動車運転免許,TRUE,"コカ・コーラ ボトラーズジャパン株式会社,アサヒ飲料株式会社,サントリー食品インターナショナル株式会社","継続力,論理的思考力,コミュニケーション能力,顧客関係構築能力,時間管理能力","true,false,true,true,false","対人関係構築,営業戦略の興味,最新技術への関心","true,true,false",清涼飲料ルートセールスマンは、特定の地域を担当し、スーパーやコンビニエンスストア、小売店などに清涼飲料水を販売・配送する役割を担います。主な業務は、商品の注文受付、在庫管理、納品スケジュールの調整、新商品の紹介、クライアントとの関係構築です。運転免許などが必要な場合もあり、営業スキルやコミュニケーション能力が求められます。,,18:00,,,,,,450,52345678.9,商社・卸売業
393,セラピスト,-1550,エジプトの医学パピルス「エバース・パピルス」（紀元前1550年頃）には、身体的な処置や治療法、薬草療法など、後のセラピストの役割に通じる体系的な医療・治療行為が詳細に記録されており、これらの知識を実践する専門職が存在したと考えられます。この時代には、心身の不調を癒し、健康を促進するための専門家が存在していたと推測されます。,,1,,"コミュニケーションスキル,カウンセリング技術,共感力,ストレスマネジメント,問題解決能力","true,true,true,false,false","公認心理師,臨床心理士","true,false","日本メンタルヘルス協会,医療法人こころの会","論理的思考力,共感力,コミュニケーション能力,継続力","false,true,true,false","最新技術への関心,人間関係と心理学への深い興味","false,true",セラピストは、心身の状態を改善し、リラクゼーションや治療を目的とするさまざまな手法を用いる専門職です。身体的なマッサージや心理的なカウンセリングを通じて、ストレスの軽減や健康の促進を目指します。セラピストは、クライアントの個別のニーズに合わせたケアを提供し、リラクゼーションから痛みの緩和まで、さまざまな目的で働くことがあります。,32,19:30,85,2,31,15,45,550,4.5,医療・福祉・介護業
394,じんかい収集作業員,1880,明治13年（1880年）に東京で「清掃条例」が制定され、近代的なごみ収集が組織的に始まったことに由来します。この条例により、一般家庭からのごみ収集が行政の責任として体系的に行われるようになり、環境衛生の維持が図られました。,,1,,"コミュニケーションスキル,身体的な体力,チームワーク","true,true,false","普通自動車運転免許,小型移動式クレーン運転技能講習修了証","true,false","一次産業系企業,人材派遣会社","体力,注意力,継続力,機械操作技能","true,true,false,false","注意力,最新技術への関心","true,false",じんかい収集作業員は、一般家庭や企業から出るゴミを回収し、適切な処理施設まで運搬する仕事です。主に運搬車両を使用し、安全かつ効率的にごみを集め、環境衛生を守る役割を担っています。通常、早朝から作業を開始することが多く、体力や集中力が求められます。また、地域ごとのルールや規制を理解し、遵守することも重要です。,42.5,17:30,95,2,33,5,50,400,8,環境・リサイクル・サステナビリティ関連業
395,エレベーター据付工,1857,エレベーター据付工の職業は、1857年にニューヨークのデパートに世界初の安全装置付き乗用エレベーターが設置されたことに端を発します。エリシャ・オーチスによって発明されたこの安全エレベーターは、従来の昇降機とは異なり、高度な機械部品、安全性、そして後の電気システムを伴うため、その設置、調整、およびメンテナンスには専門的な知識と技術が求められるようになりました。この最初の設置作業が、専門職としてのエレベーター据付工の事実上の始まりと考えられます。,,1,,"機械組み立て技術,安全管理の知識,コミュニケーションスキル","true,true,true","エレベーター施工管理技士,建設機械施工技士","true,false","三菱電機,日立製作所,オーチス・エレベータ・カンパニー","論理的思考力,継続力,技術的な知識とスキル,安全管理の認識,体力","true,false,true,true,false","機械工学への興味,安全基準への関心,最新技術への関心","true,true,false",エレベーター据付工は、新しい建物や既存の建物にエレベーターを設置する専門職です。この職業には、エレベーターの機械部品、電気配線、制御システムなどの組み立てと取り付けの作業が含まれます。また、エレベーターが安全かつ効率的に動作するよう、各種テストを行い、調整やメンテナンスを行うことも重要です。作業は高所で行うことが多く、安全管理や精密さが求められます。,42.5,18:00,98.8,1.9,33.1,12.5,65.3,480,15.2,建設・土木業
396,着付け,1912,着付けの技術自体は日本の歴史を通じて存在しましたが、「着付け師」という専門職が明確に確立し、その技術が体系的に教えられ始めたのは、大正時代（1912年～1926年）に入ってからとされています。西洋の服装が普及し、着物が日常着から特別な機会に着用されるものへと変化していく中で、着付けの専門知識を持つ人材の需要が高まりました。この時期に着付け教室が設立され始め、着付け師という職業が社会的に認識される基盤が作られました。,,1,,"コミュニケーションスキル,着物の知識,着付け技術,色彩感覚,接客スキル","true,true,true,false,true",着付け技能検定,FALSE,"小林ふぁみれあ,着物山崎,トヨタ自動車,一心堂","手先の器用さ,継続力","true,false","日本文化への関心,伝統工芸への興味","true,true",着付けとは、主に和服や着物を着るための技術や方法を指します。これには、着物や帯の正しい着装法、身だしなみ、礼儀作法の知識が含まれます。着付け師は、顧客の体型や場面に応じて、最適な着付けを提供し、快適に美しく着物を着る手助けをします。この職業は日本の伝統文化を支える重要な役割を果たしており、特に結婚式や成人式、七五三などの式典で需要があります。,48,19:00,5,1.5,28,5,70,250,10,家事・個人サービス業（家政・美容・清掃など）
397,臭気判定士,1995,1995年の悪臭防止法改正により、臭気判定士の資格制度が創設されました。この制度によって、臭気の専門的な測定・評価を行う「臭気判定士」という職業が正式に確立されました。,,1,日本,"コミュニケーションスキル,嗅覚の鋭敏さ,臭気の評価と分析能力","true,true,true",臭気判定士資格,TRUE,"株式会社日立製作所,パナソニック株式会社,株式会社島津製作所","論理的思考力,継続力,嗅覚の敏感さ,化学的知識","true,true,true,false","臭気に対する鋭敏な感覚,データ分析,環境問題への関心","true,false,false",臭気判定士は、さまざまな臭気の強さや特性を判定し、臭気に関する法律や規制に基づいて適切な管理を行います。主な業務には、工場や廃棄物処理場などの臭気源の調査、臭気の成分分析、臭気低減のための対策提案などが含まれます。また、臭気に関する苦情対応や環境改善のためのコンサルティングも行います。臭気に敏感で、分析的思考を持つことが重要です。,46.8,17:54,84,1.9,31.4,2.8,45.3,550,12.7,環境・リサイクル・サステナビリティ関連業
398,中華料理料理人,-1046,中華料理料理人という専門職の存在は、紀元前1046年に始まった周王朝において、宮廷内に料理を専門とする高度に組織化された役職や料理人（食官）が設置されたことに端を発します。これは、特定の調理技術や食材に精通した専門家が、後の「中華料理」へと発展する食文化の基盤を築いたことを示しています。,,1,,"コミュニケーションスキル,中華料理の専門知識,料理の技術,衛生管理,食材の知識","false,true,true,true,false","調理師免許,食品衛生責任者資格","true,false","崎陽軒,中国飯店,聘珍樓","継続力,味覚の鋭敏,衛生管理知識,手先の器用さ,創造力","true,true,true,false,false","最新技術への関心,料理への情熱,味覚の敏感さ,食材に対する興味","false,true,true,true",中華料理料理人は、中華料理を専門に調理する料理人です。様々な中華料理の調理技術を駆使し、顧客に美味しい料理を提供します。中華料理の文化や歴史を理解し、調理に生かすことが求められます。また、食材の選定や管理、調理器具の使い方にも精通している必要があります。,43.4,19:39,85.8,1.3,31,15,45,416,7.8,飲食・フードサービス業
399,損害保険募集人,1939,日本において、保険募集人という職種が法的に定義され、登録・監督の制度が確立されたのは、1939年に制定された「保険業法」によってです。この法律により、保険募集人は正式な職務として確立されました。,,1,日本,"コミュニケーションスキル,SQL,保険商品知識,営業スキル,顧客管理能力","true,false,true,true,false","損害保険募集人資格,ＰＰ払込資格","true,false","東京海上日動火災保険,損保ジャパン,三井住友海上火災保険,あいおいニッセイ同和損害保険","論理的思考力,コミュニケーション能力,顧客対応力,継続力","true,true,false,false","データ分析,最新技術への関心","true,false",損害保険募集人は、顧客に対して損害保険を提案し、契約を勧誘する役割を担います。損害保険とは、事故や災害などの損害を補償するための保険で、自動車保険や火災保険、地震保険などが含まれます。募集人は、顧客のニーズを把握し、最適な保険商品を選定し、契約手続きやアフターフォローを行います。また、保険商品に関する知識を持ち、法令を遵守した販売が求められます。保険会社や代理店で勤務することが一般的です。,50.6,18:00,65,2,30.1,12.5,50,500,10.2,金融業・保険業
400,手話通訳士,1964,"米国で手話通訳士の専門職化と倫理規定、資格認定制度の確立を目指し、全米手話通訳者登録協会（Registry of Interpreters for the Deaf, RID）が設立されたため、これを手話通訳士が専門職として広く認知され始めた重要な時期と捉えることができます。それ以前も手話による通訳は存在しましたが、専門職としての体系的な発展はこの時期から本格化しました。",,1,日本,"コミュニケーションスキル,手話,文化的理解,Python,SQL","true,true,false,false,false",手話通訳士資格,TRUE,"株式会社インターナショナル・サイン・ワールド,一般社団法人日本手話通訳士協会","手話に対する深い理解,論理的思考力,文化的感受性,継続力","true,false,true,false","手話と聴覚障害者コミュニティへの関心,最新技術への関心","true,false",手話通訳士は、聴覚障害者と聴者の間で手話と音声言語を相互に翻訳する専門職です。主に、会議や講演、テレビ番組、法廷などで、手話を用いて聴覚障害者が情報を理解できるよう支援します。また、手話通訳士はその場の文脈を理解し、適切なコミュニケーションを促進する役割も果たします。手話に関する高い技能と知識が求められるため、専門の養成過程を経て資格を取得することが必要です。,42.6,18:30,25.5,1.8,33.1,10.5,55.2,480,8.2,医療・福祉・介護業
401,医療ソーシャルワーカー,1905,医療ソーシャルワーカーの専門職としての起源は、1905年にアメリカのボストンにあるマサチューセッツ総合病院で、内科医のリチャード・カボット博士がソーシャルワーカーを雇用し、患者の社会経済的背景が健康状態に与える影響に対処するための部署を設立したことに遡ります。これが、医療現場で患者の心理的、社会的問題に対応する専門職が組織的に導入された最初の事例とされています。,,1,日本,"コミュニケーションスキル,カウンセリングスキル,社会福祉法の知識,SQL","true,true,true,false","社会福祉士,医師免許","true,false","社会福祉法人恩賜財団済生会,日本赤十字社,医療法人社団浅ノ川総合病院","論理的思考力,共感力,コミュニケーション能力,問題解決能力,継続力","true,true,true,false,false","対人コミュニケーションへの興味,社会福祉への関心,問題解決能力への興味","true,true,false",医療ソーシャルワーカーは、病院や診療所、在宅ケアなどの医療環境で患者やその家族を支援する専門職です。彼らは患者の心理的、社会的問題の評価と対応を行い、必要に応じてリソースや支援を提供します。これには、財政援助の手続き支援や、外部支援機関との連携、退院計画の策定、患者および家族へのカウンセリングが含まれます。医療チームの一員として、患者の全体的なケア向上に貢献し、医療と社会的サポートを統合する役割を果たします。,,18:00,,,,,,475,4.5,医療・福祉・介護業
402,航空管制官,1930,航空管制官という専門職の存在開始時期として、1930年が適切です。この年に、アメリカのクリーブランド市営空港に世界初の航空交通管制塔が設立され、航空機との無線通信を通じて離着陸や飛行の指示を行う専門の管制官が配置されました。これにより、今日の航空管制の基礎となる専門職が確立されました。,,1,日本,"コミュニケーションスキル,ストレス耐性,チームワーク,注意力,判断力,航空機や航空法に関する知識","true,true,true,true,true,true",航空管制官資格,TRUE,"国土交通省航空局,成田国際空港株式会社,関西エアポート株式会社","論理的思考力,ストレス耐性,コミュニケーション能力,迅速な意思決定力,継続力,注意力","true,true,true,true,false,true","データ分析,高い集中力と注意深さ,コミュニケーション能力,ストレス管理能力","true,true,true,false",航空管制官は、航空機の安全な離着陸と飛行を支援する専門職です。空港や管制塔からパイロットと連携し、航空機の位置や高度、速度を監視しながら、他の航空機や障害物との安全な距離を保つために必要な指示を行います。また、天候や交通情報を提供し、緊急時には速やかな対応を図る役割を担っています。,,18:00,,,,,,700,5.2,宇宙・航空・先端科学産業
403,環境計量士,1993,環境計量士の制度は、1992年に公布され、1993年11月1日に施行された新計量法によって新たに創設されました。これにより、濃度関係と騒音・振動関係の2種類に区分された専門職として確立されました。,,1,日本,"環境関連法規の知識,環境影響評価の知識,環境測定技術,コミュニケーションスキル","true,true,true,false",環境計量士資格,TRUE,"株式会社環境総合研究所,株式会社オオスミ,日産アーステクノロジー株式会社,大阪シーリング印刷株式会社,トヨタ自動車","論理的思考力,環境法規制の知識,データ分析力,環境科学の基礎知識,継続力","true,true,true,true,false","データ分析,最新技術への関心,環境への関心","true,false,true",環境計量士とは、環境の測定や分析を専門とする職業で、環境保護や改善に関わるデータの収集、測定、分析を行います。主な業務には、大気、水質、騒音、振動の測定などがあり、様々な環境基準を満たすためのデータを提供します。これにより、環境問題の予防や解決に貢献します。,37.5,18:15,72.5,1.8,31.5,12.3,42.1,620,6.2,環境・リサイクル・サステナビリティ関連業
404,すし職人,1820,すし職人という職業は、江戸時代後期に華屋与兵衛（はなやよへえ）が江戸（現在の東京）で握り寿司を考案し、屋台で販売を始めた時期にその源流が見られます。それまでの寿司は保存食としての要素が強かったのに対し、華屋与兵衛は酢飯と新鮮な魚介を組み合わせた「握り寿司」を即席で提供し、これが江戸のファストフードとして人気を博しました。この出来事が、現代の寿司職人のように、寿司を専門に作り、顧客に提供する専門家としての職業の始まりと考えられています。,,1,日本,"コミュニケーションスキル,包丁技術,魚の仕入れ知識,衛生管理,味覚のセンス","true,true,false,true,false","すし技能士,食品衛生責任者","false,true","銀座久兵衛,すきやばし次郎,寿司三昧","手先の器用さ,味覚の鋭さ,継続力,お客様とのコミュニケーション能力,衛生管理能力","true,true,true,false,true","日本料理への深い関心,職人技を磨く意欲","true,true",すし職人は、主に日本料理屋やすし屋で働く料理人で、美しい見た目と新鮮な食材を活かしたすしを作る専門家です。彼らは魚やその他のシーフードをさばく技術、日本の米を炊いてからすし飯を作る技術を持っています。また、すしの盛り付け方や味覚バランスを取るための調味技術も重要です。すし職人は料理の質を保つため、食材の選定から調理、提供まで厳格な標準を守ります。さらに、顧客との対話やカウンターでの接客も行うため、コミュニケーションスキルも求められる職業です。,32,19:30,85,2,31,15,45,550,4.5,飲食・フードサービス業
405,信用金庫渉外係,1951,信用金庫法が制定され、信用金庫が現在の形で設立された1951年から、地域住民や中小企業と直接関わり、預金や融資、各種金融サービスを提供するために、渉外係の役割が不可欠であったためです。前身の信用組合時代から類似の顧客対応業務は存在しましたが、「信用金庫」の渉外係としての明確な職務は、この年の信用金庫制度発足とともに始まったと言えます。,,1,,"コミュニケーションスキル,金融知識,Python,SQL,営業スキル","true,true,false,false,true","FP技能士資格,証券外務員資格","false,true","第一勧業信用組合,大阪信用金庫,京都信用金庫",継続力,TRUE,"データ分析,顧客とのコミュニケーションへの興味,商品開発やマーケットの理解への興味","true,true,false",信用金庫の渉外係は、金融機関としての信用金庫において、顧客との窓口業務や相談業務を担当する職種です。主に、個人や法人の顧客に対して金融商品やサービスの提案を行うほか、預金や融資の相談・手続き、口座開設のサポートを行います。顧客と信頼関係を築きながら、最適な金融サービスを提案し、地域社会の経済活動を支える役割を果たします。,40,17:30,70,2,30,10,50,450,10,金融業・保険業
406,観光バスガイド,1925,日本で初めて定期観光バスが運行を開始した年であり、このバスには観光案内を行う女性車掌が乗務していました。これが現代の観光バスガイドの機能的な起源と考えられます。,,1,,"コミュニケーションスキル,地域知識,言語スキル,グループ管理能力,セーフティガイドラインの理解","true,true,false,false,true",普通自動車第二種運転免許,FALSE,"はとバス株式会社,日本交通株式会社,近畿日本ツーリスト株式会社","コミュニケーション能力,地理・歴史知識,リーダーシップ,継続力","true,false,false,false","最新技術への関心,人と接することへの興味,地理や歴史に対する興味","false,true,true",観光バスガイドは、観光バスにおいてお客様に観光地の魅力や歴史、背景を解説する役割を担います。ツアーの開始から終了まで、お客様に旅行の楽しさや観光地の情報を提供し、スムーズな移動をサポートすることが求められます。ガイドは地元の歴史や文化に詳しく、多言語での案内が可能な場合もあります。また、緊急時の対応やお客様の安全を確保する役割も含まれます。,,18:00,,,,,,450,7.25,宿泊・観光業
407,あんまマッサージ指圧師,984,あんまの技術は奈良時代に中国から伝来し、平安時代には984年に丹波康頼が編纂した日本最古の医学書『医心方』にその詳細な施術法が記述され、専門的な医療行為として確立されていたことが確認できるため。,,1,日本,"コミュニケーションスキル,解剖学の知識,生理学の知識,マッサージ技術,怪我や疾患の理解","true,true,true,true,false",あん摩マッサージ指圧師免許,TRUE,"リラクゼーションサロン ラフィネ,てもみん,てもみ処 癒しの手","継続力,コミュニケーション能力,触覚の繊細さ,身体的な耐久力,解剖学の知識,リラクゼーション技術の理解","false,true,true,true,true,false","最新技術への関心,人の身体に対する関心","false,true",あんまマッサージ指圧師は、身体の特定の部位に圧力を加えることによって筋肉の緊張をほぐし、血行を良くして体の痛みや不調を改善する専門職です。日本では国家資格が必要で、理論知識と技術を備えていることが求められます。患者の体調や状態に応じた適切な施術を提供し、リラクゼーション効果や健康増進を図ります。,49.5,18:00,75.2,1.5,32.8,5.2,60.3,380,12.5,医療・福祉・介護業
408,板前,1700,「板前」という職業が明確な形で確立され始めたのは、江戸時代中期以降、特に18世紀頃と考えられます。この時期、都市部の商業が発展し、料理を提供する専門的な飲食店（料亭や寿司屋の前身など）が増加しました。これにより、食材の選定から調理、盛り付けまでを一手に担い、客に料理を提供するプロの料理人としての「板前」の役割が社会的に認知され、専門職として確立されていきました。特に、後の19世紀には握り寿司が誕生し、寿司職人としての板前の地位も確立されましたが、その基盤は18世紀の飲食文化の発展にあります。,,1,日本,"コミュニケーションスキル,包丁技術,料理の知識","true,true,true",調理師免許,FALSE,"銀座久兵衛,日本料理なだ万,石川,のむら","継続力,手先の器用さ,味覚の鋭さ,料理の知識と経験,他者の要望に応える能力","true,true,true,true,false","料理への情熱,食材への興味,味覚の探求,最新技術への関心","true,true,true,false",板前とは、日本料理を専門とする料理人の職業です。主に寿司や懐石料理などの日本独自の料理を提供し、食材の選定から調理、盛り付けに至るまでを担当します。繊細で美しい盛り付けや、旬の食材を活かした調理技術が求められ、顧客に対して高品質なサービスと味を提供することが重要です。伝統的な料理技術を守りながら、新しい創作料理を生み出すこともあります。,48.5,21:30,96.8,1.5,34.8,25.5,70.2,450,15.2,飲食・フードサービス業
409,コンシェルジュ,1890,コンシェルジュの現代的な職務内容は、19世紀後半にヨーロッパの豪華ホテルで確立されました。富裕層の旅行者の間でパーソナルなサービスへの需要が高まるにつれて、予約手配、観光情報提供、トラブルシューティングなど、多岐にわたる顧客サポートを提供する専門職として認識されるようになりました。1890年は、この専門職が明確な役割として定着した時期を代表する年です。,,1,,"コミュニケーションスキル,問題解決スキル,時間管理能力,多言語能力","true,true,false,false","ホテルビジネス実務検定,接客サービスマナー検定,観光英語検定","false,false,false","シークレットエスケープ,森ビル株式会社,アマンリゾート","論理的思考力,継続力,コミュニケーション能力,柔軟性,顧客サービススキル,問題解決能力","false,false,true,false,true,false","人とのコミュニケーションへの興味,細やかな気配りへの興味,最新技術への関心,多文化理解への興味","true,true,false,false",コンシェルジュは、顧客やゲストのさまざまな要望をサポートする職業です。ホテルや高級レジデンス、オフィスビルなどで働くことが一般的で、予約の手配、観光情報の提供、トラブルシューティングなど多岐にわたる業務を行います。顧客とのコミュニケーション能力や問題解決能力が求められる職業です。お客様に優れたサービス体験を提供することを目的としており、高い接客スキルが重要です。,32,19:30,85,2,31,15,45,550,4.5,宿泊・観光業
410,ビューティアドバイザー,1934,ビューティアドバイザーという専門職の概念は、顧客に製品の選択や使用方法について専門的なアドバイスを提供する役割として、20世紀初頭に具体化しました。特に日本では、資生堂が1934年に「ミス・シセイドー」制度を導入したことが、現在のビューティアドバイザー（美容部員）の原型とされています。ミス・シセイドーは、単なる販売員ではなく、美容に関する専門知識を持ち、顧客一人ひとりに合わせたカウンセリングや実演を通じて、最適な化粧品やケア方法を提案する役割を担いました。この制度は、美容専門職としての「アドバイザー」機能を確立し、現代のビューティアドバイザーの職務内容と密接に合致しています。,,1,,"コミュニケーションスキル,化粧品知識,スキンケアの理解","true,true,false",メイクアップアーティスト資格,FALSE,"資生堂,コーセー,カネボウ化粧品,アルビオン","論理的思考力,継続力,コミュニケーション能力,ファッションセンス,トレンドの知識,顧客サービススキル,商品知識","false,false,true,true,false,true,true","最新技術への関心,美容とファッションへの興味","false,true",ビューティアドバイザーは、美容関連の商品やサービスについての助言を提供する専門職です。化粧品やスキンケア、ヘアケア製品の使用方法、選び方などについて顧客にアドバイスし、最適な製品やケア方法を提案します。販売員という役割も兼ねることが多く、売上目標を掲げつつ顧客の美に対する悩みを解決するサポートをします。また、メーカーや販売業者の代理として新商品のプロモーション活動を行うこともあります。,32,19:30,15,2,31,10,45,350,4.5,家事・個人サービス業（家政・美容・清掃など）
411,ウェイター,1765,現代的な「レストラン」の概念が誕生し、パリでムッシュ・ブーランジェが初の近代レストランを開業した年です。これにより、お客様の注文を受け、料理を提供し、テーブルサービスを行う専門職としてのウェイターの役割が確立され始めました。,,1,,"コミュニケーションスキル,チームワーク,体力,マルチタスク能力,細部への注意力,時間管理能力","true,true,true,false,false,false",食品衛生責任者,FALSE,"ジョナサン,デニーズ,サイゼリヤ,ロイヤルホスト,びっくりドンキー","継続力,コミュニケーション力","false,true","顧客サービスへの興味,コミュニケーションへの関心,時間管理への興味","true,true,false",ウェイターは、飲食店でお客様に対してサービスを提供する職業です。具体的な業務には、注文の受け付け、料理や飲み物の提供、テーブルの片付け、会計、顧客対応などがあります。迅速で丁寧なサービスが求められ、お客様とのコミュニケーション能力が重要です。飲食業界の知識や経験が求められることもあります。,32,19:30,85,2,31,15,45,350,4.5,飲食・フードサービス業
412,金融ディーラー,1602,金融ディーラーという職業は、1602年に設立されたアムステルダム証券取引所を起源とすると考えられます。この取引所は、史上初の近代的証券取引所として、オランダ東インド会社（VOC）の株式が取引されました。ここで、個人や商人が自己資金または会社の資金を用いて株式を売買し、市場の動向を分析して利益を得ようとする活動が本格的に始まりました。これにより、金融商品を専門的に売買し、流動性を提供する「金融ディーラー」という役割が明確に形成されました。,,1,,"SQL,Python,コミュニケーションスキル,金融市場の知識","true,false,true,true","証券外務員資格,CFP(米国)またはAFP(日本)","true,false","野村ホールディングス,大和証券グループ本社,三菱UFJフィナンシャル・グループ,みずほフィナンシャルグループ,日本生命保険相互会社","論理的思考力,継続力,リスク管理能力,市場分析能力","true,false,true,true","データ分析,最新技術への関心","true,false",金融ディーラーは、金融市場において自己資金または会社の資金を用いて、株式、債券、通貨、商品などの金融商品を売買する職業です。ディーラーは市場の動向を分析し、最適な売買のタイミングを判断して、利益を最大化することを目指します。また、ディーラーは市場の流動性を提供し、価格発見の役割を果たします。金融市場の変動に敏感であり、迅速な意思決定が求められるため、高度な分析能力とストレス耐性が必要です。,35,19:00,75.5,2,32,20.5,50.2,700,5.5,金融業・保険業
413,管理理容師,1890,管理理容師という職位は、理容業が単なる技術職から、より組織化され、多人数を雇用し、顧客サービスと衛生管理を重視する商業形態へと発展した時期にその必要性が生まれました。特に19世紀後半から20世紀初頭にかけて、都市化の進展、公衆衛生意識の高まり、理容師法の制定（各国で時期は異なるものの、19世紀末から20世紀前半に多くの国で法整備が進んだ）、そして理容専門学校や同業組合の設立などにより、理容業界は大きく変化しました。この時期に、従業員の管理、予約システムの導入、サービス品質の監督、新しい技術の導入、そして厳格な衛生基準の遵守といった多岐にわたる業務を統括する「管理」の役割が明確に求められるようになり、この職位が確立されたと考えられます。1890年代は、このような近代的な理容経営の要素が顕著になり始めた時期と見なすことができます。,,1,日本,"コミュニケーションスキル,理容技術,顧客サービスの知識,チームマネジメント,在庫管理,マーケティングの知識","true,true,true,true,false,false","理容師免許,管理理容士資格","true,false","QBハウス,アデランス,ヒューロム","論理的思考力,美容技術,顧客対応能力,経営スキル,継続力","false,true,true,true,true","最新技術への関心,ファッションセンス,人とのコミュニケーションに対する興味","false,true,true",管理理容師は、理容院でのローカル運営を管理し、顧客にサービスを提供する職位です。主な業務には、スタッフ管理、顧客対応、予約管理、サービス品質の確認、顧客の求めに応じた理容サービスの提供、及び新しいスタイリング技術の導入などが含まれます。また、理容関連の法律や規制を遵守し、クリーニング、衛生管理を確実にする役割も担っています。,47.2,19:46,79.2,1.5,31.3,16.7,70.1,410,11.5,家事・個人サービス業（家政・美容・清掃など）
414,印刷営業マン,1900,印刷営業マンという職業は、19世紀末から20世紀初頭にかけて印刷業界の産業化と営業職の専門化が進む中で確立されました。活版印刷技術の発展と新聞、雑誌、商業印刷物の需要増大により、印刷会社は単に注文を受けるだけでなく、顧客のニーズに合わせた提案を行い、新規顧客を開拓し、既存顧客との関係を維持する必要が生じました。この時期には、生産と販売の分業が進み、専門の営業担当者がクライアントとの交渉、契約、納品管理、さらには市場動向の把握や効果的な提案を行う役割を担うようになりました。これにより、印刷営業マンは現代の記述にあるような多様な業務を遂行する専門職として誕生しました。,,1,,"コミュニケーションスキル,セールススキル,SQL,Python","true,true,false,false",基本情報技術者試験,FALSE,"大日本印刷,凸版印刷,共同印刷","コミュニケーション能力,論理的思考力,継続力","true,false,true","顧客とのコミュニケーション,データ分析,印刷技術への関心,市場トレンドの理解","true,false,true,false",印刷営業マンは、印刷会社に所属し、クライアントのニーズに合わせた印刷物の提案や受注、納品のプロセスを管理する仕事です。彼らは新規顧客の開拓や既存顧客との関係維持、印刷工程のスケジュール管理、品質管理、コスト管理などを行います。市場動向を把握し、効果的な提案を通じて顧客満足度を高め、売上の向上に寄与します。,42,18:48,86.6,1.9,31,21.4,45.2,521,9.3,木材・紙・印刷業
415,グランドスタッフ,1927,商業航空の発展に伴い、旅客数の増加に対応するため、1920年代後半には航空会社が組織的な地上業務の必要性を認識しました。特に、1927年にパンアメリカン航空（Pan American World Airways）が設立され、国際的な定期旅客便サービスを開始したことなど、主要航空会社の本格的な運行開始時期と重なります。この頃から、空港でのチェックイン、搭乗手続き、手荷物取り扱い、顧客案内といった、現在のグランドスタッフが担う主要な業務が専門職として確立され始めました。これらの業務は、商業航空が成長し、より多くの旅客を効率的に処理する必要が生じたことで誕生しました。,,1,,"コミュニケーションスキル,多言語能力,カスタマーサービス,航空業界の知識","true,true,true,false","普通自動車運転免許,TOEIC,空港ハンドリング基礎資格","false,false,true","日本航空,全日本空輸,スカイマーク株式会社,ピーチ・アビエーション,ジェットスター・ジャパン","継続力,コミュニケーション能力,多言語能力,柔軟性","true,true,false,false","顧客対応への興味,データ分析,外国語への興味,時間管理への興味,最新技術への関心","true,false,true,true,false",グランドスタッフは、空港で航空会社の地上業務を担当する職種です。主な仕事内容には、カウンターでのチェックイン業務、搭乗手続き、手荷物の取り扱い、航空機の案内、遅延やキャンセル時の顧客対応などが含まれます。この職業には、チームワーク、顧客サービススキル、問題解決能力が求められます。,32,19:30,15,2,31,15,45,550,4.5,運輸・物流・倉庫業
416,エステティシャン,1902,現代のエステティックサロンの原型とされるヘレナ・ルビンスタインが1902年にメルボルンで最初のビューティーサロンを開設しました。これは科学的なスキンケアと専門的な美容施術を提供し、美容と健康に特化した専門的な施術を行う職業としてのエステティシャンの基盤を確立したとされています。,,1,,"コミュニケーションスキル,美容に関する知識,マッサージ技術,カスタマーサービス,営業スキル","true,true,true,false,false","日本エステティック協会認定エステティシャン資格,JEESエステティシャン認定試験","false,false","TBCグループ,SBCメディカルグループ,ラ・パルレ","継続力,コミュニケーション能力,細部への注意力","true,true,false","美と健康への関心,最新技術への関心","true,false",エステティシャンは、美容とリラクゼーションを目的に、フェイシャルやボディ、脱毛などの施術を行う職業です。肌や身体のケアを通じて、顧客の美容と健康をサポートします。エステサロンやスパで働くことが多く、美容に関する専門知識と技術が求められます。,32,19:30,15,2,31,15,45,550,4.5,家事・個人サービス業（家政・美容・清掃など）
417,フロントクラーク,1829,フロントクラークという専門職は、近代的なホテルの発展とともに登場しました。特に、1829年にアメリカのボストンに開業した「トレモント・ハウス」は、多くのホテル経営の革新を導入したことで知られています。このホテルは、専門のスタッフを配置し、ゲストのチェックイン・チェックアウト、予約管理、顧客対応を行うための「フロントデスク」に専任のクラークを置いた最初のホテルの1つとされています。これにより、従来の宿屋の主人や使用人が兼務していた業務が専門化され、フロントクラークという職務が確立されました。,,1,,"コミュニケーションスキル,おもてなしの心,基本的なPC操作スキル,多言語対応スキル","true,true,false,false","接客マナー検定,サービス接遇検定","false,false","帝国ホテル,ニューオータニホテルズ,ハイアットリージェンシー東京,ザ・リッツ・カールトン東京,東京マリオットホテル","継続力,コミュニケーション能力,顧客サービス志向,多言語スキル,柔軟性","false,true,true,false,false","最新技術への関心,コミュニケーション能力","false,true",フロントクラークは、主にホテルや宿泊施設の受付業務を担当する職業です。顧客のチェックイン・チェックアウトの手続き、電話応対、予約管理、問い合わせ対応、顧客対応、および料金の支払い処理などを行います。顧客が滞在中に快適に過ごせるようサポート役を果たし、厳しい状況でも冷静かつ丁寧に対応できるコミュニケーション能力が求められます。,32,19:30,85,2,31,15,45,550,4.5,宿泊・観光業
418,旅行会社カウンタースタッフ,1865,旅行会社カウンタースタッフの役割は、現代の旅行代理店の概念が確立された時期に始まりました。トーマス・クックが1865年に初の包括的なパッケージツアーを提供し始め、宿泊、交通、食事を含む旅行商品を販売するビジネスを本格的に展開しました。この事業の拡大に伴い、顧客の相談に応じ、旅行プランの提案、航空券や宿泊施設の手配などを行う専門のスタッフ（今日のカウンタースタッフに相当する役割）が店舗や事務所で直接顧客に対応する必要が生じました。,,1,,"コミュニケーションスキル,SQL,旅行商品の知識","true,false,true","旅行業務取扱管理者,旅程管理主任者","true,false","HIS,JTB,KNT-CTホールディングス","継続力,コミュニケーション能力,顧客対応能力,多言語スキル","false,true,true,false","最新技術への関心,観光地に対する興味","false,true",旅行会社カウンタースタッフは、旅行会社の店舗でお客様に直接対応し、旅行の相談や予約手続きを行います。仕事内容には、顧客の希望に応じた旅行プランの提案、航空券や宿泊施設の手配、ビザ取得の支援、旅行保険の案内などが含まれます。また、旅行中のトラブル対応やアフターサービスも行います。接客スキルとコミュニケーション能力が重要です。,,18:00,,,,,,430,4.2,宿泊・観光業
419,ツアーコンダクター,1855,ツアーコンダクターという職業は、現代のパッケージツアーが誕生した時期に深く関連しています。トーマス・クックが1855年にパリ万国博覧会への初の海外パッケージツアーを企画・実施したことで、大勢の旅行客を引率し、旅程を管理し、現地での案内やトラブル対応を行う専門職の必要性が生まれました。これがツアーコンダクターの役割の始まりとされています。,,1,,"コミュニケーションスキル,異文化理解,旅行計画能力","true,true,false","総合旅行業務取扱管理者,国内旅行業務取扱管理者","true,false","日本旅行,JTB,阪急交通社","継続力,コミュニケーション能力,問題解決能力,異文化理解力","true,true,false,false","旅行への情熱,最新技術への関心,異文化理解,データ分析","true,false,true,false",ツアーコンダクターとは、旅行会社やツアーオペレーターにおいて、旅行客を旅程に従って案内し、旅行の進行をスムーズにする役割を担います。具体的には、旅行プランの確認、出発前の準備、現地でのスケジュール管理、観光地での案内やサポート、問題が発生した際の対応などが含まれます。多くの場合、リーダーシップとコミュニケーション能力が求められ、旅行先に関する知識や異文化理解も重要です。国際的なツアーでは、複数言語のスキルがあると有利です。,37,18:45,60,1.5,31,22,48,380,6.2,宿泊・観光業
420,訪問介護員,1963,日本において、1963年に「老人福祉法」が制定され、これに基づいて「ホームヘルパー制度」が確立されました。これにより、介護を必要とする高齢者宅へ専門の訪問介護員が派遣される制度が始まり、訪問介護員が職業として明確に位置づけられるようになりました。,,1,日本,"コミュニケーションスキル,介護技術,緊急対応能力","true,true,false","介護職員初任者研修,介護福祉士","true,false","セコム株式会社,ニチイ学館,株式会社ジャパンケアサービス,ALSOKあんしんケアサポート株式会社,パナソニックエイジフリー株式会社","継続力,コミュニケーション能力,身体的な強さ,忍耐力","true,true,false,false","データ分析,高齢者や障害者に対する思いやり,最新技術への関心,コミュニケーション能力,柔軟な対応力","false,true,false,true,true",訪問介護員は、介護を必要とする高齢者や障害者の家庭を訪問し、日常生活のサポートを行います。具体的には、食事・入浴・排泄などの身体介護や、買い物・掃除・洗濯といった生活援助を提供します。利用者ができるだけ自立した生活を続けられるように支援することが主な役割です。,53.3,18:00,15.5,2,30.5,5.2,78.1,307,6.3,医療・福祉・介護業
421,テキスタイルデザイナー,1837,産業革命により布地の大量生産が可能になり、多様なパターンデザインへの需要が高まったことを背景に、テキスタイルデザインを専門とする職業の必要性が認識され始めました。特に1837年に英国でGovernment School of Design（後のRoyal College of Art）が設立されるなど、専門的なデザイン教育機関が誕生し、テキスタイルを含む産業デザインの専門家が育成され始めた時期であるため、テキスタイルデザイナーという専門職が確立され始めた年と見なせます。,,1,,"デザインソフトウェア（例：Adobe Illustrator, Photoshop）,色彩理論,コミュニケーションスキル,布地や繊維の知識,パターン設計,製造プロセスの理解","true,true,false,true,false,false",テキスタイルデザイン技能士,FALSE,"三陽商会,日本毛織株式会社","論理的思考力,継続力,色彩感覚,創造力,デザインソフトウェアのスキル","false,false,true,true,true","最新技術への関心,色彩理論への興味","false,true",テキスタイルデザイナーは、布地や繊維製品のデザインを行う職業です。彼らはパターン、色彩、素材感を考慮して新しい生地のデザインを作成します。この仕事には、ファッション、インテリアデザイン、家具、さらには産業用資材など、多岐にわたる製品のデザインが含まれます。テキスタイルデザイナーは、製品の機能性と美観の両方を重視し、コンピュータデザインツールを使用することが一般的です。また、流行のトレンドや市場の需要にも敏感である必要があります。,32,19:30,15,2,31,15,45,550,4.5,繊維・衣服・皮革製造業
422,紡績運転工,1769,紡績運転工という職業は、紡績機械を操作して糸を製造する専門職です。この職種の始まりは、産業革命期における紡績技術の機械化と密接に関連しています。特に1769年にリチャード・アークライトが水力紡績機（Water Frame）を発明し、大規模な工場での生産を可能にしたことが、この職業が誕生する決定的な契機となりました。水力紡績機は、それまでの手動の紡績機とは異なり、より複雑な操作と監視を必要とし、専門の運転工が必要とされるようになったためです。,,1,,"機械操作技術,コミュニケーションスキル,品質管理能力","true,false,true","繊維関連技能士,繊維製品品質管理士（テキスタイル品質管理士）","false,false","東レ,ユニチカ,帝人,クラレ,セーレン","継続力,機械操作技術,機械の保守とメンテナンス知識,安全意識","false,true,true,true","機械操作への関心,最新技術への関心","true,false",紡績運転工（ぼうせきうんてんこう）は、紡績機械を操作して糸を製造する仕事です。原材料である繊維から糸を紡ぐ工程では、機械の設定や調整、製品の品質管理、製造過程の監視などの作業が含まれます。この職種は機械の動作を適切に管理し、糸が規定の品質を保つように運転する技術とともに、異常が発生した際に迅速に対応する能力が求められます。,,18:00,,,,,,470,4.8,繊維・衣服・皮革製造業
423,惣菜製造工,1970,惣菜製造工という職種は、日本における「中食」（家庭外で調理された食品を自宅で食べる形態）市場の本格的な拡大期に誕生しました。第二次世界大戦後の経済成長、特に1960年代後半から1970年代にかけて、女性の社会進出や核家族化の進行により、家庭での調理時間を短縮したいというニーズが高まりました。これに対応するため、スーパーマーケットや専門小売店で調理済みの惣菜が提供され始め、その製造を専門とする工場や小売業者のキッチンでの作業が必要不可欠となりました。1970年代に入ると、大量生産、品質管理、衛生管理、効率的な包装技術などが求められるようになり、専門的な「惣菜製造工」という職種が確立されていきました。日本惣菜協会が1980年に設立されたことからも、1970年代にこの産業とそれに伴う職種が大きく成長したことがうかがえます。,,1,,"コミュニケーションスキル,食品安全知識,体力","true,true,false","食品衛生責任者,食品衛生管理者","true,false","日清製粉グループ,味の素,マルハニチロ","継続力,食品に対する知識,衛生管理能力,チームワーク","true,true,true,false","食品安全への興味,最新技術への関心","true,false",惣菜製造工は、食品工場や小売業者のキッチンで、日常的に消費される総菜を製造する職種です。具体的には材料の準備、調理、味付け、包装、表示などを行い、安全で美味しい食品を提供します。衛生管理や品質管理の知識が求められ、時には大量生産を効率的に行うための技術も必要です。全体として、消費者の食卓に直接関わる重要な役割を担っています。,48.6,18:42,71.4,1.4,30.8,13.4,45.6,370,8.3,食料品製造業
424,水産ねり製品製造工,1115,水産ねり製品の代表格であるかまぼこが、日本の歴史書に初めて登場したのが1115年（永久3年）です。この年に行われた祝宴の献立に「かまぼこ」の記述が見られることから、この頃にはすでに魚をすり潰して加工する技術と、それを作る職種が存在していたと考えられます。現代の「水産ねり製品製造工」が担う魚介類の選別、加工、成形といった工程の原型は、この時代に遡ることができます。,,1,,"コミュニケーションスキル,品質管理スキル,衛生管理の知識","true,true,true","食品製造科目合格証,基本情報技術者試験,食品衛生責任者","false,false,true","ニッスイ,マルハニチロ,一正蒲鉾株式会社","継続力,品質管理能力,衛生管理能力,論理的思考力","true,true,true,false","データ分析,食品製造プロセスの興味,品質管理への興味,食材/食事への関心","false,true,true,false",水産ねり製品製造工は、魚介類を主な原料としたすり身やかまぼこ、ちくわなどの加工食品を製造する職種です。原料の選別や加工、調味料の配合、製品の成形、包装などの工程を担当します。また、品質管理や衛生管理にも注意を払い、安全で美味しい製品を提供することが求められます。,47.1,17:46,76.8,1.5,30.5,8.8,45.6,386,9.3,食料品製造業
425,織布運転工,1785,織布運転工の職業は、エドモンド・カートライトが1785年に力織機を発明したことによりその存在が始まりました。この発明により、織物製造が手作業から機械作業へと移行し、工場で機械を操作・管理する専門の職業が必要とされました。これにより、現代の織布運転工の基礎が築かれました。,,1,,"機械の操作スキル,品質管理能力,手先の器用さ,コミュニケーションスキル","true,true,false,false",,FALSE,"東レ,クラレ,東洋紡","機械操作の熟練度,継続力","true,true","品質管理へのこだわり,機械操作への興味,最新技術への関心","true,true,false",織布運転工は、主に織物を製造するための機械を操作する仕事です。織機を用いて、糸から布を作る工程を担い、生産効率や品質の管理も行います。技術の進化により自動化が進んでいますが、機械の設定やトラブル対応が必要です。また、製品の検査やメンテナンスも行います。繊維や素材の知識が求められ、注意深く作業を進めることが重要です。,42.5,18:00,65.2,2,30.5,8.5,55,380,7.3,繊維・衣服・皮革製造業
426,測量士,-3000,古代エジプトにおいて、ナイル川の氾濫後に土地の境界を再設定するために「ロープを張る者たち」（ハルペドナプタイ）と呼ばれる専門家が測量を行っていました。彼らは土地の測量、区画整理、そしてピラミッドなどの大規模な建設プロジェクトにおいて不可欠な役割を担っており、これが測量士という専門職の起源の一つと考えられています。,,1,日本,"測量技術,コミュニケーションスキル,測量関連の法規・基準知識,CADソフトの操作スキル","true,true,true,false","測量士補,測量士","false,true","パシフィックコンサルタンツ,オリエンタルコンサルタンツ,応用地質","論理的思考力,地図作成能力,空間認知能力,継続力","true,false,true,false","空間情報への関心,地理学への関心,データ分析","true,true,false",測量士は、土地や建物の位置、大きさ、形状など、地形や構造物の情報を正確に測定、記録し、地図や図面に反映させる専門職です。彼らは、経緯度や高さ、距離などのデータを収集し、計算や分析を行い、土地利用や都市計画に必要な情報を提供します。測量士は多くの異なる分野で必要不可欠な役割を果たし、工事現場、公共事業、不動産取引などに関与しています。,38.7,18:15,92.3,2,31.6,22.5,48.2,620,10.2,建設・土木業
427,めっき工,1840,エルキントン兄弟が1840年に銀と金の電気めっきに関する商業特許を取得し、産業としてのめっき加工が始まったためです。これにより、電気化学的なプロセスを専門とする「めっき工」という職業が成立しました。,,1,,"コミュニケーションスキル,表面処理技術,安全管理,化学薬品の取り扱い","false,true,true,true","ISO 9001内部監査員,メッキ技術に関する基礎知識認定","false,false","トヨタ自動車,大島金属工業","継続力,論理的思考力,手先の器用さ,注意力","true,true,true,true","材料や製品の表面処理技術,最新技術への関心","true,false",めっき工は、金属を電気化学的または化学的なプロセスによって他の金属や合金の表面に薄い金属の被覆を施す仕事を行います。これにより、装飾的な効果や防錆効果、さらなる表面特性の向上を狙います。通常、技術者はめっきの条件を調整し、製品の品質を確保するための工程管理を行います。,,18:00,,,,,,450,7.23,鉄鋼・金属製品製造業
428,乳製品製造工,1851,最初の商業的なチーズ工場がジェシー・ウィリアムズによってニューヨーク州ローマに設立されました。これにより、農場での生産から専門化された工場生産への移行が始まり、乳製品製造を専門とする職種が誕生しました。,,1,,"食品加工技術,衛生管理,コミュニケーションスキル","true,true,false","食品衛生責任者,HACCP管理者","true,false","雪印メグミルク株式会社,森永乳業,明治乳業,グリコ乳業,よつ葉乳業","継続力,衛生管理能力,論理的思考力,機械操作能力,品質管理能力","true,true,false,true,true","最新技術への関心,生産プロセスにおける細部への関心,食品安全および品質管理への関心","false,true,true",乳製品製造工は、牛乳やヨーグルト、チーズ、アイスクリームなどの乳製品を製造する仕事です。具体的な作業には、牛乳の貯蔵、加熱、加工、発酵、包装などのプロセスが含まれます。また、安全で高品質な製品を提供するために、品質管理や衛生管理も重要な役割を担います。工場での機械操作が主な業務となり、製造過程の効率化やトラブルシューティングも行います。,42.5,18:00,70,2,31,10,45,400,8,食料品製造業
429,製薬工,1940,製薬工という専門職は、20世紀初頭から中頃にかけて、医薬品の製造が個別調合から大規模な工業生産へと移行し、安全性と品質に関する厳格な規制が強化されたことに伴い確立しました。特に1938年の米国連邦食品・医薬品・化粧品法のような法律の制定と、第二次世界大戦中のペニシリンなどの医薬品の大量生産の必要性が、生産計画、工程管理、品質管理といった専門的な役割を担う「製薬工」の需要を飛躍的に高めました。1940年代には、この職種が現代の定義に近い形で確立したと言えます。,,1,,"コミュニケーションスキル,化学知識,分子生物学知識,品質管理スキル,Python,SQL","true,true,false,true,false,false","毒性試験合格証,薬剤師免許","false,true","武田薬品工業,大塚製薬,エーザイ株式会社","論理的思考力,継続力","true,true","最新技術への関心,データ分析,科学探求への情熱","true,true,true",製薬工は、医薬品の製造と関連する業務を担当する職業です。具体的には、医薬品の生産計画の立案、製造工程の管理、品質管理業務、設備の保守・管理などを行います。医薬品の安全性と品質を確保するために、厳密な規制や基準に従って業務が進められます。高い技術力と専門知識が要求され、製薬会社や化学工業、関連研究機関などで働くことが多いです。,38,18:45,78.5,2,31,12.5,45.2,620,5.5,化学工業（医薬品・化粧品含む）
430,製鋼工,1856,1856年にヘンリー・ベッセマーによってベッセマー法が発明され、鋼の大量生産が可能になったことが、製鋼所における専門的な「製鋼工」という職業が確立された主要な契機です。この技術革新により、大規模な製鋼工場が建設され、高温・高圧環境での操業、機械の維持管理、品質管理を専門とする労働力が必要となり、現代の製鋼工の役割が形成されました。,,1,,"金属の性質に関する知識,安全管理スキル,コミュニケーションスキル","true,true,false","クレーン運転士免許,フォークリフト運転技能講習修了証","false,false","日本製鉄,JFEスチール,神戸製鋼所","体力,注意力,機械操作技術,継続力,論理的思考力","true,true,true,false,false","金属加工の興味,最新技術への関心","true,false",製鋼工は製鋼所で鉄鋼を製造する職業です。主に、鉄鉱石から鉄を抽出し、鋼に加工する過程を専門としています。作業は高温、高圧の環境で行われることが多く、安全対策が重要になります。また、製品の品質を確保するために、常に機器のメンテナンスや工程の監視が求められます。技術の進展に伴い、最新の装置やプロセスについての知識も求められることがあります。,42,18:00,98.6,2,30,10,50,500,15,鉄鋼・金属製品製造業
431,鉄筋工,1900,鉄筋工の職業は、鉄筋コンクリートが建築材料として本格的に普及し始めた時期に誕生しました。鉄筋コンクリートの概念は19世紀後半にジョセフ・モニエなどによって考案・特許化されましたが、建築物への広範な適用と専門職としての確立は20世紀初頭に進みました。特に、1900年代に入ると、高層建築や大規模なインフラ建設において鉄筋コンクリートが主要な構造材料として採用され始め、それに伴い鉄筋の加工・配置・結束を専門とする「鉄筋工」という職業が明確に成立しました。,,1,,"コミュニケーションスキル,身体的強さ,建設現場経験,図面の理解能力","true,true,false,true","鉄筋施工技能士,玉掛け技能講習修了証","true,false","清水建設,鹿島建設,大林組,大成建設,竹中工務店","継続力,肉体的な強さ,チームワーク力,安全意識,技術的知識","true,true,false,true,false","建設作業への興味,最新技術への関心","true,false",鉄筋工は、建設作業において鉄筋を使って、構造物の骨組みを組み立てる専門職です。主に、建物や橋などの構造物の耐久性や強度を高めるために必要な鉄筋を、正確に配置し、結束、固定します。この職業は、物理的な作業が多く、重量のある資材を扱うことが求められます。鉄筋工は、高層ビルから住宅まで、さまざまな建設プロジェクトで重要な役割を果たします。適切な測定と技術が要求され、建築基準を遵守し、安全に作業を進める必要があります。,,18:00,,,,,,500,4.5,建設・土木業
432,計器組立工,1880,計器組立工という専門職の存在は、第二次産業革命期における精密機器製造業の発展と密接に関連しています。19世紀後半、特に1880年代以降、電気計器（電流計、電圧計など）、工業用圧力計、温度計、光学機器などの需要が急速に増加し、これらの機器の工業規模での製造が始まりました。この時期に、部品の製造から組み立て、調整、検査といった工程が分業化され、計器を専門的に組み立てる職種が工場などの製造現場で確立されました。精密な部品を正確に組み付ける作業は、この時代の新しい工業生産形態において重要な役割を担うようになりました。,,1,,"コミュニケーションスキル,細かい作業能力,図面の理解力,手先の器用さ","false,true,true,true",機械組立技能検定,FALSE,"日立製作所,パナソニック,横河電機","継続力,手先の器用さ,精密作業能力,論理的思考力","true,true,true,false","細部への注意,手先の器用さ,最新技術への関心","true,true,false",計器組立工は、さまざまな計器や機器を手作業または機械を使って組み立てる職業です。計器には、温度計、圧力計、速度計、電流計などが含まれ、これらを正確に組み立てることが求められます。作業は工場などの製造現場で行われることが多く、部品の取り付け、調整、検査を担当します。細かい部品を扱うため、精密さや注意力が重要です。,41.8,17:57,97.8,1.7,30.5,7.1,44.4,477,7.6,精密機器・光学機器製造業
433,医療用画像放射線機器組立技士,1896,X線がヴィルヘルム・レントゲンによって発見されたのが1895年であり、その直後の1896年には医療用途でのX線機器の製造と導入が始まりました。初期のX線装置は、真空管や高電圧発生器といった当時の先端技術を用いており、その複雑さから専門的な知識を持つ技術者による組み立て、設置、そして継続的なメンテナンスが不可欠でした。このX線機器の導入と普及が、医療用画像放射線機器を取り扱う専門技術職の始まりとなりました。,,1,,"コミュニケーションスキル,機械工学の知識,電気工学の知識,図面を読む能力,問題解決能力","false,true,true,true,true","医師免許,放射線取扱主任者","true,true","トヨタ自動車,島津製作所,日立製作所","論理的思考力,技術知識と経験,継続力,精密作業能力","true,true,false,true","最新技術への関心,機械工学への興味,精密組立への関心,データ分析","true,true,true,false",医療用画像放射線機器組立技士は、病院や医療施設などで使用される画像診断装置や放射線機器の組立、据付、メンテナンスを行う専門職です。具体的には、CTスキャナー、MRI装置、超音波装置、X線装置などの高度な医療機器を取り扱い、正確に作動するように組み立てたり、設置したりします。また、機器が正常に動作するための定期的な点検や修理も担当します。技術的な知識と医療分野の基礎的理解が要求され、品質と安全性に配慮した作業が求められます。,32,17:30,75.5,2,31,10.5,45,550,4.5,精密機器・光学機器製造業
434,合板工,1905,現代的な合板の工業生産がアメリカ合衆国で本格的に始まり、大規模な工場で専用の機械と接着剤を用いた製造プロセスが確立された年です。これにより、合板の製造を専門とする職人が誕生しました。,,1,,"木工技術,合板製造プロセスの理解,機械の操作と保守,コミュニケーションスキル","true,true,true,false","製材機械技士,木材加工技能士","true,false","セイホク株式会社,山佐木材株式会社,住友林業株式会社","手先の器用さ,継続力,安全意識","true,false,true","木材加工への関心,機械操作への関心","true,true",合板工は、主に木材を加工して合板を製造する職人です。合板は薄い木の板を複数枚重ね、接着剤で圧着することによって作られます。この職業には、正確なカット、貼り合わせ、圧着作業が要求されます。また、品質管理や機械の操作、製品の仕上げも重要な役割を担います。安全基準の遵守や労働環境の改善にも取り組む必要があります。,57,17:48,90.8,2,32,6.5,75.1,405,17.3,木材・紙・印刷業
435,清酒製造工,701,大宝律令の制定により、律令制のもとで酒造を専門とする「造酒司」が設置され、組織的な清酒製造が行われるようになったため。これは、専門の「清酒製造工」の存在を示すものと考えられます。,,1,日本,"コミュニケーションスキル,清酒製造に関する知識と技術,衛生管理能力,品質管理能力","false,true,true,true","酒造技能士,醸造試験製造免許","false,true","大関株式会社,灘酒造株式会社,菊正宗酒造株式会社","継続力,味覚の鋭敏さ,手先の器用さ,論理的思考力,衛生管理能力","true,true,false,false,true","最新技術への関心,日本の伝統文化への関心","false,true",清酒製造工は、日本酒の製造に携わる職業です。工程は、米を磨くことから始まり、米を蒸して麹菌を加えて糖化させる工程を経て、アルコール発酵を行います。さらに、発酵したもろみを絞ることで清酒が生成されます。清酒製造工は、これらの工程を通じて高品質な日本酒を製造することを目指します。仕事には、細心の注意を払って温度や湿度を管理し、味や香りに影響を与える微生物の活動を適切にコントロールする技術が求められます。加えて、長時間の立ち仕事や重いものの持ち運びが伴うため、体力も必要です。,42.7,17:48,97,2,31.3,7.5,43.7,400,15.2,食料品製造業
436,管工事施工管理技士,1969,管工事施工管理技士の国家資格制度は、1969年（昭和44年）に建設業法の改正によって「施工管理技士」制度が創設された際に、当初から設けられた6つの資格種別の一つとして確立されました。この資格の創設により、管工事の計画、実施、監督を行う専門職としての管工事施工管理技士の存在が法的に明確化されました。,,1,日本,"コミュニケーションスキル,プロジェクト管理能力,建設業関連法令の知識","true,false,true",管工事施工管理技士資格,TRUE,"鹿島建設,清水建設,大成建設,大林組","論理的思考力,コミュニケーションスキル,プロジェクト管理能力,継続力,技術的知識,問題解決能力","true,true,true,false,true,false","最新技術への関心,建設やインフラに関する興味","false,true",管工事施工管理技士は、建築現場における配管工事の計画、実施、監督を行う専門職です。主な業務には、給排水、空調、ガス配管などの施工計画を立て、施工図をもとに工事を進行・管理することが含まれます。品質、安全、工程の管理を徹底し、工期内の工事完了を目指します。また、現場での技術的な問題の解決や、施工チームの指導も行います。この職業には、国家資格である「管工事施工管理技士」の資格が必要です。,32,19:30,85,2,31,15,45,550,4.5,建設・土木業
437,縫製工,1846,縫製工（ミシンや各種縫製機械を使用し、工場で衣類を製造する現代的な意味合いにおいて）という職業は、縫製機械の発明と普及によって大きく形成されました。1846年にエリアス・ハウが実用的なロックステッチミシンの特許を取得したことが、衣料品の工業生産化と、それに伴う専門の縫製工の需要を急速に高めるきっかけとなりました。,,1,,"手先の器用さ,注意力と集中力,縫製機械の操作技能,生地の知識,コミュニケーションスキル","true,true,true,false,false",縫製技術者検定,FALSE,"ワールド株式会社,オンワード樫山,三陽商会","手先の器用さ,縫製技術,継続力,色とデザインのセンス","true,true,false,false","手先の器用さ,細部へのこだわり,最新技術への関心","true,true,false",縫製工は、布地を裁断し、縫って衣類を作成する職業です。通常、縫製工はミシンや各種縫製機械を使用して作業を行い、デザインに基づいて衣類を仕上げます。職場は縫製工場やアパレル会社の製造部門が一般的です。細かい手作業を必要とし、正確さとスピードが求められます。近年では、オーダーメイドや修繕の需要も高まり、多様なスキルが求められる場合があります。,,18:00,,,,,,350,4.5,繊維・衣服・皮革製造業
438,紡織保全工,1830,1830年代には、蒸気機関を動力とする大規模な紡績工場や織物工場が急速に普及しました。これらの工場では、多数の複雑な紡績機や織機が導入され、効率的な生産を継続するためには、機械の専門的な保守、修理、調整が不可欠となりました。機械のダウンタイムを最小限に抑え、安定した稼働を維持するための専門知識と技術を持つ「紡織保全工」のような職務が、この時期に明確な形で必要とされ、確立されていきました。,,1,,"コミュニケーションスキル,機械メンテナンス,トラブルシューティング,生産ラインの知識,品質管理","false,true,true,true,false","繊維機械保全技能士,機械加工技能士","false,false","日清紡ホールディングス,クラボウ（倉敷紡績株式会社）,東洋紡","継続力,論理的思考力,機械の知識,手先の器用さ","true,false,true,true","機械のメンテナンスへの関心,安全管理への興味,品質管理への関心,試行錯誤や問題解決の興味","true,true,true,false",紡織保全工は、紡績工場で使用される機械の保守とメンテナンスを行う専門職です。紡績機や織機が効率的に稼働するために、機械の点検、修理、調整を担当します。トラブルシューティング能力と機械工学の基礎知識が求められ、機械のダウンタイムを最小限に抑えることが重要です。また、定期的な点検を通じて予防保全を行い、製造プロセスの円滑な運営を支えます。,43,17:47,75,2,31,11,48,430,10,繊維・衣服・皮革製造業
439,建築施工管理技士,1964,建築施工管理技士を含む施工管理技士の国家資格制度が、建設工事の大型化・複雑化に対応するため、建設業法に基づき1964年（昭和39年）に創設されたため。,,1,日本,"コミュニケーションスキル,建築知識,プロジェクトマネジメント,予算管理能力","true,true,true,false",建築施工管理技士資格,TRUE,"鹿島建設,清水建設,大成建設,竹中工務店,大林組","コミュニケーション能力,論理的思考力,プロジェクト管理能力,建築の専門知識,継続力","true,true,true,true,false","建築デザイン,最新技術への関心,プロジェクト管理,データ分析","false,false,true,false",建築施工管理技士は、建設工事において、施工計画の作成や現場の管理・監督を行う専門職です。彼らは、工事が設計図や仕様に従って適切に実施されるように監視し、品質・安全管理、工程管理、コスト管理を担当します。また、工事関係者とのコミュニケーションや調整を行い、プロジェクトを円滑に進める役割も担っています。資格取得には試験があり、合格すると国家資格として認定されます。,38,19:30,95.1,2,31,22.5,55,620,8.5,建設・土木業
440,プラスチック製品成形工,1907,プラスチック製品成形工の職業は、最初の完全な合成プラスチックであるベークライトが1907年に発明され、その工業生産が始まったことで誕生しました。ベークライトの成形には圧縮成形が用いられ、これに対応する成形機の操作専門職が必要とされたためです。これにより、合成プラスチック製品を製造する専門職が確立されました。,,1,,"コミュニケーションスキル,機械操作能力,品質管理知識,安全管理知識","false,true,true,true",プラスチック成形技能士,FALSE,"住友化学,三菱ケミカル,東レ,クラレ","論理的思考力,継続力,手先の器用さ,機械操作の知識,品質管理能力","true,true,true,true,false","最新技術への関心,機械操作への関心","false,true",プラスチック製品成形工は、プラスチック製品の製造工程において、成形機を操作し、製品を形成する職業です。主に射出成形やブロー成形、圧縮成形などの方法を用いて、さまざまな形状のプラスチック製品を作り出します。この職業には、成形機の設定や調整、不良品の検出と修正、品質管理などの業務が含まれます。また、素材の特性を理解し、適切な加熱時間や圧力を設定することが求められます。,46.8,17:49,79.6,1.7,31.5,16.9,50.7,384.3,12.7,石油・プラスチック・ゴム製品製造業
441,保温工,1880,19世紀後半、産業革命の進展により蒸気機関や各種プラント設備の普及が進みました。熱効率の向上と省エネルギー化の必要性から、配管やタンクなどへの専門的な断熱作業が不可欠となり、アスベストや鉱物繊維（ロックウールなど）といった工業用断熱材が開発・普及しました。これらの専門材料を正確に施工し、複雑な設備に対応する技術が必要とされた結果、保温工という専門職が確立されていきました。特に日本では明治時代以降の急速な工業化の中で、この専門職の需要が高まりました。,,1,,"断熱材の取り扱い技術,コミュニケーションスキル,安全管理の知識,施工図の理解","true,false,true,false","冷凍空調技士,断熱施工技士","false,false","アースエコ株式会社,林テレンプ株式会社,昭和冷凍機株式会社","継続力,手先の器用さ,物理的な耐久力,チームワーク力","true,true,false,false","物理的プロセスへの関心,データ分析,安全意識,最新技術への関心","true,false,true,false",保温工は、建物や設備の断熱作業を担う専門職です。主に配管やタンクの周囲に断熱材を取り付けて、熱損失を防ぎ、省エネ効果を高めます。工場やビル、住宅といった様々な施設において、温度管理が重要な場所での作業が中心です。材料の正確なカッティングと取り付け、環境や施設ごとの異なるニーズに応じた作業が求められます。また、安全対策を徹底しながら業務を行うことが重要です。,42.3,18:30,97.2,2,31,5.8,75,485,12.5,建設・土木業
442,配管工,312,配管工の語源はラテン語の「plumbum」（鉛）に由来し、古代ローマで鉛製の管が広く使われていたことにちなみます。ローマ人は大規模な水道橋や下水システムを開発し、これらの複雑なネットワークの設置と維持を専門とする職人は「plumbarii」として知られていました。紀元前312年にローマ最初の主要な水道橋であるアッピア水道が建設されたことは、高度な水管理が確立され、それに伴い配管を扱う専門職が必要とされた重要な節目とされています。,,1,,"コミュニケーションスキル,物理的体力,工具操作スキル,配管の知識","false,true,true,true","管工事施工管理技士,配管技能士,ガス溶接技能者","true,false,false","日立プラントサービス,クボタパイプシステム,TAKAGI（水道関連）","論理的思考力,継続力,手先の器用さ,手順の理解力,コミュニケーション能力","true,true,true,false,false","手先の器用さ,最新技術への関心","true,false",配管工は、建物や構造物内で水、ガス、排水などの流体を運ぶ管を取り扱う専門職です。彼らは管の設置、修理、保守を担い、漏れや詰まりを防ぐための点検を行うこともあります。住宅や商業施設、工業施設で働くことが多く、しばしば顧客とのコミュニケーションも重要です。技術的なスキルと問題解決能力が求められます。,,18:00,,,,,,450,5.5,建設・土木業
443,土木作業員,-312,土木作業員は、道路や橋梁、建物の基礎工事などで物理的な労働を行う職種と定義されています。その起源は古代に遡り、特にローマ帝国時代に大規模な土木工事が組織的に行われました。紀元前312年に建設が始まったアッピア街道（Via Appia）は、大規模な掘削、運搬、整地、石材の敷設を伴う道路建設であり、これは現代の土木作業員が行う物理的労働の基礎となる作業が組織的に行われた最初の明確な例の一つです。,,1,,"コミュニケーションスキル,基本的な測量技術,重機操作技能,安全管理知識","true,false,true,true","車両系建設機械運転技能講習修了証,玉掛け技能講習修了証,移動式クレーン運転士免許","false,false,false","トヨタ自動車,清水建設,鹿島建設,大成建設,大林組","継続力,体力,論理的思考力,チームワーク,安全意識","true,true,false,true,true","身体を動かすことへの興味,チームでの協力,建設現場を理解し、現場の状況に適応する能力","true,true,false",土木作業員は、建設現場で物理的な労働を行う職業です。主な業務としては、土や砂利の掘削、運搬、整地作業や、コンクリートの打設、型枠の設置、鉄筋の組み立てなどがあります。これらは道路や橋梁、トンネル、建物の基礎工事などで必要な作業です。重機を使用する場合もあり、体力が求められる職種です。,42.8,17:44,95.9,1.5,30.1,10.6,66.9,435,12.1,建設・土木業
444,製材工,275,古代ローマのヒエラポリスに存在した水力製材所が、既知の中で最も初期の機械的製材の証拠として挙げられます。これは紀元3世紀後半のもので、水車を利用して木材を切断する機械を動かしていました。この技術は、単なる手作業による木材加工を超え、より大規模かつ組織的な木材加工を行う専門職の存在を示唆しています。現代の「製材工」が機械を操作する技術を求められる点を踏まえると、この水力製材所の登場が、その職業の原型が確立された重要な転換点と見なせます。,,1,,"コミュニケーションスキル,機械操作スキル,材木の知識,安全管理の知識","false,true,true,true","基本情報技術者試験,フォークリフト運転技能講習修了証","false,true","住友林業,大和ハウス工業,ミサワホーム","継続力,体力,機械操作技術,安全意識,精密さ","true,true,true,true,false","最新技術への関心,木材加工への興味,安全性に関する意識","false,true,true",製材工は、木材をさまざまな用途に適した形状やサイズに加工する職業です。具体的には、木材の切断、削削、整形、乾燥などの作業を行い、建設材や家具材、紙製品の原材料などを生産します。製材工は、電動工具や機械を操作するための技術と、安全に作業を行うための知識が求められます。また、作業環境として粉塵が発生する場合があるため、適切な防護措置を取ることが重要です。,47.5,17:42,96.8,1.8,30.1,12.5,63.4,415,15.2,木材・紙・印刷業
445,航空整備士,1926,航空整備士が専門職として公的に確立されたのは、1926年に米国で制定された「航空通商法（Air Commerce Act）」によるものです。この法律により、パイロットと航空機整備士の免許制度が導入され、航空機の安全運航を確保するための整備基準と、それを実施する専門家の資格が正式に定められました。これにより、航空機の整備、点検、修理を行う「航空整備士」という職業が、公的な資格と責任を伴う専門職として確立されました。,,1,,"コミュニケーションスキル,航空機メンテナンス技術,安全規則や整備基準の知識,ハードウェアテストスキル","true,true,true,false","航空整備士の資格,基本情報技術者試験","true,false","ANAエンジニアリング,JALエンジニアリング,スカイマークメンテナンス","論理的思考力,技術的知識と技能,細部への注意力,継続力,安全意識","true,true,true,false,true","最新技術への関心,メカニズムへの興味","true,true",航空整備士は航空機の整備、点検、修理を担当する専門職です。航空機の安全な運航に不可欠な職業であり、高い技術と知識が求められます。整備士は定期検査や故障時のトラブルシューティングを行い、機体、エンジン、電子機器などの各部位を詳細に確認し、問題を修正します。また、航空法に基づく厳格な基準を満たすよう、適切な手順で作業を行うことが重要です。,32,17:30,85,2,31,10,45,600,4.5,宇宙・航空・先端科学産業
446,製パン工,-2600,古代エジプトにおいて、パン製造が家庭での作業から専門化された職業へと発展し始めた時期です。紀元前2600年頃には、パン職人がパンやケーキを専門的に製造する姿が墓の壁画に描かれており、これが職業としての「製パン工」の最も古い記録の一つとされています。エジプト人は、酵母を使って発酵させたパンを最初に作ったとされており、この技術の進化が専門職の誕生を促しました。,,1,,"パンの製造技術,生地の発酵知識,衛生管理能力,コミュニケーションスキル,時間管理能力","true,true,true,false,false",製パン技能士,FALSE,"敷島製パン,山崎製パン,フジパン","継続力,創造性,時間管理スキル,衛生意識","true,false,true,true","食への関心,手先の器用さ,食品衛生への意識,品質管理への興味","true,true,true,false",製パン工は、パンやベーカリー製品を製造する職業です。主に小麦粉、水、イーストなどの基本的な材料を使用し、さまざまな種類のパンやペストリーを作ります。製造の過程には、生地の仕込み、成形、発酵、焼成などがあります。パン職人は手作業と機械を組み合わせて作業を行い、レシピに従って材料を測定し、調理工程を監督します。食品の安全性と衛生管理も重要な要素です。時には新しい製品の開発や、装飾技術の向上に努めることもあります。,43,18:30,85,2,31,10,45,350,8.5,食料品製造業
447,靴製造工,-1450,紀元前15世紀頃の古代エジプト新王国時代には、テーベの宰相レクミレの墓の壁画に靴製造の工程が詳細に描かれており、この時代に専門的な靴製造工が存在したことが示されています。これは、靴製造が単なる日常的な作業を超え、独立した職業として確立されていた最も古い明確な証拠の一つと考えられています。,,1,,"靴の製造工程の知識,靴のデザインスキル,材料知識（レザー、布地など）,縫製技術,コミュニケーションスキル","true,false,true,true,false","靴デザイナー資格,靴製造技術者認定","false,false","アシックス,ミズノ,リーガルコーポレーション,ムーンスター,ABCマート","継続力,手先の器用さ,クリエイティビティ,品質管理能力","true,true,false,true","手作業への情熱,革素材への興味","true,true",靴製造工は、様々な種類の靴を製造する職業で、デザイン、材料選択、裁断、製作、仕上げといった工程に従事します。具体的には、靴の型紙を利用して革や布地を裁断し、縫製・接着を通じて靴の形に組み立て、最終的に磨きや仕上げを行うことで、完成品を作り上げます。手作りのプロセスもあれば、機械を使用した大量生産もあります。職業の性質上、手先の器用さやデザインセンス、耐久性のある靴を作るための知識が必要です。,43.9,18:11,78.7,1.9,31.2,9.8,52.1,376,9.3,繊維・衣服・皮革製造業
448,建築板金工,1870,明治維新（1868年）後の日本の急速な近代化に伴い、西洋式の建築技術と建材が導入され始めました。特に、建物の屋根や外壁の保護材として、耐久性と耐候性に優れた亜鉛めっき鋼板（トタン板）が輸入・使用されるようになり、これらの材料を加工・設置する専門的な職人、すなわち建築板金工の需要が生まれました。この時期、板金技術は一般的な建築プロセスの一部として確立され始めました。,,1,,"金属加工技術,図面理解力,現場作業経験,コミュニケーションスキル","true,true,false,false",建築板金技能士,TRUE,"清水建設,大林組,鹿島建設","継続力,職人的技術力,安全管理意識,手作業での正確さ,論理的思考力","true,true,true,true,false","建築設計への興味,最新技術への関心","true,false",建築板金工は、建物の屋根や外壁の板金加工を行う職業です。主に金属素材を使用して、風雨から建物を守るためのカバーを取り付けたり修理したりします。この仕事には精密な作業や金属の取り扱い技術が必要で、建物の美観を損なわないデザイン性も求められます。,45.3,18:00,96.3,1.5,32.5,10.2,64.3,480,15.2,建設・土木業
449,建設機械オペレーター,1930,建設機械オペレーターという専門職は、20世紀初頭に重機の技術が進化し、特に1920年代から1930年代にかけて、内燃機関を搭載したブルドーザー、モーターグレーダー、ケーブル式ショベルなどの多様な建設機械が広く普及したことで確立されました。これらの機械の複雑化と、フーバーダムやニューディール政策における大規模な公共事業のようなインフラプロジェクトの需要が高まったことにより、これらの重機を安全かつ効率的に操作できる専門的な技術者が必要とされました。この時期に、建設機械の操作が単なる労働ではなく、特定のスキルと専門知識を要する独立した職業として認識されるようになりました。,,1,,"コミュニケーションスキル,建設機械の操作技術,安全管理の知識","false,true,true",車両系建設機械運転技能者資格,TRUE,"トヨタ自動車,コベルコ建機","継続力,注意力,機械操作技能,安全意識,論理的思考力,空間認識力","true,true,true,true,false,false","機械操作への興味,安全管理への関心,最新技術への関心","true,true,false",建設機械オペレーターは、ブルドーザー、ショベルカー、クレーンなどの重機を操作して土木工事や建設プロジェクトを実施する職業です。これらの機械は、建物の基礎工事、地盤整備、土砂の運搬、建物の解体などに使用されます。オペレーターは、安全かつ効率的に機械を操作し、現場の作業を円滑に進める役割を担います。資格認定が求められることが一般的で、建築現場での経験が求められることもあります。,41,17:48,96.3,1.6,30,12.4,73.4,481,13.6,建設・土木業
450,カメラ組立工,1888,カメラ組立工という職業は、カメラが工場で量産されるようになった19世紀後半に誕生しました。特に1888年にジョージ・イーストマンがコダックカメラを発表したことは、カメラの工業生産化を本格的に進め、部品の組み立てを行う専門の作業員が必要とされるきっかけとなりました。説明文にはデジタルカメラやビデオカメラの組立が挙げられていますが、カメラ部品を工場で組み立てるという基本的な職務は、アナログカメラの時代に確立されました。,,1,,"コミュニケーションスキル,手先の器用さ,機械の知識,品質管理","false,true,true,false",電子機器組立作業者資格,FALSE,"Canon,Nikon,Sony","継続力,論理的思考力,細かい手作業の正確さ,チームワーク","true,false,true,false","最新技術への関心,手先の器用さ","false,true",カメラ組立工は、主に工場でデジタルカメラやビデオカメラを製造する過程において、部品の組み立てを担当する職業です。精密なパーツを手作業または機械を使って組み合わせ、製品を完成させます。高い集中力と細かな作業を正確にこなす能力が求められます。また、製品の品質チェックや修理作業を行うこともあります。電子機器や機械装置の基本的な知識があると有利です。,43.5,17:48,76.1,2,31,21.4,50.6,369,7.8,精密機器・光学機器製造業
451,冷凍加工食品製造工,1930,冷凍加工食品製造工という職業は、アメリカの実業家クラレンス・バーズアイが開発した急速冷凍技術を用いた冷凍食品が商業的に販売を開始した1930年に誕生したと考えられます。この年、バーズアイはゼネラル・フーズ社を設立し、マサチューセッツ州で初めて冷凍食品を一般消費者向けに販売しました。これにより、冷凍食品の製造・加工に特化した工場での作業員が必要となり、この職業が確立されたと推測されます。,,1,,"コミュニケーションスキル,食品製造プロセスの理解,衛生管理知識,品質管理","false,true,true,true","食品衛生管理者,食品製造責任者","true,false","トヨタ自動車,日本水産株式会社","継続力,品質管理能力,衛生管理能力,精細な作業能力","true,true,true,false","最新技術への関心,食品安全と品質管理に対する関心","false,true",冷凍加工食品製造工は、冷凍食品の生産・製造に関わる職業です。工場内での食品の解凍、調理、冷凍、包装などの工程を担当し、品質管理や衛生管理に注意を払いながら作業を行います。製造ラインでの作業だけでなく、機械設備の操作やメンテナンスも行うことがあります。また、新商品の開発や既存商品の改良にも関わる場合があります。チームで連携して作業を行うため、コミュニケーション能力も重要です。,43,18:00,77.1,1.9,31,10.5,43.3,410,8.2,食料品製造業
452,型枠大工,1870,型枠大工の職業は、現代のコンクリート構造物の建設、特に鉄筋コンクリートの普及と密接に関連しています。鉄筋コンクリートがジョセフ・モニエによって1867年に特許取得され、その後、建物やインフラにおいてその利用が拡大し始めた19世紀後半に、精密な型枠の設計と施工が不可欠となりました。1870年代以降、鉄筋コンクリートが実際に構造物に応用され始めたことで、コンクリートを流し込むための正確かつ堅固な型枠を専門的に製作・組み立て・解体する技術を持つ職人、すなわち型枠大工の必要性が生まれ、職業として確立されていきました。,,1,,"コミュニケーションスキル,大工技能,安全管理知識","false,true,true",型枠施工技能士,FALSE,"大和ハウス工業株式会社,積水ハウス株式会社,大林組株式会社,鹿島建設株式会社,竹中工務店株式会社","継続力,手先の器用さ,物理的体力,安全意識,チームワーク","true,true,true,true,false","建築に対する興味,最新技術への関心","true,false",型枠大工は、建設工事においてコンクリート構造物を形成するための型枠を製作、組み立て、解体する作業を行います。型枠は、コンクリートを流し込むための鋳型の役割を果たします。この職業は、精密に型枠を設置し、正確な寸法を確保することが求められるため、細やかな技術力と熟練した作業が重要です。安全管理も重要な役割を果たしており、作業環境の安全性を保持することが必要です。,42.3,18:30,99,1.5,32.1,25.5,75,450,15.2,建設・土木業
453,オフセット印刷作業員,1905,オフセット印刷作業員という職種は、オフセット印刷機が商業的に利用可能になり、印刷業界で導入され始めた時期に誕生しました。アメリカのIra Washington Rubelが1903年に最初の商業用オフセット印刷機を発明し、1905年頃からこの機械が印刷会社に販売され始めたことで、専門知識を持つ操作員が必要とされるようになりました。,,1,,"コミュニケーションスキル,印刷機操作スキル,品質管理スキル,機械メンテナンススキル,色彩調整スキル","false,true,true,false,true",印刷技能士,FALSE,"凸版印刷,大日本印刷,共同印刷","継続力,注意力,機械操作スキル,色の識別能力","true,true,true,false","印刷プロセスへの興味,機械操作への興味,データ分析,最新技術への関心","true,true,false,false",オフセット印刷作業員は、印刷産業における専門職であり、オフセット印刷機を操作して高品質な印刷物を大量生産する仕事です。作業員は印刷機の設定や調整、インクの管理、用紙の供給、品質の確認を行い、印刷プロセスがスムーズに進むようにします。また、トラブルシューティングや定期的なメンテナンスも担当し、作業の安全性と効率を確保します。精密さと注意力が求められる職種です。,40.5,18:30,85,1.5,31,12,45,450,7.2,木材・紙・印刷業
454,機内食製造工,1919,商業航空における最初の機内食が提供された年であり、その準備に従事した人々がこの職種の始まりとみなせるためです。1919年、ハンドレページ・トランスポートがロンドン-パリ路線で、サンドイッチなどの冷たい食事を乗客に提供したのが最初期の事例とされています。,,1,,"コミュニケーションスキル,食品衛生知識,調理技術","false,true,true","食品衛生責任者,食品安全管理者","true,false","JALUX株式会社,ANA Catering Service株式会社,ゲートグルメジャパン株式会社","論理的思考力,衛生管理,品質管理,継続力","true,true,false,false","食品の質への関心,衛生管理への意識,最新技術への関心","true,true,false",機内食製造工とは、航空会社の提供する機内食を製造する仕事です。具体的には、食材の準備、調理、パッキングを行い、航空会社の要求に応じた安全で美味しい食事を提供することが求められます。また、衛生基準や品質管理を徹底し、食品の安全を確保する役割があります。通常、工場内での作業が主体であり、時間通りに大量の食事を製造する必要があります。,,18:00,,,,,,450,5.2,食料品製造業
455,エンジン設計技術者,1876,内燃機関の歴史において、ニコラウス・オットーが効率的で実用的な4ストローク機関の特許を取得した年です。この技術革新は、その後の自動車、航空機、船舶、発電機などに使用される内燃機関設計の基礎を築き、エンジンの性能、燃費、排出ガスなどの複雑な要件を考慮し、構成部品の設計と最適化を行う専門的な「エンジン設計技術者」という職業の必要性を生み出しました。初期は発明家が設計を行いましたが、この画期的なエンジンの登場と普及に伴い、継続的な改良、応用、新技術の研究開発が求められる専門職として確立され始めました。,,1,,"CADソフトウェア,材料力学,エンジンの知識,コミュニケーションスキル,プロジェクト管理","true,true,true,false,false","基本情報技術者試験,機械設計技術者","false,false","トヨタ自動車,本田技研工業,日産自動車,スズキ","論理的思考力,工学的知識,継続力","true,true,false","最新技術への関心,機械工学への興味,創造的な設計力,持続可能な技術への興味","true,true,true,false",エンジン設計技術者は、自動車、航空機、船舶、発電機などの内燃機関や、電動モーターの設計と開発に携わる職業です。エンジンのパフォーマンス、燃費、排出ガスの基準を考慮しながら、さまざまなコンポーネントを設計し、最適化することが求められます。また、新技術の研究開発や、既存エンジンの改良も行います。さらに、設計したエンジンのプロトタイプのテストや評価を通じて、実用化に向けた調整を行うことも重要な役割です。,37.9,19:20,90.8,1.8,31.5,23.4,52.1,620,7.2,自動車・輸送機器製造業
456,袋物製造工,1200,袋物製造工という専門職の存在は、中世ヨーロッパにおいて特に明確になったと考えられます。初期のバッグや袋物は、革製品を扱う職人（革細工師）や仕立て屋によって作られていましたが、13世紀頃には、フランスのパリなどで「bourses」（袋物、特に財布や小銭入れ）を専門に製作する「bourse-makers」（袋物製造工）のような独立したギルド（同業者組合）が形成されました。これにより、単なる革加工の範疇を超え、袋物のデザイン、機能性、素材選定に特化した技術と知識を持つ職人が専門職として確立されていったことが示唆されます。西暦1200年は、このような専門職の確立時期を代表するものです。,,1,,"縫製スキル,デザイン力,コミュニケーションスキル,材料知識,機械操作スキル","true,false,true,true,false","袋物製造技能士,ファッションビジネス能力検定","false,false","大喜利紙器,新光産業,平和紙業","継続力,手先の器用さ,デザインセンス,細部への注意力","true,true,false,false","最新技術への関心,手先の器用さ","false,true",袋物製造工は、バッグや手提げ袋などの袋物を専門に製作する職人です。布地、革、合成皮革など様々な素材を裁断、縫製し、持ち手やジッパーの取り付け、仕上げを行います。伝統的な製法から最新の技術まで幅広く対応し、デザイン、機能性、耐久性に優れた製品を作り出します。細やかな手作業や創造力が求められ、トレンドに敏感であることも重要です。,45.6,17:30,61.3,2,31.5,5.2,71.1,315,7.8,繊維・衣服・皮革製造業
457,楽器クラフトマン,2500,紀元前2500年頃のメソポタミア文明（特にシュメール人）におけるウルの竪琴のような非常に精巧な楽器の存在が、楽器の製造、修理、装飾を専門とする職人がいたことを強く示唆しています。これらの楽器の複雑さと高度な技術は、楽器クラフトマンが独立した職業として確立されていた証拠です。,,1,,"コミュニケーションスキル,木材加工スキル,楽器の音響知識,楽器修理スキル,美的感覚","false,true,true,true,false","木工技師検定,音響技術者認定","false,false","ヤマハ株式会社,河合楽器製作所,Roland Corporation","手先の器用さ,音楽的センス,継続力","true,false,true","音楽や楽器への情熱,最新技術への関心","true,false",楽器クラフトマンは、楽器の製造、修理、調整、カスタマイズを専門とする職業です。彼らは楽器製造の工程を理解し、高い技術力と細かい作業が要求されます。どの楽器を専門とするかにより、使う技術や知識は異なりますが、木材、金属、その他の素材を加工して、演奏者が最高のパフォーマンスを発揮できるように楽器を仕上げます。また、顧客の要望に応じたカスタムメイドの楽器を製作することもあります。,38,18:30,75,2,31,10,50,450,7.5,精密機器・光学機器製造業
458,調理師,1765,現代の調理師の概念は、1765年にパリでムッシュ・ブーランジェが世界初の「レストラン」（メニューから個別の料理を選んで注文できる公共の食堂）を開業したことに始まります。これにより、それまで貴族の私邸や旅館で働いていた料理人が、一般客を相手にする独立した専門職として確立され始めました。この出来事は、調理師が多様な施設（レストラン、ホテル、学食、病院など）で働く専門職へと発展する道を開きました。,,1,日本,"コミュニケーションスキル,調理技術,衛生管理知識,時間管理能力,メニュー作成,効率的な作業能力","true,true,true,false,false,false",調理師免許,TRUE,"株式会社ワタミ,クリスピークリームドーナツジャパン株式会社,カフェ・ベローチェ","論理的思考力,継続力,味覚センス,時間管理能力","false,true,true,true","料理に対する情熱,食材や料理法に関する好奇心","true,false",調理師は、食品の準備および調理に従事する専門職です。彼らは食材の選定や組み合わせ、調理技術を駆使して、食事を作る役割を担っています。レストランやホテルの厨房、学食や病院など、さまざまな施設で働くことができます。必要に応じて、食品の衛生管理やメニューの開発を行うこともあります。この職業には、創造性や忍耐力、厳格なスケジューリング能力が求められます。日本国内では調理師免許の取得が推奨されます。,,18:00,,,,,,485,15.3,飲食・フードサービス業
459,小型船舶操縦士,1957,日本において、小型船舶を操縦するための専用の資格制度である小型船舶操縦免許は、1957年に施行された「船舶職員及び小型船舶操縦者法」によって確立されました。これにより、小型船舶操縦士は資格を必須とする職業として法的に明確に定義されました。,,1,日本,"船舶の操縦技術,海上の安全管理,気象知識,航海計画作成スキル,コミュニケーションスキル","true,true,true,true,false",小型船舶操縦士免許,TRUE,"ヤマハ発動機,スズキ株式会社,本田技研工業株式会社","論理的思考力,方向感覚,安全意識,操縦技術,継続力","true,true,true,true,false",水上交通と航海の安全に対する興味,TRUE,小型船舶操縦士は、水上の小型船舶を安全に操縦するための資格を持つ職業です。この職は、船舶の運航やメンテナンス、航路の選定、天候の判断、乗客の安全管理などを行います。通常、釣り船や観光船、プレジャーボートなどの操縦に従事することが多く、操縦士としてのライセンス取得が必須です。,42.3,18:00,95.1,1.7,31.5,10.5,60,450,15.2,
460,救急隊員,1966,現代の救急隊員の専門職としての起源は、1966年に米国で発表された「偶発的な死と障害：現代社会の忘れられた病」という報告書に深く関連しています。この報告書は、救急医療サービスにおける重大な欠陥を指摘し、統一された訓練基準と高度な応急処置を提供する専門家の必要性を強調しました。これを受け、専門的な救急隊員（パラメディック）の訓練プログラムが開発され、救命技術や医療機器を扱う現代の救急隊員の基礎が築かれました。日本においても、この頃から救急医療体制の近代化が進み、消防機関による救急業務が強化され、専門的な訓練を受けた救急隊員の役割が確立されていきました。,,1,日本,"コミュニケーションスキル,体力,応急処置技術,ストレス管理能力,迅速な判断力","true,true,true,false,true",救急救命士,TRUE,"東京消防庁,大阪市消防局,名古屋市消防局","継続力,論理的思考力,緊急対応能力,コミュニケーション能力,チームワーク,身体的な強さと持久力","true,false,true,true,true,true","最新技術への関心,救命活動への情熱","false,true",救急隊員は、緊急医療サービスを提供するために訓練された専門家です。彼らは急病や怪我を負った人々に対し、迅速かつ効果的な医療処置を行い、必要に応じて病院へ搬送します。救急現場では、患者の状態を評価し、適切な治療を提供することが求められます。また、CPR（心肺蘇生法）を含む救命技術を駆使して救助活動を行います。救急車や救急医療機器の操作にも精通している必要があります。多忙な環境の中で冷静に判断を下し、チームと協力して働く能力が重要です。,,18:00,,,,,,447,9.3,
461,有害液体汚染防止管理者,1971,有害液体汚染防止管理者の職務は、有害液体の漏洩や誤処理の防止、有害化学物質の使用・保管・処分の管理、安全基準の遵守、環境・人々への影響最小化、事故・非常時の対応策策定・実施といった内容であり、これは日本の「公害防止管理者」制度における職務内容と強く関連します。「特定工場における公害防止組織の整備に関する法律」が1971年（昭和46年）に施行され、一定規模以上の工場に公害防止管理者の選任が義務付けられました。この制度は、有害液体による水質汚濁などを含む多岐にわたる公害防止を目的としており、有害液体汚染防止管理者の機能的な役割はこの法律によって確立されたと言えます。,,1,日本,"化学物質の取り扱い知識,法規制の理解,環境管理システムの知識,コミュニケーションスキル,緊急時対応スキル","true,true,false,true,true","有機溶剤作業主任者,化学物質取扱者","true,false","タケダ化学工業,富士フイルム,三菱ケミカル","安全規制の知識,細心の注意,緊急事態対応能力,継続力,論理的思考力,コミュニケーション能力","true,true,true,false,false,false","データ分析,環境問題への関心,安全規則への関心","false,true,true",有害液体汚染防止管理者の主な役割は、工場や産業施設において有害液体の漏洩や誤処理を防止することです。これには、有害化学物質の使用、保管、処分の管理が含まれます。安全基準の遵守を確保し、環境や人々への影響を最小限に抑えるためのプランを策定・実施します。また、事故や非常時の迅速な対応策を講じることも重要です。,43,18:30,98.5,2,32,5,75,600,8.5,
462,無線通信士,1899,無線通信士という職業は、グリエルモ・マルコーニが無線電信を実用化し、商業的な無線通信サービスが開始された時期に起源を持ちます。1899年、マルコーニの会社が世界初の商業無線電信サービスを開始し、船舶や陸上の通信で専門の操作員が必要とされるようになりました。これが、無線通信機器を操作・管理する専門職としての「無線通信士」が誕生した時期とされています。,,1,日本,"電気通信法規の知識,無線通信技術の熟知,コミュニケーションスキル","true,true,false","第一級陸上特殊無線技士,第二級陸上特殊無線技士","true,false","NTTドコモ,ソフトバンク,KDDI,Microsoft","無線通信技術の専門知識,電波法規に関する知識,論理的思考力,継続力","true,true,false,false","最新技術への関心,無線通信技術への興味,データ分析","true,true,false",無線通信士は、無線を用いて通信機器による情報の送受信を管理・操作する専門職です。航空機や船舶、気象情報、災害対策、公共交通機関などの分野で活躍します。周波数、機器の状態、通信のクリアさを確保し、正確で迅速な情報伝達を行う責任があります。 無線通信士は、無線機器の操作技術と知識を持ち、国家資格を必要とする場合があります。国内外の法律や規則を遵守し、インシデント防止のための緊急対応スキルも求められます。情報の伝達においては、明快かつ効果的なコミュニケーション技術が重要です。,41,17:45,85.5,2,33,8,48.2,615,12.3,情報通信業（IT・ソフトウェア・通信）
463,潜水士,1837,オーガスタス・シーベが近代的な密閉型潜水服を完成させた1837年以降、水中での専門的かつ長時間の作業が可能となり、現代の潜水士という職業が確立され始めました。,,1,日本,"コミュニケーションスキル,水中作業の技術,潜水装具の操作能力","false,true,true",潜水士免許,TRUE,"日本潜水株式会社,シードリーム","水泳技能,圧力の制御,継続力,論理的思考力","true,true,false,false","安全管理への関心,水中作業への興味,身体能力の向上への関心","true,true,false",潜水士は、水中での業務を安全に遂行するための専門家であり、水中作業に関連する技術や知識を必要とします。主にダイビングによる調査、救助活動、建設作業、製造設備の点検などが含まれます。潜水士は潜水に関する法律に基づき、適切な訓練とライセンスを持つ必要があります。安全管理や潜水計画の策定、さらには緊急時の対応能力が求められます。,45.7,17:00,99.6,2,31.4,3.5,75.2,700,18.2,建設・土木業
464,自衛官,1954,自衛隊は、自衛隊法と防衛庁設置法の施行により、1954年7月1日に創設されました。これに伴い、自衛隊に所属する者を指す「自衛官」という職業が正式に誕生しました。,,1,日本,"コミュニケーションスキル,体力,チームワーク,規律遵守,危機管理能力","true,true,true,true,true","自衛官候補生制度,自衛官募集試験","true,true",防衛省・自衛隊,"継続力,身体的能力,リーダーシップ,危機管理能力,論理的思考力","true,true,false,false,false","最新技術への関心,身体的フィットネスへの関心,チームワークと団結の興味","false,true,true",自衛官は、日本の自衛隊に所属し、国の安全と防衛を担う職業です。自衛隊には陸上自衛隊、海上自衛隊、航空自衛隊があり、それぞれ異なる任務を持っています。自衛官は、国際平和協力活動、災害派遣、警備、訓練、国際的な安全保障の維持など、多岐にわたる業務に従事します。また、厳しい訓練を受け、常に高い規律が求められます。,32,19:30,85,2,31,15,45,550,4.5,防衛・警察・消防
465,レーシングドライバー,1894,1894年にフランスで開催された「ル・プティ・ジャーナル」主催のパリ-ルーアン自動車コンクールが、世界初の組織的な自動車レースと広く認識されています。このイベントでは、参加者（ドライバー）が指定されたルートを車両で走行し、速度と信頼性を競いました。これは、レーシングドライバーという職業の原型となる活動が具体的に開始された年であると言えます。当時のドライバーは必ずしも専業ではありませんでしたが、競技者として車両を運転するという役割がここで確立されました。,,1,,"コミュニケーションスキル,運転技術,フィジカルフィットネス,判断力,メカニカル知識","true,true,false,true,false","国際自動車連盟 (FIA) スーパーライセンス,国内Aライセンス","true,false","ホンダ,日産,TOYOTA Racing Development (TRD),スバル","論理的思考力,継続力,反射神経,集中力,フィードバック能力","true,false,true,true,false","最新技術への関心,高い速度への興味,競争心","true,true,false",レーシングドライバーは、モーターレースに参加し、車両を運転する競技者です。彼らは通常、高速で走行する車やバイクを制御し、スピードを競うさまざまなレースに参戦します。専門技術、迅速な判断力、リスク管理能力が必要不可欠です。多くの場合、レースの前後にはスポンサーとの関係づくり、メディア対応、体力・技術トレーニングも重要な仕事の一部となります。最高の性能を引き出すためには、メカニックチームと緊密に連携することも求められます。,32,19:30,85,2,31,15,45,550,4.5,スポーツ・レジャー・イベント業
466,パイロット,1914,世界初の定期航空便が1914年に運航を開始し、専門のパイロットが必要とされました。また、同年第一次世界大戦が勃発し、軍用機の運用が本格化し、軍事パイロットが専門職として確立されました。,,1,,"航空機操縦スキル,飛行計画スキル,航空管制とのコミュニケーション能力,コミュニケーションスキル,緊急時対応能力,気象学の知識,健康診断適性,航空機システムの理解","true,true,true,false,true,true,true,true","自家用操縦士免許,事業用操縦士免許","true,false","全日本空輸 (ANA),日本航空 (JAL),スカイマーク","論理的思考力,継続力,高度な判断能力,精神的安定性,優れた視力,コミュニケーション能力","true,true,true,true,true,false","最新技術への関心,航空機への関心","true,true",パイロットは、商業航空機や軍用機を操縦する専門職です。航空会社や民間の航空関係で働くことが多く、航空機の運航、着陸、航路の計画、飛行前の安全確認などの仕事を行います。また、天気情報や飛行計画を分析して最適な航路を策定し、航空機のセーフティを確保する役割を果たします。パイロットになるためには、ライセンスを取得し、厳しい訓練と試験をクリアする必要があります。,,18:00,,,,,,1300,10.5,運輸・物流・倉庫業
467,介護支援専門員,2000,介護支援専門員（ケアマネジャー）は、2000年4月に施行された介護保険制度において、要介護者のケアプラン作成やサービス調整を行う専門職として位置づけられ、この制度の開始とともに誕生しました。,,1,日本,"コミュニケーションスキル,介護保険制度の知識,福祉用具の知識,ケアプラン作成能力,地域の社会資源の知識","true,true,false,true,false",介護支援専門員実務研修受講試験,TRUE,"ベネッセスタイルケア,ニチイ学館,ソラスト","継続力,共感力,コミュニケーション能力,問題解決能力,ストレス耐性","false,true,true,true,false","人間関係の構築に対する興味,他者の援助に対する興味,最新技術への関心,データ分析","true,true,false,false",介護支援専門員（ケアマネジャー）は、介護が必要な高齢者やその家族に対して、適切な介護サービスを受けるための支援を行う職種です。具体的には、相談を受け、利用者に適した介護サービス計画（ケアプラン）を作成し、他の介護職種や施設と連携して、サービスが円滑に提供されるよう調整します。また、利用者や家族が抱える問題についての相談にも応じます。これにより、高齢者が住み慣れた環境で自立した生活を送ることができるように支援します。国家資格である介護支援専門員実務研修受講試験に合格しなければなりません。,47.3,18:05,22.5,1.5,30.8,6.2,52.8,400,8.6,医療・福祉・介護業
468,スクールカウンセラー,1995,日本では、1995年に文部省（当時）が「スクールカウンセラー活用調査研究事業」を開始し、公立学校へのスクールカウンセラーの配置を制度として導入・推進しました。これにより、スクールカウンセラーが専門職として広く認知され、学校に配置されるようになりました。これは、阪神・淡路大震災や地下鉄サリン事件などを受け、児童生徒の心のケアの重要性が社会的に高まったことが背景にあります。,,1,日本,"コミュニケーションスキル,心理学の知識,聞き取り能力,問題解決能力","true,true,true,false","臨床心理士,公認心理師","false,false","日本心理カウンセリング協会,臨床心理士認定協会,兵庫県教育委員会,スクールカウンセリング普及協会,東京都教育委員会","論理的思考力,共感能力,継続力,効果的なコミュニケーション能力","true,true,false,true","心理学への関心,コミュニケーション能力","true,true",スクールカウンセラーは、主に学校内で学生の心理的なサポートや相談を受け付ける専門職です。対象となるのは、学生本人、保護者、そして教職員であり、学生の学校生活や家庭環境での困難やストレスに対するサポートを行います。問題解決のためのカウンセリングや、必要に応じて外部専門機関への紹介も行います。教育相談や生徒指導、心理査定など多岐にわたる業務に携わります。,41.7,17:48,22.1,2,32,11.1,76.4,523.3,7.3,教育・学習支援業
469,カウンセラー,1908,フランク・パーソンズがボストンに職業局を設立し、職業選択に関する体系的な指導を開始しました。これは、個人が自己理解を深め、適切な職業選択を行うための支援を提供するものであり、現代のカウンセリング（特に進路カウンセリング）の先駆的な活動として広く認識されています。この動きが、専門職としてのカウンセリングの発展の基礎を築いたと考えられています。,,1,,"コミュニケーションスキル,心理療法の知識,倫理的配慮と守秘義務","true,true,true","臨床心理士,公認心理師","false,true",株式会社スーパーカウンセラー,"論理的思考力,継続力,共感力,コミュニケーション能力,問題解決能力","true,false,true,true,true","データ分析,コミュニケーション能力への関心,人間の行動や心理への興味,倫理と価値観に関する興味","false,true,true,true",カウンセラーは、個人やグループが心理的な問題や課題に対処するのを支援する専門職です。カウンセリングの過程で、クライアントの感情や考えを探り、彼らが抱える問題を明確にし、それに対処するための解決策や新たな視点を提供します。主な働く場は、学校、病院、企業の人事部門、地域のメンタルヘルスセンターなどであり、クライアントのニーズに応じた適切なサポートを提供します。カウンセラーは、必要に応じて他の専門職と連携し、クライアントの福祉を向上させるために緊密に協力します。,32,19:30,15,2,31,15,45,550,4.5,医療・福祉・介護業
470,保育士,1948,1948年に児童福祉法が施行され、保育に従事する者が「保母」（現在の保育士）として法定資格化されたため。これにより、専門的な知識と技術を持つ職業として公的に確立されました。,,1,日本,"コミュニケーションスキル,子どもへの理解と共感力,育児に関する基本的な知識,安全管理能力,チームワーク,体力","true,true,true,true,false,false",保育士資格,TRUE,"株式会社グローバルキッズ,株式会社ベネッセスタイルケア,株式会社ニチイ学館","継続力,コミュニケーション能力,創造力,忍耐力,愛情と共感性,柔軟性","true,true,false,true,true,false","子どもとの関わり,教育への情熱,コミュニケーション能力","true,true,true",保育士は、幼児から小学校入学前までの子どもたちを対象に、日常生活の世話や教育活動を行う職業です。主に保育園や幼稚園などの施設で働いており、子どもたちの発達段階に応じた教育プログラムの設計と実施、食事や睡眠のサポート、安全を確保する役割を担っています。保護者や他の職員とのコミュニケーションや連携も重要です。必要な資格として、保育士資格が求められ、国家試験を通じて取得します。,32,19:30,85,2,31,15,45,550,4.5,教育・学習支援業
471,体育教師,1878,日本では、1878年に体操伝習所が設立されました。これは、小学校および師範学校で体操を指導する教員を養成することを目的としており、現代の体育教師という専門職の始まりと見なされています。これにより、体系的な体育教育を行う専門の教師が学校に配置される道が開かれました。,,1,,"コミュニケーションスキル,体育の知識と技術,指導と教育技術","true,true,true","教員免許（体育）,スポーツ指導者資格","true,false","スポーツクラブ ルネサンス,ティップネス,コナミスポーツ","継続力,コミュニケーション能力,運動能力,指導力,忍耐力","false,true,true,true,false","最新技術への関心,体育と運動の指導への情熱","false,true",体育教師は、学校で生徒に対して身体を使った運動やスポーツ技術の指導を行います。健康的なライフスタイルの促進やチームワークの重要性を教える役割も担っています。教育計画の作成、授業の実施、安全な環境の提供などが主な業務です。,38,19:00,85.5,2,31.5,12.3,45.8,550,8.2,教育・学習支援業
472,音楽療法士,1944,音楽療法士という専門職の始まりは、アメリカのミシガン州立大学が1944年に世界で初めて音楽療法学の学位プログラムを開設したことにより、学術的かつ専門職として正式に認知されたことに由来します。これにより、音楽を用いた治療を行う専門家を養成する教育体制が整いました。,,1,日本,"音楽理論,クライアント評価スキル,コミュニケーションスキル,楽器演奏技術,心理学の知識","true,true,true,false,false","音楽療法士認定資格,心理カウンセラー資格","true,false","日本音楽療法学会,日本音楽療法センター","音楽の理解と技能,論理的思考力,継続力,コミュニケーション能力","true,false,true,true","最新技術への関心,音楽への関心,心理学の知識への関心","false,true,true",音楽療法士は、音楽を使用して患者の心身の健康を改善する専門職です。さまざまな音楽活動を通じて、心理的、感情的、身体的、社会的な治療を行い、患者の生活の質を向上させます。患者のニーズに応じた個別のセッションを提供し、リハビリテーションやストレス管理、認知機能の改善などをサポートする役割です。教育機関や医療施設、福祉施設などで活動しています。,32,19:30,85,2,31,15,45,550,4.5,医療・福祉・介護業
473,アウトドアインストラクター,1786,アウトドアインストラクターの役割は、18世紀後半にアルプスで登山がレクリエーション活動として確立され始めた時期に、プロの山岳ガイドの出現と共にその起源を見出せます。特に、1786年のモンブラン初登頂とその後のホーレス＝ベネディクト・ド・ソシュールの遠征（1787年）では、クライアントを危険な自然環境で安全に導き、必要なスキルを教え、体験を豊かにする専門的な役割が明確に存在していました。この山岳ガイドの機能が、現代のアウトドアインストラクターの原型となりました。,,1,,"コミュニケーションスキル,ファーストエイド,野外リーダーシップ,サバイバルスキル,ツアーガイド技能","true,true,true,false,false","ウィルダネス・ファーストエイド,アウトドアリーダー資格","true,false","モンベル,スノーピーク,パタゴニア日本支社","論理的思考力,継続力,コミュニケーション能力,自然環境への理解,応急処置の知識","false,true,true,true,true","アウトドア活動への情熱,最新技術への関心,データ分析","true,false,false",アウトドアインストラクターは、自然環境の中でアウトドア活動を指導する職業です。キャンプ、ハイキング、クライミング、カヤックなどのアクティビティで参加者を安全に導き、体験をより豊かにします。また、環境保護や自然の理解を促進する役割も担っており、参加者に対してアウトドアにおけるノウハウやスキルを教えることが求められます。指導には専門的な調整能力とコミュニケーションスキルが必要です。,32,19:30,85,2,31,15,45,550,4.5,スポーツ・レジャー・イベント業
474,社会福祉士,1987,社会福祉士は、1987年に制定された「社会福祉士及び介護福祉士法」により、その資格が法的に位置づけられ、専門職として確立されました。,,1,日本,"コミュニケーションスキル,法律知識,ケアプラン作成能力,相談スキル,ストレス管理能力","true,true,true,false,false",社会福祉士資格,TRUE,"日本社会福祉法人協会,社会福祉法人全国社会福祉協議会,日本社会事業大学","論理的思考力,コミュニケーション能力,共感力,継続力,問題解決能力,倫理的思考","true,true,true,false,true,true","データ分析,コミュニケーションへの関心,人々を助ける意欲","false,true,true",社会福祉士は、福祉に関する専門的な知識と技術を有し、相談援助を行う専門職です。社会、福祉に関する制度やサービスを活用して、生活困難な状況にある人々やその家族を支援します。具体的には、障害者、高齢者、低所得者、児童家庭などに対して、福祉相談や生活支援、各種権利擁護などの業務を行います。福祉事務所、医療施設、介護施設、教育施設など、さまざまな場面で活躍することができます。,36.4,18:48,33.6,2,30.6,10.5,46.5,450,7.1,医療・福祉・介護業
475,看護師,1860,近代看護学の基礎を築いたフローレンス・ナイチンゲールが、1860年にロンドンのセント・トーマス病院にナイチンゲール看護学校を設立し、体系的な看護教育を開始したことが、看護師を専門職として確立する大きな転機となりました。これにより、経験や慈善活動としての看護から、科学的根拠に基づいた専門的な職業へと発展しました。,,1,日本,"コミュニケーションスキル,医学の知識,患者ケアスキル,緊急対応能力,ストレス管理能力","true,true,true,false,false","看護師免許,保健師免許","true,false","日本赤十字社,聖路加国際病院,慶應義塾大学病院","継続力,共感力,コミュニケーション能力,細部への注意力,ストレス耐性,問題解決能力,時間管理能力","false,true,true,true,false,false,true","人々の健康と福祉への関心,チームワーク,最新技術への関心,緊急時の対応能力","true,true,false,true",看護師は、医療機関や福祉施設などで患者の健康管理やケアを行う医療専門職です。患者の状態を観察し、医師の指示に基づいて治療を補助したり、怪我や病気の予防、健康促進を支援します。また、患者やその家族に対する精神的なサポートも提供します。夜勤や不規則勤務がある場合もありますが、やりがいのある職業です。,40.8,17:30,7.6,1.8,30,10,84.8,529,13.2,医療・福祉・介護業
476,医師,-1754,紀元前1754年頃に制定されたハンムラビ法典には、医師の報酬や医療過誤に関する条文が含まれており、この時代にはすでに専門職としての医師が社会的に認識され、その行為が法的に規制されていたことを示しています。これは、医師という職業が明確に確立されていた最古の証拠の一つと考えられます。,,1,日本,"コミュニケーションスキル,医療知識,診断能力,外科手技,ストレス管理能力","true,true,true,false,false","医師免許,医学部卒業証書","true,true","杏林大学,聖路加国際病院,順天堂大学医学部附属病院,東京大学医学部附属病院","論理的思考力,継続力,共感力,医学的知識,忍耐力,コミュニケーション能力","true,true,false,true,false,false","最新技術への関心,患者への共感,データ分析,倫理への関心","true,true,false,true",医師は患者の診察、診断、治療を行う専門職です。医師は、内科、外科、精神科などさまざまな専門分野があり、それぞれに応じた専門的な知識と技能が求められます。病院やクリニックで働くほか、研究や教育を行う医師もいます。また、健康相談や予防医学に貢献する役割も果たします。医師は、医学部を卒業し国家試験に合格することが求められ、継続的な教育と免許更新が必要です。,47.5,19:30,70,1.5,31,20,45,1400,15,医療・福祉・介護業
477,葬祭ディレクター,1985,1980年代には、日本の社会構造の変化（核家族化、都市化など）により、葬儀が伝統的なコミュニティや家族の協力から、専門の業者に委ねられる傾向が強まりました。この時期に、葬儀の計画から運営、遺族への相談までを一貫して行う「葬祭ディレクター」という包括的な専門職の役割が確立していきました。その専門性は1990年代にさらに認識され、1999年には「葬祭ディレクター技能審査」が開始されるに至りました。,,1,日本,"コミュニケーションスキル,遺族への配慮と支援,葬儀・儀式の知識,ストレス管理能力,組織力と多タスク処理能力","true,true,true,false,false","葬祭ディレクター資格,基本情報技術者試験","false,false","株式会社日本セレモニー,株式会社ティア","コミュニケーション能力,論理的思考力,手際の良さ,継続力","true,true,true,false","遺族への配慮,儀式の理解","true,true",葬祭ディレクターは、葬儀やお葬式の全体的なコーディネートや運営を担当する専門職です。遺族の方々に寄り添い、故人の意向や宗教的な習慣を尊重しながら、葬儀が円滑に行われるようサポートします。具体的な業務には、葬儀の計画、会場の手配、式の進行、参列者への案内、遺族への相談対応などがあります。また、地域や文化、宗教によって異なる葬儀スタイルに合わせたサービスを提供することも重要です。葬祭ディレクターは、細やかな気配りや心配り、冷静な判断力が求められる職種です。,46.1,18:33,76.6,1.8,31.2,16.5,47.2,450,10.3,医療・福祉・介護業
478,コピーライター,1870,コピーライターという職業が明確に専門化され始めたのは、19世紀後半に広告業界が発展し、ジョン・E・パワーズのような専業の広告文作成者が登場した時期です。彼は1870年頃からロード・アンド・テイラー百貨店などで働き、現代の広告コピーライティングの先駆者として知られています。,,1,日本,"コミュニケーションスキル,クリエイティビティ,文学的センス,マーケティング知識","true,true,false,false",コピーライター検定,FALSE,"電通,博報堂,ADK","創造力,論理的思考力,文章力,継続力,マーケティング知識","true,true,true,false,false","最新技術への関心,クリエイティブな文章作成への関心","false,true",コピーライターは、広告やマーケティング活動において、商品の特性やブランドのメッセージを効果的に伝えるために、魅力的で説得力のある文章を作成する専門家です。彼らは企業のマーケティング戦略に基づき、キャッチコピー、商品説明、キャンペーンのスローガンなどを考案します。また、ターゲットオーディエンスの心理を理解し、その購買意欲を引き出すための言葉を選びます。クリエイティブな発想とマーケティングの知識が求められます。,39,19:30,85,2,31,15,45,550,4.5,広告・出版・マスコミ・エンタメ業
479,特別支援学校教諭,1947,1947年の学校教育法により、盲学校、聾学校に加えて「養護学校」が法的に位置づけられ、身体的・知的障害のある児童生徒への教育が国として制度化されました。これにより、多様な障害を持つ児童生徒に対し、個別に応じた支援や指導を行う教員の専門職としての役割が確立し、現代の特別支援学校教諭の職務の基礎が築かれました。,,1,日本,"コミュニケーションスキル,特別支援教育の知識,障害理解,個別指導スキル,Python,SQL","true,true,true,true,false,false","特別支援学校教諭免許状,養護教諭免許状","true,false","公立の特別支援学校,私立の特別支援学校","教育に関する専門的知識,継続力,コミュニケーション能力,忍耐強さ","true,true,true,true","最新技術への関心,教育への関心","false,true",特別支援学校教諭は、身体的、精神的、知的または発達に障害のある児童生徒に対して、個別の教育の支援や指導を行います。具体的には、個々のニーズに応じたカリキュラムの作成、個別指導、学習計画の策定、社会適応や生活技能の習得を促す活動を実施します。また、保護者との連携や、他の専門職との協働も重要な役割です。児童生徒の成長を促し、社会での自立を支援することが求められます。,32,19:30,85,2,31,15,45,550,4.5,教育・学習支援業
480,消防士,6,古代ローマの皇帝アウグストゥスが紀元6年に創設した「ウィギレス（Vigiles）」が、組織化された消防隊の起源とされています。彼らは火災の消火だけでなく、夜間の警邏や治安維持も担っていました。,,1,日本,"コミュニケーションスキル,体力,危険認識と対応能力,救命救急の知識と技術,ストレス耐性,チームワーク","true,true,true,true,false,false","消防設備士資格,救急救命士資格,消防士採用試験合格","false,false,true","東京消防庁,大阪市消防局,名古屋市消防局","継続力,体力,危機管理能力,チームワーク,ストレス耐性","true,true,true,false,false","体力を維持することへの興味,緊急事態対応への興味,チームワークへの興味,コミュニティサービスへの興味","true,true,true,false",消防士は、火災の消火や災害に対する救助活動を行う職業です。日常的には訓練や設備の点検整備を行い、いざという時に迅速に対応できるよう準備を整えています。また、救急搬送の支援や地域の防火指導といった、コミュニティの安全を守るための活動も行います。,42.8,17:30,97,2,31.1,75,85,550,10,防衛・警察・消防
481,はり師・きゅう師,200,紀元前2世紀頃（約200 BCE）に中国で体系化された東洋医学の古典『黄帝内経（こうていだいけい）』に、鍼（はり）や灸（きゅう）の治療法が詳細に記述されており、この時期に専門職としての原型が確立されたと考えられます。また、紀元前2世紀に遡る金属製の鍼が発見された最古の考古学的証拠も存在します。,,1,日本,"人体解剖学,生理学,東洋医学の知識,はり・きゅう技術,顧客カウンセリング能力,コミュニケーションスキル","true,true,true,true,false,false","はり師,きゅう師","true,true","本治療院グループ,ツムラ治療院ネットワーク,はり灸治療院グループ","継続力,論理的思考力,手先の器用さ,人への共感能力","true,false,true,false","最新技術への関心,伝統医療への興味","false,true",はり師（鍼師）とは、鍼を用いて人体の特定の部位を刺激することで、病気の治療や健康の改善を図る職業です。はり治療は東洋医学に基づき、経絡というエネルギーの通り道を整えることを目的としています。 きゅう師とは、灸（きゅう）と呼ばれる道具を用いて皮膚に熱刺激を与え、病気の治療や健康の促進を行う職業です。きゅうは、特に東洋医学で使われる伝統的な療法で、身体の自然治癒力を高めることを目的とします。,50.6,18:48,54.6,1.3,31.7,13.5,48.7,431,14.6,医療・福祉・介護業
482,臨床検査技師,1957,日本では、1957年に「臨床検査技師等に関する法律」が制定され、臨床検査技師が国家資格を有する専門職として法的に確立されました。これにより、職務内容、資格要件、養成制度が明確に定められ、近代的な臨床検査技師の専門職としての存在が始まりました。,,1,日本,"医学的知識,臨床検査技術,コミュニケーションスキル,機器の操作能力,注意力と正確さ","true,true,false,true,true",臨床検査技師免許,TRUE,"シスメックス,日立製作所 健康推進センタ","知識の正確性,論理的思考力,細部への注意力,コミュニケーション力,継続力","true,true,true,false,false","データ分析,病理学と医学への関心,精密さと正確さへのこだわり","false,true,true",臨床検査技師は、病院や診療所で患者の血液、尿、その他のサンプルを分析する専門職です。彼らは、診断や治療のために必要なデータを提供することを目的とし、検査機器を操作し、結果を記録および報告します。医師の指示に基づいて行われるこれらの検査は、患者の健康状態を評価するために重要です。また、品質管理や結果の精度を保つためのプロセスも担当します。通常、臨床検査技師は国家資格を取得し、医療機関に勤務します。,32,17:30,40.5,2,31,12.5,45,550,4.5,医療・福祉・介護業
483,獣医師,1754,古代バビロニアのハンムラビ法典（紀元前1754年頃）には、「牛やロバの医者」に関する記述があり、その治療に対する報酬が定められていました。これは、動物の医療を専門とする職務が社会的に明確に認識され、存在していたことを示す最も古い記録の一つです。,,1,日本,"コミュニケーションスキル,動物解剖学,獣医療診断,動物行動学,動物病理学","true,true,true,false,false",獣医師国家試験,TRUE,"日本動物医療センター,アニコム損害保険","動物への愛情,論理的思考力,継続力,コミュニケーション能力,動物生理学の知識","true,true,false,true,true","動物への愛情,最新技術への関心,動物の健康及び医学への興味,コミュニケーションスキル","true,false,true,true",獣医師は、動物の健康維持や病気の診断・治療を行う専門職です。彼らは動物の医療を担当し、また飼い主に適切なケア方法を指導することも多いです。病院やクリニックで働く以外に、動物園、水族館、研究機関、食品関連企業などで活躍することもあります。獣医学の博士号を取得し、国家試験に合格することで資格を得ることができます。,32,19:30,85,2,31,15,45,550,4.5,医療・福祉・介護業
484,国際公務員,1920,第一次世界大戦後の1920年に設立された国際連盟は、国家の指示に左右されない独立した国際事務局を設置し、現代の国際公務員制度の原型を確立しました。これにより、多様な国籍の職員が国際的な課題に取り組む専門職としての国際公務員が誕生しました。,,1,,"コミュニケーションスキル,外国語能力,SQL","true,true,false","国連職員試験,英語能力試験（TOEFLやIELTS）","true,false","国際連合,世界銀行,国際通貨基金（IMF）,国際労働機関（ILO）","論理的思考力,多文化適応能力,外交交渉力,継続力,コミュニケーション能力","true,true,true,true,false","最新技術への関心,国際協力や外交への関心,多文化理解への興味","false,true,true",国際公務員は、国際機関や地域機関において、世界的な課題に対処するために働く職業です。主に国連、世界銀行、国際通貨基金、世界保健機関などの国際的な組織で勤務します。彼らは通常、多文化の環境で、多言語を使用し、国際的な協力を促進する役割を果たします。業務内容は政策立案、プロジェクト管理、調査研究、行政管理など多岐にわたり、各国と協力してグローバルな問題解決を目指します。,37.8,19:00,65,2,33,20,50,700,7.5,官公庁・行政・自治体
485,裁判所事務官,1947,裁判所事務官は、日本国憲法と同時に施行された「裁判所法」（昭和22年法律第59号）によってその職務と身分が明確に定められ、近代的な裁判制度の一翼を担う形で制度化されました。この法律により、現在の裁判所運営を支える事務官の職務が確立されました。,,1,日本,"法律の知識,法律文書作成能力,コミュニケーションスキル,SQL,Python","true,true,true,false,false","国家公務員採用総合職試験又は一般職試験,地方公務員採用試験（司法機関職）","true,false","最高裁判所,東京地裁","論理的思考力,コミュニケーション能力,継続力,法的知識","true,true,false,true","法律への関心,データ分析","true,false",裁判所事務官は、裁判所において裁判の記録管理やスケジュールの調整、事件のデータ入力、裁判所の会計業務など、裁判所運営に関する事務的な業務を担当する職業です。法律に関する深い知識を持つ必要はないが、正確で迅速な事務処理能力が求められます。また、裁判官や弁護士、一般の人々と円滑なコミュニケーションを取る能力も重要です。,32,19:30,85,2,31,15,45,550,4.5,官公庁・行政・自治体
486,入国審査官,1891,米国で1891年に制定された移民法（Immigration Act of 1891）により、連邦政府による移民管理体制が確立され、「移民審査官（inspectors of immigration）」の職務が正式に創設されたため。,,1,日本,"コミュニケーションスキル,外国語能力,法律知識","true,true,true","通関士,英語検定（TOEIC等）","false,false","成田国際空港,関西国際空港,法務省 入国管理局","論理的思考力,継続力,コミュニケーション能力,注意力,多文化理解","true,false,true,true,false","データ分析,法と規制への関心,文化的理解への興味","false,true,false",入国審査官は、国の出入国管理を担当する職員です。旅行者や移住者のパスポートやビザを確認し、入国の適否を判断します。安全保障や法律に基づき、危険人物や不正行為を阻止するために重要な役割を担っています。通常、空港や港で勤務し、国境の安全を保つための最前線で働いています。良好な判断力、法律知識、コミュニケーション能力が必要です。,43,18:30,70,2,34,5.5,35,600,10.5,官公庁・行政・自治体
487,職業訓練指導員,1958,職業訓練指導員の制度は、1958年（昭和33年）に制定された「職業訓練法」によって確立されました。この法律により、職業訓練の体系化と、それを担う専門家としての「職業訓練指導員」の資格制度が設けられました。この法律は後に「職業能力開発促進法」に改称され、現在の職業訓練指導員の役割と資格制度の基礎となっています。,,1,日本,"コミュニケーションスキル,指導技術,職業訓練の知識,人材育成","true,true,true,false","職業訓練指導員免許,基本情報技術者試験","true,false","トヨタ自動車,日産自動車,三菱自動車,スズキ株式会社,日立製作所","論理的思考力,継続力,コミュニケーション能力,指導力,忍耐力","true,false,true,true,false","最新技術への関心,教育への関心,データ分析","true,true,false",職業訓練指導員は、職業訓練施設や企業で働く人々に対し、職業に必要な知識や技術を教える専門家です。彼らはカリキュラムの開発、教育プログラムの実施、および学習者の評価を行います。また、新しい技術や業界のトレンドに関する情報をアップデートし、それに基づいた指導を行います。職業ごとの要求に合わせた訓練を提供し、社会や企業のニーズに応じた実践的なスキルアップを支援します。,47.3,17:48,76.1,2,31.3,12.8,59.1,465,9.7,教育・学習支援業
488,レンジャー（自然保護官,1872,1872年に世界初の国立公園であるイエローストーン国立公園が設立され、その管理と保護のために初代長官（Superintendent）が任命されました。この長官は、公園の自然環境を管理・保護し、密猟防止などの役割を担っており、現在のレンジャー（自然保護官）の職務の基礎を築いたとされています。正式な「パークレンジャー」という名称が使われ始めたのは後年のことですが、その職務内容は1872年から存在していました。,,1,日本,"コミュニケーションスキル,自然環境の知識,問題解決能力,応急手当の知識,キャンプ技術","true,true,true,false,false","自然保護官資格,基本情報技術者試験","true,false","国立公園・自然保護区の管理団体,環境調査研究機関","論理的思考力,継続力,環境知識,コミュニケーション能力,体力,問題解決能力","true,false,true,false,true,true","自然環境への興味,野生動物への興味,アウトドア活動への興味","true,true,false",レンジャー（自然保護官）は、自然保護区や国立公園、自然公園などの自然環境を管理・保護する職業です。彼らは動植物の生息地の保護、密猟防止、自然環境の維持、保全活動を行います。また、訪問者に対してのガイドや教育活動も行い、自然の重要性と保護の必要性を啓発します。時には、科学的な調査やデータ収集も行い、環境の変化をモニタリングします。,39.7,17:50,80.7,2,33.1,25,55,550,10,環境・リサイクル・サステナビリティ関連業
489,麻薬取締官,1947,麻薬取締官は、1947年（昭和22年）に制定された麻薬取締法（昭和22年法律第123号）に基づき、厚生省（現在の厚生労働省）に麻薬取締部が設置されたことにより、専門職としてその存在が始まりました。この法律の施行とともに、薬物乱用対策のための専門的な取締業務を行う官職として創設されました。,,1,日本,"コミュニケーションスキル,薬物に関する法律知識,調査分析能力,身体的・精神的なタフさ,危機管理能力,探偵技術","true,true,true,true,false,false","麻薬取締官免許,医師免許","true,false","警察庁,厚生労働省 麻薬取締部,国家公安委員会","論理的思考力,犯罪捜査能力,コミュニケーション能力,警戒心,継続力","true,true,true,true,false","データ分析,法執行への関心,倫理的判断と誠実さ,犯罪との対峙に伴うリスク管理,捜査技術の向上に対する興味","false,true,true,true,false",麻薬取締官は、法律に基づき、麻薬や他の違法薬物の流通や使用を防止するための業務を行います。捜査、逮捕、証拠収集など、麻薬関連犯罪の取り締まりを主とし、他の法執行機関と協力して危険薬物の撲滅を図ります。また、薬物の乱用防止の啓発活動も行うことがあります。,39.8,19:18,95.5,2,31.2,10.7,45.3,620,7.1,防衛・警察・消防
490,国会議員政策担当秘書,1994,国会議員の政策担当秘書は、1994年に制定された「国会議員の秘書の給与等に関する法律の一部を改正する法律」（平成6年法律第7号）によって制度化されました。この法律により、従来の公設秘書制度に加えて、専門的な政策立案・調査能力を持つ政策担当秘書が導入されました。,,1,日本,"コミュニケーションスキル,政策分析能力,政治知識,危機管理能力,法令理解,交渉力","true,true,true,false,true,false",国会議員政策担当秘書資格試験,TRUE,"自由民主党,立憲民主党,公明党,日本共産党,日本維新の会,国民民主党","論理的思考力,政治的センス,コミュニケーション能力,継続力,問題解決能力","true,true,true,false,false","政治への興味,データ分析,法律知識への興味,政党の哲学および政策への興味,最新技術への関心","true,false,true,true,false",国会議員政策担当秘書は、日本の立法機関である国会において、国会議員の政策立案や行政に関する業務を補佐する役割を持つ職種です。具体的には、議会での議論や法案作成の資料作成、政策提言の準備、関係者との調整、議員の日程管理、そして選挙活動のサポートなど、多岐にわたる任務を担います。政策に関する知識と調査能力が求められ、国会議員との密接なコミュニケーションが必須です。,48.7,19:18,89.9,1.8,36.5,20.5,66.7,980,7.2,官公庁・行政・自治体
491,美術教師,1853,1853年にイギリスで設立された科学芸術局（Science and Art Department）が、産業革命後のデザイン能力向上を目的として、全国の学校に美術教育を導入し、専門の美術教師の育成と配置を推進しました。これが、現代の教育システムにおける美術教師という職業が体系的に確立された大きな転換点とされています。,,1,日本,"コミュニケーションスキル,Artistic Skills,Curriculum Development,Classroom Management,Art History Knowledge","true,true,false,false,false",教員免許状（美術）,TRUE,"武蔵野美術大学附属小学校,多摩美術大学付属芸術アカデミー","継続力,教育スキル,芸術的センス,コミュニケーション能力,クリエイティブな思考","true,true,true,true,false","最新技術への関心,教育への情熱","false,true",美術教師は、学校や教育機関で学生に対して美術の知識や技術を教える専門家です。絵画、彫刻、デザインなどの多様な美術分野を通して、学生の表現力や創造力を育てます。授業計画の作成、教材の準備、生徒の指導・評価も職務の一部であり、芸術文化の理解を深める手助けをします。,42.5,18:30,60,2,31.2,8.5,45,550,7.2,教育・学習支援業
492,政治家,594,古代ギリシャのアテナイで、ソロンによる改革（紀元前594年頃）により、市民が公的な立場から政策の策定や立法に関わる機会が設けられました。この改革は、現代の「政治家」の役割に通じる、市民の代表者や公職者が国家運営に携わる職業が誕生した重要な契機とされています。現代の「政治」という言葉の語源も、ギリシャ語の「ポリス（都市国家）」に由来しており、この時代にその概念が形成され始めたことが示唆されます。,,1,,"コミュニケーションスキル,政策立案力,交渉力,リーダーシップ,法的知識,政治哲学の理解","true,true,true,true,false,false","政治学士,コミュニケーションスキル研修","false,false","日本維新の会,自由民主党,公明党,立憲民主党,国民民主党","論理的思考力,コミュニケーション能力,リーダーシップ,対人スキル,継続力,問題解決力","false,true,true,false,false,true","政治への情熱と関心,最新技術への関心,公共政策への興味,社会問題への関心,選挙と市民参加に対する関心","true,false,true,true,false",政治家は、公的な立場から国や地域社会の政策を策定、決定し、実行する役割を担う職業です。立法府や行政府の一員として法律の制定や行政運営に関わることが一般的です。また、選挙を通じて選出されることが多く、国民や住民の声を政治に反映することが求められます。,,18:00,,,,,,2354,11.3,官公庁・行政・自治体
493,裁判官,-366,紀元前367年、古代ローマにおいて執政官（コンスル）の司法職務を軽減するため「プラエトル（法務官）」の職が創設されました。プラエトルは法の適用と司法手続きを監督する専門の公職であり、これにより、現代の裁判官の役割につながる、法に基づき紛争を解決する専門職の体系的な基盤が築かれ始めました。,,1,日本,"コミュニケーションスキル,法律の知識,分析能力,客観的判断力,倫理観","true,true,true,true,true",司法試験合格,TRUE,"Microsoft,Microsoft,Microsoft","論理的思考力,分析力,公正さ,法的知識,継続力,コミュニケーション能力","true,true,true,true,false,false","法学への強い関心,データ分析","true,false",裁判官は、司法制度の中での重要な役割を果たす職業であり、法廷において法律を適用し、案件を公平かつ公正に解決する役割を担っています。裁判官は、民事事件や刑事事件、行政事件を含むさまざまな法的紛争に関する判決を下し、法の支配と正義の実現に寄与します。,47.1,19:34,87.4,1.8,34.6,24.2,51.5,1273,15.8,官公庁・行政・自治体
494,林業技士,1881,日本初の林業専門教育機関である東京山林学校が設立され、近代的な林業管理と技術を専門的に学ぶ人材の育成が始まったため。これにより、持続可能な森林管理や森林環境の保全といった林業技士の職務を体系的に担う専門家が誕生する基盤が確立されました。,,1,日本,"コミュニケーションスキル,チェーンソー操作,安全作業知識,機器メンテナンス","true,true,true,false","森林管理士,チェーンソー取扱作業者講習修了,林業技士","false,false,true","日本製紙,王子ホールディングス,住友林業","継続力,身体的強靭さ,自然環境への理解,安全管理能力,チームワーク","true,true,true,true,false","森林や自然環境への興味,持続可能な森林管理への興味","true,false",林業技士は、森林の管理・保全、木材の伐採・搬出、森林環境の保全活動などを行う職業です。彼らは、持続可能な森林管理を実施するために、植生の管理、土壌の保護、炭素の貯蔵、森林の病害虫対策などを行います。また、林業技士は地域社会と協力し、エコツーリズムや森林に関連する教育プログラムの運営にも関与することがあります。,44.5,17:42,94.1,1.7,31.3,23.4,47.1,519,14.3,農業・林業
495,刑務官,1790,1790年にアメリカ合衆国ペンシルベニア州に設立されたウォルナットストリート刑務所は、世界初の近代的な「懲罰監獄（Penitentiary）」とされており、単なる拘留施設ではなく、受刑者の更生と規律維持を目的とした監獄の概念を確立しました。この新しい刑務所制度の導入に伴い、受刑者の管理、監督、規律の維持、そして更生を支援するための専門的な役割を担う職員が組織的に配置されるようになり、これが現代の刑務官という職業の始まりと考えられます。,,1,日本,"コミュニケーションスキル,監視能力,危機管理能力,倫理的判断力","true,true,true,true",法務省が定める刑務官採用試験合格,TRUE,法務省,"論理的思考力,コミュニケーション能力,ストレス耐性","true,true,false","最新技術への関心,法と倫理への関心","false,true",刑務官は、刑務所や拘置所などの矯正施設で働く職員であり、受刑者の管理や監督を行う。主な業務として、受刑者の日常生活の監視、施設内での安全確保、規律の維持、教育・更生プログラムの実施が含まれる。受刑者とのコミュニケーションを通じて更生をサポートすることも重要な役割である。勤務は交代制で、昼夜を問わず対応することが求められる場面も多い。,42.4,17:30,85.2,2,31.8,11.4,47.1,480,10.5,防衛・警察・消防
496,入国警備官,1951,入国警備官の職務の根幹をなす日本の出入国管理に関する法的枠組みが、「出入国管理令」（現在の出入国管理及び難民認定法）として1951年10月4日に公布され、同年11月1日に施行されました。これにより、不法滞在者や不法出入国者の取り締まりなど、入国警備官が行う専門的な業務が法的に確立され、この職種が誕生しました。,,1,日本,"コミュニケーションスキル,状況判断力,外国語スキル,身体的な健康とフィットネス,法律知識","true,true,false,true,true",入国警備官採用試験,TRUE,法務省入国管理局,"注意力,コミュニケーション能力,論理的思考力,ストレス耐性,継続力","true,true,true,true,false","最新技術への関心,法律と規制に対する理解","false,true",入国警備官は、日本の法務省に属し、主に出入国管理や国境警備に従事する職業です。主な業務には、不法滞在者の取り締まり、出入国審査、外国人の在留管理、難民の保護などがあります。入国管理局や空港、港湾などで働くことが一般的です。また、国内外で発生する様々な事案に対して迅速に対応することが求められます。,32,19:30,85,2,31,15,45,550,4.5,防衛・警察・消防
497,公害防止管理者,1971,公害防止管理者の制度は、高度経済成長期に深刻化した公害問題に対応するため、1971年に制定された「公害防止事業場公害防止組織整備法」に基づき創設されました。この法律により、特定の事業場において公害防止管理者の設置が義務付けられ、専門家としての職務が開始されました。,,1,日本,"コミュニケーションスキル,環境法規制の知識","false,true",公害防止管理者資格,TRUE,"荏原製作所,栗田工業,トヨタ自動車,日立造船","論理的思考力,環境法令の知識,規制遵守の意識,継続力,データ分析能力,コミュニケーション能力","true,true,true,false,false,false","データ分析,環境保護への関心,法規制の遵守,最新技術への関心","true,true,true,false",公害防止管理者は、企業や工場で発生する大気汚染、水質汚濁、騒音、振動などの公害を防止するための専門家です。この役職は、環境関連法規を遵守し、適切な公害対策を講じることで、周辺環境や住民の健康を守る役割を担います。具体的には、公害の原因となる施設や設備の監視・管理、データの収集・分析、公害防止に関する教育や指導を行います。また、行政との連携や報告業務も重要な業務の一部です。,47.2,17:48,90.2,2,33.6,10.7,62.5,598,9.8,環境・リサイクル・サステナビリティ関連業
498,中学校教諭,1947,第二次世界大戦後の学制改革により、学校教育法が施行され、6・3制の義務教育制度が確立されました。この改革により、それまでの旧制中学校とは異なる「中学校」が新設され、この「中学校」において教鞭を執る「中学校教諭」という専門職が明確に位置づけられました。したがって、現在の制度における中学校教諭は1947年から存在すると言えます。,,1,日本,"コミュニケーションスキル,教育法に関する知識,クラス運営能力,カリキュラム開発","true,true,true,false","中学校教諭免許状,基本情報技術者試験","true,false","東京学芸大学附属中学校,慶應義塾中等部,早稲田実業学校中等部","継続力,論理的思考力,コミュニケーション能力,問題解決能力,情熱と忍耐力,コラボレーションスキル,柔軟性","true,true,true,true,true,false,false","教育に対する情熱,子供への関心,データ分析,最新技術への関心","true,true,false,false",中学校教諭は、主に中学生を対象に学問の指導を行う教育専門職です。担当科目に基づき、カリキュラムを策定し、教室での授業を通じて生徒に知識を伝える役割を担います。また、生徒の学習の進捗を評価し、必要に応じて補習や個別指導を行います。さらに、クラブ活動や行事の指導、生活指導、生徒の悩み相談の受け付けなど、多岐にわたる業務を通じて生徒の成長を支援します。,42.7,19:30,65.1,1.5,31.2,11.3,44.6,654,11.5,教育・学習支援業
499,国税専門官,1957,国税専門官という職名と、その職に就くための専門の採用試験である「国税専門官採用試験」が始まったのが1957年（昭和32年）であるためです。これにより、現代の国税専門官という専門職が明確に確立されました。,,1,日本,"コミュニケーションスキル,SQL,税法の知識","true,true,true",税理士資格,FALSE,国税庁,"論理的思考力,継続力,法律知識,正確な計算能力,コミュニケーション能力","true,false,true,true,false","データ分析,税法の知識,法律への関心,最新技術への関心","true,true,false,false",国税専門官は、国の税金の適正な課税と徴収を担当する国家公務員です。税務調査を行って不正行為を防止し、法律に基づき正確な課税を実施することを目的としています。業務内容には、税務調査、申告内容の確認、税金の滞納に対する対応などが含まれます。高い法律知識と倫理観が求められる職業であり、日本全国で勤務する可能性があります。,,18:00,,,,,,600,5.2,官公庁・行政・自治体
500,国連スタッフ,1945,国際連合（UN）は1945年10月24日に設立されました。国連スタッフという職業は、この組織が活動を開始したのと同時に生まれました。国連憲章が発効し、組織が正式に発足したことで、その運営を担う職員が必要となったためです。,,1,,"コミュニケーションスキル,多言語能力,外交交渉能力,Python,SQL","true,true,true,false,false",国連職員採用試験（YPP）,FALSE,国際連合,"国際コミュニケーション能力,論理的思考力,継続力","true,false,true","国際関係への興味,多文化環境への関心,最新技術への関心,人道問題への興味","true,true,false,true",国連スタッフは、国際連合（UN）で働く職員を指します。彼らは、国際的な平和と安全の維持、人道的支援、開発促進、人権保護など、多岐にわたる目的を達成するために様々な役割を担います。国連は世界の異なる場所にオフィスを持っており、スタッフは様々な国籍の人々と共に多文化環境で働く機会があります。ポジションによって職務内容は異なり、行政、技術、専門職、フィールドワークなど多岐にわたるキャリアが存在します。国連スタッフになるためには、一般的に高い専門性や関連する分野の学位、豊富な職務経験、そして多言語能力が求められます。,,18:00,,,,,,550,4.5,官公庁・行政・自治体
501,環境アセスメント調査員,1969,環境アセスメント調査員という職業は、1969年にアメリカで制定された国家環境政策法（NEPA）によって、環境影響評価（EIA）が法的に義務付けられたことをきっかけに本格的に確立されました。NEPAは、連邦政府の主要な行動が環境に与える影響を評価するための環境影響声明（EIS）の作成を義務付け、これにより専門的な評価を行う人材の必要性が生まれました。,,1,,"データ分析,コミュニケーションスキル,環境法規制の理解,科学的研究の知識,GISソフトウェアの使用経験","true,true,true,false,false",環境アセスメント士,FALSE,"日本環境技研,エービーシー技術,トヨタ自動車","論理的思考力,データ分析能力,環境法に関する知識,継続力,コミュニケーション能力","true,true,true,false,false","データ分析,最新技術への関心,環境問題への高い関心","true,false,true",環境アセスメント調査員は、開発プロジェクトが環境に及ぼす影響を評価する専門家です。彼らは、通常、環境影響評価（EIA）を行い、様々な環境要因（空気、水、土壌、生物多様性など）を分析します。また、調査結果に基づいて改善策や緩和策を提案し、持続可能な開発をサポートする役割を果たします。,32,19:30,85,2,31,15,45,550,4.5,環境・リサイクル・サステナビリティ関連業
502,国家公務員Ⅱ種,1985,国家公務員II種試験は、1985年に国家公務員採用I種・II種・III種という試験区分が導入された際に設けられました。,2011年 (制度改正のため),0,日本,"コミュニケーションスキル,SQL,法律知識,政策分析能力,文章作成能力,Python","true,false,true,true,true,false",国家公務員採用試験（�U種）,TRUE,"内閣府,財務省,法務省,経済産業省,外務省","論理的思考力,継続力,行政に関する知識,コミュニケーション能力,問題解決能力","true,true,true,false,false","最新技術への関心,政策への関心,社会課題への関心,法令と制度への理解,公正であることの重要性の理解","false,true,true,false,false",国家公務員�U種は、多くの場合、中央政府の各省庁や地方出先機関での業務を担当します。一般的に、法律、経済、行政だけでなく、特定の技術分野に関する専門的な知識を活用し、政策の企画・立案、法律の運用、行政手続きの実施などが含まれます。国家の政策を支える中間的なポジションとして、制度運営や行政管理を担当します。,39.6,18:53,76.4,2,32,26.2,61.6,584,8.9,官公庁・行政・自治体
503,大使館スタッフ,1455,近代的な外交機関としての「大使館」が常設されるようになった時期に由来します。特に、1455年にイタリアのミラノ公国がジェノヴァ共和国に最初の常駐代表（大使）を派遣したことが、恒久的な外交使節団の始まりと広く認識されています。この常駐使節団の設置により、その業務を円滑に進めるための支援を行うスタッフが不可欠となり、大使館スタッフという職務が実質的に誕生しました。,,1,,"コミュニケーションスキル,異文化理解,外交交渉力,SQL,外国語能力","true,true,true,false,true","外国語の専門能力証明,外交官試験","false,true","在日アメリカ大使館,在日イギリス大使館,在日フランス大使館,在日ドイツ大使館,在日カナダ大使館","コミュニケーション能力,多言語能力,柔軟性,文化的理解,論理的思考力","true,true,false,true,false","最新技術への関心,異文化理解,外交に関心,言語学習","false,true,true,true",大使館スタッフは、外交機関である大使館に勤務し、日本と駐在国との外交関係をサポートする人々です。具体的な職務としては、ビザやパスポートの発行手続き、文化交流イベントの企画運営、安全情報の提供、書類作成や通訳、翻訳業務など多岐にわたります。国際的な環境で働くため、高いコミュニケーション能力や文化的な理解が求められます。この職業は外交官を補佐する役割も含まれ、国際関係の専門知識や語学力が非常に重要です。,42.5,18:30,60,2,31.5,10,70,700,8.2,官公庁・行政・自治体
504,外務公務員,1869,外務公務員という職業が定義する「国の外交関係を担当する公務員で、主に外務省に所属し、外交交渉、国際会議、海外での国益保護、邦人保護などを行う」職務は、明治政府が1869年（明治2年）に外務省を設立したことに始まります。これにより、それまでの非体系的な外交対応から、近代的な国家機関による専門的かつ継続的な外交活動が組織的に開始されました。外務省の設立は、日本の国際社会への本格的な参入と、それに伴う専門的な外交官の必要性から生まれたものです。,,1,日本,"コミュニケーションスキル,異文化理解,交渉力,政治経済知識","true,true,true,false","外交官試験,TOEFL/IELTS","true,false",外務省,"論理的思考力,継続力,コミュニケーション能力,国際情勢の理解","true,false,true,true","最新技術への関心,異文化理解,外交政策への関心","false,true,true",外務公務員は、国の外交関係を担当する公務員で、主に外務省に所属します。彼らの主な職務は、日本と他国との関係を円滑に保つための外交交渉、国際会議の準備と出席、海外での国益の守護、日本人の保護などを含みます。また、外国との情報交換、報告書の作成、言語を活用した通訳業務も行います。,39.1,19:30,71.4,2,32.8,26,53,714,10.7,官公庁・行政・自治体
505,社会保険労務士,1968,社会保険労務士法が制定された年であり、これにより社会保険労務士という専門職が法的に確立されました。,,1,日本,"コミュニケーションスキル,労働法,社会保険法,人事制度の理解,年金制度の知識,事務処理能力","true,true,true,false,false,true",社会保険労務士資格,TRUE,"社会保険労務士法人やたけ,ノーブル社労士法人,浜田社労士事務所","論理的思考力,継続力,法律知識,コミュニケーション能力","true,true,true,false","データ分析,最新技術への関心,労働法への関心,福祉制度に対する理解","false,false,true,true",社会保険労務士は、労働法や社会保険に関する専門家として、企業や個人事業主に対して法律の適用や労務管理、社会保険手続きの代行を行います。具体的には、就業規則の作成・変更、労働保険や社会保険の手続き、給与計算、人事制度の構築・改善に関するコンサルティングを行います。また、労働基準監督署や年金事務所との調整役としての役割も担い、労働環境の改善や法令遵守のために貢献します。,,18:00,,,,,,628,10.4,法律・会計・コンサルティング業
506,宅地建物取引士,1952,宅地建物取引士の前身である宅地建物取引主任者の制度は、宅地建物取引業法（現在の宅地建物取引業法）の制定に伴い1952年（昭和27年）に始まりました。この法律により、不動産取引における専門家の設置が義務付けられ、宅地建物取引主任者（現在の宅地建物取引士）という職種が法的に確立されました。,,1,日本,"コミュニケーションスキル,法律知識（不動産法）,契約書作成スキル,市場分析スキル","true,true,false,false",宅地建物取引士資格,TRUE,"住友不動産,三井不動産,三菱地所","論理的思考力,情報管理能力,コミュニケーション能力","true,true,true","法律知識と法律への関心,データ分析,コミュニケーション能力","true,false,true",宅地建物取引士（たくちたてものとりひきし）は、不動産取引に関する専門的な資格を有するプロフェッショナルです。この職業は、不動産の売買や賃貸の仲介、契約に関する重要事項の説明を行い、顧客が安心して不動産取引を進められるようサポートします。業務では法律知識や交渉力が求められるため、資格取得には宅地建物取引士試験に合格する必要があります。宅地建物取引士は不動産業界での信頼性と専門性を高める役割を担っています。,32,19:30,85,2,31,15,45,550,4.5,不動産業
507,サッシ工,1958,サッシ工は、主にアルミニウムやスチール製の窓枠やドア枠の製造・設置を行う専門職です。日本では、戦後にアルミニウムの工業生産が本格化し、1950年代後半からアルミニウムサッシの開発と普及が始まりました。特に1958年頃から住宅向けにも量産化が進み、従来の木製建具とは異なる専門的な製造・加工・設置技術が必要とされたため、この時期に「サッシ工」という専門職が確立し始めたと考えられます。,,1,,"コミュニケーションスキル,手先の器用さ,建築基準法の知識","true,true,true",建築施工管理技士,FALSE,"YKK AP株式会社,リクシル","継続力,手先の器用さ,論理的思考力,安全意識,顧客対応力","true,true,false,true,false","建設及び設計への関心,最新技術への関心","true,false",サッシ工とは、建物の窓枠やドア枠を製造、設置する専門職です。主にアルミニウムやスチールを使用したサッシ製品を取り扱い、正確な計測や切断、加工を行い、最終的に建築現場での取り付けも担当します。また、気密性や耐久性を考慮し、最適な製品を提供する必要があります。職場は工場内の作業場から施工現場まで多岐にわたり、手先の器用さや細部への注意力が求められる仕事です。,32,19:30,85,2,31,15,45,550,4.5,建設・土木業
508,ガーデンデザイナー,1750,"Lancelot ""Capability"" Brown (1716-1783) established his independent practice as a landscape designer in England in 1750. He is widely regarded as one of the first professional garden designers, transforming vast estates across the country and working directly with numerous clients to design and implement gardens and parklands according to their specific requests, incorporating both aesthetic and functional elements, thus establishing garden design as a distinct profession.",,1,,"コミュニケーションスキル,庭の設計に関する知識,植物知識,エコロジー理解","true,true,false,false","造園施工管理技士,園芸装飾技能士,ランドスケープアーキテクト","false,false,false","ハイノック（Hinok）」,庭あそび","論理的思考力,継続力,創造力,植物学の知識","false,true,true,true","植物と自然への愛,美的センスとデザインへの興味,最新技術への関心,環境の持続可能性への興味","true,true,false,false",ガーデンデザイナーは、庭園や公園、プライベートガーデンスペースなどの外部景観をデザインする職業です。顧客の要望や環境に合わせて、植物の選定や配置、造園におけるテーマの設定、さらには歩道や家具などのハードスケープの設計も行います。創造性と実用性を兼ね備え、エコロジカルな要素も考慮しながら、装飾的で機能的な庭園空間を創り出します。,38,18:45,70,2,32,12,50,550,6,建設・土木業
509,フードコーディネーター,1994,フードコーディネーターという職業が日本で明確に確立され、その活動が専門職として認知され始めた時期であり、日本フードコーディネーター協会（JFCA）が設立された年であるため。,,1,日本,"料理の知識,コミュニケーションスキル,食品安全の知識,食材の栄養知識,食品プレゼンテーション技術","true,true,true,false,false",フードコーディネーター資格,FALSE,"クックパッド,オイシックス・ラ・大地","継続力,創造力,コミュニケーション能力,論理的思考力,美的センス","false,true,true,false,false","料理や食材への興味,最新技術への関心","true,false",フードコーディネーターは、料理や食事に関するプロジェクトを企画し、料理の彩りや形、プレゼンテーションをデザインする専門職です。栄養価や味覚、見た目だけでなく、食のトレンドやマーケットニーズを考慮して、新しいメニューや食のスタイルを提案する役割を担います。レストランやカフェのメニュー開発、食品や飲料の商品開発、食品イベントの企画など、多岐に渡る分野で活動します。美的センスや企画力、コミュニケーション能力が求められる職業です。,,18:00,,,,,,400,5.5,飲食・フードサービス業
510,放射線取扱主任者,1957,放射線取扱主任者の制度は、1957年に制定された「放射線障害の防止に関する技術上の基準に関する法律」（通称：放射線障害防止法）によって導入されました。この法律により、放射線を取り扱う施設において放射線障害を防止するための責任者として、放射線取扱主任者の選任が義務付けられました。,,1,日本,"コミュニケーションスキル,放射線安全管理知識,放射線防護技術,法律および規制の理解","false,true,true,true",放射線取扱主任者資格,TRUE,"日本原子力研究開発機構,日本放射線安全管理協会,東京電力ホールディングス","論理的思考力,細心の注意力","true,true","最新技術への関心,放射線安全管理への関心","true,true",放射線取扱主任者は、放射線を扱う施設や機関において、放射線の安全管理や取扱に関する指導、助言を行う役割を果たします。主に、放射線業務従事者の安全の確保、放射線防護のための適切な措置の実施、関連法令の遵守を監督することが求められます。これには、放射線の測定、放射線の遮蔽の確認、施設内における放射線防護教育や訓練の実施も含まれます。,32,19:30,85,2,31,15,45,550,4.5,医療・福祉・介護業
511,スタイリスト,1930,「スタイリスト」という職業名がファッションや美容分野で、特定の目的のために服装やヘアスタイル、その他のアイテムを選び、コーディネートする専門家を指す言葉として一般的に使われ始めたのは1930年代からです。特にファッション雑誌や映画制作の文脈で、イメージを創造し、全体的な見た目を向上させる役割が明確化し、この用語が普及しました。これは『The Dictionary of Fashion History』などの文献でも言及されています。,,1,,"コミュニケーションスキル,ファッションセンス,最新トレンドの知識","true,true,false",ファッションスタイリスト資格認定試験,FALSE,"ケンシ゛ インターナショナル,ビューティーエクスペリエンス,ノアビューティー,エアリー,トゥルートラスト","論理的思考力,継続力,創造性,コミュニケーション能力","false,true,true,true","最新技術への関心,ファッションへの情熱","false,true",スタイリストは、ファッションや美容分野で活躍し、顧客の見た目や印象を向上させる仕事です。スタイリストには、ファッションスタイリストとヘアスタイリストなどがあり、それぞれが衣装選びやヘアスタイル作りを専門としています。彼らはトレンドを把握し、個別のニーズや要望に合わせたスタイリングを提供します。顧客の魅力を引き出し、望むイメージを具現化する役割を担います。,32,19:30,15,2,31,15,45,550,4.5,家事・個人サービス業（家政・美容・清掃など）
512,海女／海士,-10000,海女／海士の原型は、日本の縄文時代（紀元前1万年頃〜紀元前300年頃）にまで遡ると考えられています。各地で発見される貝塚（かいづか）などの遺跡から、当時の人々が海洋資源、特に貝類などを採取し、食料としていたことが明らかになっています。これらの活動には素潜りによる海中での採取が含まれていたとされており、これが海女／海士の職業の最も古い形態と考えられています。例えば、鳥羽市立海の博物館など、多くの史料が縄文時代を起源としています。,,1,日本,"水泳能力,息止め能力,海洋生物の知識,潜水技術,コミュニケーションスキル","true,true,false,true,false","海女/海士潜水訓練証,スキューバダイビングライセンス","false,true","しらす海女の漁協,南伊勢町漁協,南三陸町漁協","泳ぎの技術,耐寒性,継続力","true,true,false","海洋環境への関心,潜水技術への関心,自然との共生への関心","true,true,false",海女（あま）は、主に漁を行うために海に潜る女性たちのことを指し、海士（あま）は男性の海中漁師を指すこともある。彼らは長い歴史を持つ日本の伝統的な漁業者で、特に貝類や海藻、時には海産物を素潜りで採取します。海女は、通常、ウエットスーツを着用せず、または軽装で水中に潜り、特別な装備なしで呼吸を調整しつつ海中で作業を行うのが特徴です。彼らは、特に日本の伊勢志摩地方や三重県、能登半島などで活動しており、文化的・歴史的にも重要な存在です。海女／海士の仕事は、技術的なスキルと高い身体能力、海の知識が求められます。,63.1,17:00,2.8,1.5,27.5,5,70,200,35,漁業・水産業
513,酪農家,-7000,酪農家という職業は、紀元前7000年頃にアナトリア北西部で土器に残された脂質分析から牛乳の利用が確認された時期に遡ります。これは、人類が乳牛を飼育し、その乳を組織的に利用し始めた最も古い考古学的根拠であり、この頃から現代の酪農家につながる活動が始まったと考えられます。,,1,,"コミュニケーションスキル,畜産についての専門知識,動物の健康管理スキル,機械の操作と保守技能,基礎的な農業知識","false,true,true,true,true","農場管理アドバイザー認証,農薬管理指導士認証","false,false","雪印メグミルク,明治乳業,森永乳業","継続力,動物への愛情,体力,農業知識","true,true,true,false","最新技術への関心,動物への愛情","false,true",酪農家は牛乳を生産するために乳牛を飼育し、運営する農家の職業です。主に牛乳の生産・加工、乳牛の健康管理、餌やり、牧場の維持管理を行います。酪農家は農業技術と動物飼育のスキルが必要で、自然との触れ合いが多く、体力を使う仕事です。,56.1,18:00,94.1,0.5,29,20,64.5,630,25.6,農業・林業
514,家畜人工受精士,1922,家畜人工受精士という職業が組織的に存在し始めたのは、ロシアの生物学者イリヤ・イワノビッチ・イワノフが世界初の家畜人工授精ステーションを設立した1922年頃であると考えられます。この施設は家畜の人工授精を体系的に実施するために設けられ、これには専門的な知識と技術を持つ職員（家畜人工受精士）が不可欠でした。これにより、人工授精は研究段階から実用化され、専門職として確立されるきっかけとなりました。,,1,日本,"動物の生理学と解剖学の知識,精液採取および人工授精技術,コミュニケーションスキル,動物の健康と福祉の知識","true,true,true,false",家畜人工授精師,TRUE,"農研機構,日本酪農協会","動物生理学の知識,論理的思考力,継続力,細やかな観察力","true,false,false,true","動物の繁殖と生理学への関心,最新技術への関心,獣医学や動物行動学への関心,動物愛護と倫理への関心","true,false,true,false",家畜人工受精士は、主に牛や豚などの家畜の繁殖をサポートするために、人工受精技術を用いて受精を実施する専門職です。牛や豚の繁殖計画を立て、生産性向上のために最適な時期を判断し、適切な精液を選び交配を行います。この職業は、家畜の健康管理や生産性の向上に寄与し、畜産業において重要な役割を果たします。また、この仕事には生物学、家畜の病気についての知識が必要であり、正確で慎重な作業が求められます。,32,19:30,85,2,31,15,45,550,4.5,農業・林業
515,ピアノ講師,1753,ピアノ講師という職業の明確な起源を特定することは困難ですが、鍵盤楽器の教授法が体系化され始めた時期を考慮すると、ドイツの作曲家で鍵盤奏者であったカール・フィリップ・エマヌエル・バッハがその著書『真のクラヴィーア演奏法に関する試論』（Versuch über die wahre Art das Clavier zu spielen）の第一部を出版した1753年を一つの重要な節目と考えることができます。この著作は、ピアノを含む鍵盤楽器の演奏技術や音楽理論、教授法に関する包括的な内容を含んでおり、当時すでに多くの音楽家が鍵盤楽器（クラヴィーアは当時、チェンバロ、クラヴィコード、そして新興のピアノフォルテを含む総称でした）の指導を行っていたこと、そしてその指導が体系化されつつあったことを示唆しています。これにより、専門的な知識と技術を教える「ピアノ講師」という役割が、より明確な職業として認識され始めたと推測されます。,,1,,"コミュニケーションスキル,音楽理論,演奏技術,教育スキル,ピアノに関する知識","true,true,true,true,true","音楽教育の学士号,グレード試験（例：ヤマハ、カワイ）","false,false","ヤマハ音楽振興会,カワイ音楽教室,島村楽器","音楽理論の知識,コミュニケーション能力,継続力","true,true,false","最新技術への関心,音楽への情熱","false,true",ピアノ講師は、生徒に対してピアノ演奏の技術や音楽理論を教える職業です。個別またはグループレッスンを通じて、生徒が演奏スキルを向上させ、音楽に対する理解を深めることを目指します。専門的な音楽教育を受けている場合が多く、教える生徒のレベルに応じて指導方法を工夫します。音楽教室や自宅、オンラインなど多様な場所でレッスンを行うことが可能です。,42.5,18:45,15.3,2,31.2,5.5,42.1,350,10.5,教育・学習支援業
516,音楽教師,-500,古代ギリシャにおいて、キタラやアウロスなどの楽器を専門的に教える「キタリスト（kitharistes）」や「アウレタイ（auletai）」といった専門職の音楽教師が存在したことが、プラトンやアリストテレスなどの哲学者の著作によって紀元前5世紀頃から記録されています。彼らは、音楽を単なる娯楽としてではなく、教育課程の重要な一部として指導していました。,,1,日本,"コミュニケーションスキル,音楽理論知識,楽器演奏能力,指導力,生徒の動機付けスキル","true,true,true,true,false","音楽教師資格,教育職員免許状（教科：音楽）,ピアノまたはその他楽器のグレード試験合格証","true,true,false","ヤマハ株式会社,カワイ楽器製作所,ローランド株式会社","継続力,音楽理論の理解,楽器演奏の技術,コミュニケーションスキル,教育指導力,創造性","true,true,true,true,true,false","教育への情熱,音楽への深い興味","true,true",音楽教師は、学校や個別指導などの教育機関で音楽を教える専門職です。彼らは、学生に楽器の演奏、音楽理論、声楽、作曲などを指導し、音楽に対する興味と理解を育む役割を果たします。音楽プログラムの企画やコンサートの指導、イベントの運営なども行うことがあります。,42.5,18:30,20.3,1.7,30.2,10.5,55.1,480,8.2,教育・学習支援業
517,専門学校教員,1976,専門学校教員という職業は、学校教育法の改正により「専修学校」制度が創設された1976年に、現在の形式で公式に確立されました。専修学校は、専門的な技能や知識を教えることを目的とし、その専門課程が「専門学校」として一般的に認識されています。この制度の確立に伴い、専修学校で教育を行う専門教員が法的に定義され、その専門性が明確になりました。,,1,日本,"コミュニケーションスキル,Python,SQL,教育技術,専門知識","true,false,false,true,true",教員免許,TRUE,"HAL専門学校,専門学校東京デザイナー学院,大原学園,辻調理師専門学校,日本工学院専門学校","論理的思考力,継続力,教育スキル,コミュニケーション能力","false,false,true,true","最新技術への関心,データ分析,教育への情熱,生徒とのコミュニケーション","false,false,true,true",専門学校教員は、専門学校において特定の専門分野に関する教育を行う職業です。一般的に、実践的な技能や知識を学生に伝えることで、彼らの即戦力となるスキルセットを育成します。また、カリキュラムの作成や教育内容の改善、学生指導や成績評価なども業務の一部に含まれます。教育方法は座学だけに限らず、実技やグループ活動、プロジェクトベースの学習など多岐にわたり、学生の成長をサポートします。,,18:00,,,,,,550,4.5,教育・学習支援業
518,ファンドマネジャー,1868,ファンドマネジャーの職業の起源は、現代的な投資信託（Investment Trust）の登場に遡ることができます。1868年にロンドンで設立された「Foreign & Colonial Government Trust」は、世界で最も初期の投資信託の一つとされています。この信託は、多数の投資家から資金を集め、それを多様な政府債券に分散投資することでリスクを軽減し、中流階級の投資家にも大規模投資家と同じメリットを提供することを目的としていました。このような集団投資スキームの管理には、投資戦略の策定、資産の選定、ポートフォリオの構築と管理を行う専門家が必要であり、これが現代のファンドマネジャーの役割の始まりと見なされます。したがって、ファンドマネジャーという職業は、このような専門的な集団投資管理のニーズが生まれた1868年にその原型が確立されたと言えます。,,1,,"SQL,金融知識,コミュニケーションスキル,分析能力,リスク管理能力,資産運用戦略の立案能力,Python","false,true,true,true,true,true,false","CFA（Chartered Financial Analyst）,CMA（Certified Management Accountant）,AFP（Affiliated Financial Planner）","false,false,false","野村アセットマネジメント,大和アセットマネジメント,フィデリティ投信","論理的思考力,継続力,金融市場の知識,リスク管理能力","true,false,true,true","データ分析,最新技術への関心,経済と市場の動向への関心","true,false,true",ファンドマネジャーは、投資ファンドの管理を担当する職業です。投資戦略を立て、資産を選別し、投資ポートフォリオを構築・管理します。主な目的は、投資家に対して高いリターンを提供することです。市場動向や経済状況を分析し、リスク管理を行いつつ最適な投資判断を下す役割を担います。,38,19:00,80,2,32,20.5,50,1200,7.2,金融業・保険業
519,テラー,1694,顧客の現金の出し入れや口座関連の業務を行う「テラー」の職務そのものは、銀行の歴史とともに古くから存在しますが、近代的な商業銀行が確立され、多様な顧客サービス（口座開設、振込、預金、現金引き出しなど）を提供する専門職としての「テラー」が明確に位置づけられたのは17世紀以降です。特に、イングランド銀行が設立された1694年は、大規模な金融機関が組織的に運営され、テラーのような専門職が不可欠となった時代の象徴と見なされます。この時期に、「テラー（teller）」という言葉が銀行の現金出納係を指す用語として普及し始めました。,,1,,コミュニケーションスキル,TRUE,金融窓口サービス技能士,FALSE,"三菱UFJ銀行,みずほ銀行,三井住友銀行","論理的思考力,継続力,コミュニケーションスキル,ストーリーテリング能力,対人スキル","false,false,true,true,false","最新技術への関心,コミュニケーション能力,ストーリーテリング","false,true,true",テラーは、銀行や金融機関の窓口業務を担当する職業です。顧客の口座開設や振込、預金、現金引き出しなど、直接顧客と対面して行う業務が主な役割です。正確さや顧客対応能力が求められます。,32,19:30,85,2,31,15,45,550,4.5,金融業・保険業
520,ファイナンシャルプランナー,1969,ファイナンシャルプランナーという概念がアメリカで誕生したのは1969年です。この年、シカゴで個人資産管理に関する専門家たちが集まり、全米ファイナンシャルプランナー協会（National Association of Financial Planners）が設立されました。これがFPという職業が公的に認識され、体系化された始まりとされています。,,1,日本,"コミュニケーションスキル,フィナンシャルアナリシス,クライアントリレーションシップマネジメント,SQL,ファイナンシャルプランニング","true,true,false,false,true","ファイナンシャルプランナー資格,基本情報技術者試験","true,false","日本FP協会,リクルートホールディングス,トヨタ自動車","論理的思考力,コミュニケーション能力,金融知識,継続力","true,true,true,false","データ分析,リスク管理への興味,顧客サービス","true,false,true",ファイナンシャルプランナー（FP）は、個人や企業に対して資産管理、投資、保険、年金、税金などに関する総合的なアドバイスを行う専門職です。クライアントのライフスタイルや将来の目標に応じた資金計画を立て、適切な金融商品やサービスの提案を行います。FPは金融や経済、法律の知識が求められ、資格の取得が必要です。,43,18:30,70.5,1.5,31.8,10.2,45.3,610,8.2,金融業・保険業